questdesc:QUEST_DESC_GARTMANNI3_2015-02-11_12-48-10_00|a00213b5|#X64:/data/compiled/documents/w_info.hdr
questdesc:QUEST_DESC_GARTMANNI3_2015-04-22_08-26-32_00|639b7a9e|#X64:/data/compiled/documents/w_info.hdr
questdesc:QUEST_DESC_GARTMANNI3_2016-02-01_14-28-34_00|45541b5b|#X64:/data/compiled/documents/w_info.hdr
questdesc:QUEST_DESC_IKENI7_2015-02-20_13-25-15_00|9d0d9d49|#X64:/data/compiled/documents/w_info.hdr
questdesc:QUEST_DESC_IKENI7_2015-02-20_13-26-00_00|e9f303a4|#X64:/data/compiled/documents/w_info.hdr
questdesc:QUEST_DESC_IKENI7_2015-03-23_14-47-23_00|0df393d1|#X64:/data/compiled/documents/w_info.hdr
questdesc:QUEST_DESC_IKENI7_2015-03-23_14-55-15_00|602fef71|#X64:/data/compiled/documents/w_info.hdr
questdesc:QUEST_DESC_IKENI7_2015-06-10_12-39-48_00|aefa2096|#X64:/data/compiled/documents/w_info.hdr
questdesc:QUEST_DESC_IKENI7_2015-06-10_13-43-03_00|d11dfa29|#X64:/data/compiled/documents/w_info.hdr
questdesc:QUEST_DESC_IKENI7_2015-06-10_13-57-37_00|f1813d15|#X64:/data/compiled/documents/w_info.hdr
questdesc:QUEST_DESC_IKENI7_2015-09-01_13-55-58_00|906fc279|#X64:/data/compiled/documents/w_info.hdr
questdesc:QUEST_DESC_IKENI7_2015-09-01_13-59-30_00|c4302173|#X64:/data/compiled/documents/w_info.hdr
questdesc:QUEST_DESC_IKENI7_2015-09-23_13-05-26_00|082dbe13|#X64:/data/compiled/documents/w_info.hdr
questdesc:QUEST_DESC_IKENI7_2015-09-23_13-06-22_00|5525c950|#X64:/data/compiled/documents/w_info.hdr
questdesc:QUEST_DESC_IKENI7_2015-10-01_10-43-54_00|23131c47|#X64:/data/compiled/documents/w_info.hdr
questdesc:QUEST_DESC_IKENI7_2015-10-07_12-45-51_00|a1554bee|#X64:/data/compiled/documents/w_info.hdr
questdesc:QUEST_DESC_IKENI7_2015-10-15_11-34-08_00|003a2bec|#X64:/data/compiled/documents/w_info.hdr
questdesc:QUEST_DESC_IKENI7_2015-10-27_09-28-34_00|bd0b8278|#X64:/data/compiled/documents/w_info.hdr
questdesc:QUEST_DESC_IKENI7_2016-01-14_07-57-57_00|2dbfcc3a|#X64:/data/compiled/documents/w_info.hdr
questdesc:QUEST_DESC_IKENI7_2016-01-21_09-01-42_00|17bca049|#X64:/data/compiled/documents/w_info.hdr
questdesc:QUEST_DESC_IKENI7_2016-02-03_10-37-42_00|3fcfec2b|#X64:/data/compiled/documents/w_info.hdr
questdesc:QUEST_DESC_IKENI7_2016-02-04_10-46-16_00|2e4275cd|#X64:/data/compiled/documents/w_info.hdr
questdesc:QUEST_DESC_IKENI7_2016-07-14_08-37-33_00|a25f3459|#X64:/data/compiled/documents/w_info.hdr
questdesc:QUEST_DESC_IKENI7_2016-10-17_10-10-35_00|3f901ba8|#X64:/data/compiled/documents/w_info.hdr
questdesc:QUEST_DESC_IKENI7_2017-05-15_11-04-56_00|47b2b6f2|#X64:/data/compiled/documents/w_info.hdr
questdesc:QUEST_DESC_PANKRATZI7_2015-02-12_08-25-37_00|d92048d6|#X64:/data/compiled/documents/w_info.hdr
questdesc:QUEST_DESC_PANKRATZI7_2015-02-12_11-08-32_00|509b54cc|#X64:/data/compiled/documents/w_info.hdr
questdesc:QUEST_DESC_PANKRATZI7_2015-02-12_11-08-44_00|50ae860f|#X64:/data/compiled/documents/w_info.hdr
questdesc:QUEST_DESC_PANKRATZI7_2015-02-13_12-46-37_00|bb1a8755|#X64:/data/compiled/documents/w_info.hdr
questdesc:QUEST_DESC_PANKRATZI7_2015-02-13_12-59-35_00|8e49f9b7|#X64:/data/compiled/documents/w_info.hdr
questdesc:QUEST_DESC_PANKRATZI7_2015-02-16_11-49-21_00|8c066633|#X64:/data/compiled/documents/w_info.hdr
questdesc:QUEST_DESC_PANKRATZI7_2015-02-16_11-49-56_00|8c3f6d9b|#X64:/data/compiled/documents/w_info.hdr
questdesc:QUEST_DESC_PANKRATZI7_2015-02-16_14-16-03_00|ec4ecc70|#X64:/data/compiled/documents/w_info.hdr
questdesc:QUEST_DESC_PANKRATZI7_2015-02-16_14-17-08_00|394bc716|#X64:/data/compiled/documents/w_info.hdr
questdesc:QUEST_DESC_PANKRATZI7_2015-02-16_15-29-51_00|c3e34a78|#X64:/data/compiled/documents/w_info.hdr
questdesc:QUEST_DESC_PANKRATZI7_2015-02-16_15-46-10_00|b52f4f92|#X64:/data/compiled/documents/w_info.hdr
questdesc:QUEST_DESC_PANKRATZI7_2015-04-24_08-50-04_00|0f334173|#X64:/data/compiled/documents/w_info.hdr
questdesc:QUEST_DESC_PANKRATZI7_2015-08-18_14-21-43_00|3ff2c9d8|#X64:/data/compiled/documents/w_info.hdr
questdesc:QUEST_DESC_PANKRATZI7_2015-08-18_16-20-50_00|fb1e22b7|#X64:/data/compiled/documents/w_info.hdr
questdesc:QUEST_DESC_PANKRATZI7_2015-08-18_16-21-15_00|47d2bb59|#X64:/data/compiled/documents/w_info.hdr
questdesc:QUEST_DESC_PANKRATZI7_2015-08-18_16-21-45_00|480904dc|#X64:/data/compiled/documents/w_info.hdr
questdesc:QUEST_DESC_PANKRATZI7_2015-08-18_16-21-57_00|481c361f|#X64:/data/compiled/documents/w_info.hdr
questdesc:QUEST_DESC_PANKRATZI7_2015-08-21_14-04-56_00|5e188b17|#X64:/data/compiled/documents/w_info.hdr
questdesc:QUEST_DESC_PANKRATZI7_2015-08-21_14-11-09_00|6312d453|#X64:/data/compiled/documents/w_info.hdr
questdesc:QUEST_DESC_PANKRATZI7_2015-08-27_14-31-30_00|18021135|#X64:/data/compiled/documents/w_info.hdr
questdesc:QUEST_DESC_PANKRATZI7_2015-08-27_15-08-08_00|71ece67f|#X64:/data/compiled/documents/w_info.hdr
questdesc:QUEST_DESC_PANKRATZI7_2015-08-27_15-08-26_00|720ffebf|#X64:/data/compiled/documents/w_info.hdr
questdesc:QUEST_DESC_PANKRATZI7_2015-08-27_15-08-40_00|7230e57b|#X64:/data/compiled/documents/w_info.hdr
questdesc:QUEST_DESC_PANKRATZI7_2015-09-08_16-19-31_00|9479b83e|#X64:/data/compiled/documents/w_info.hdr
questdesc:QUEST_DESC_PANKRATZI7_2015-09-09_10-16-56_00|e4d1939d|#X64:/data/compiled/documents/w_info.hdr
questdesc:QUEST_DESC_PANKRATZI7_2015-09-10_11-37-32_00|7f1c8cd3|#X64:/data/compiled/documents/w_info.hdr
questdesc:QUEST_DESC_PANKRATZI7_2015-09-24_10-15-22_00|81441f92|#X64:/data/compiled/documents/w_info.hdr
questdesc:QUEST_DESC_PANKRATZI7_2015-10-05_11-37-13_00|f58f6b2e|#X64:/data/compiled/documents/w_info.hdr
questdesc:QUEST_DESC_PANKRATZI7_2015-10-21_13-42-07_00|a1f798cd|#X64:/data/compiled/documents/w_info.hdr
questdesc:QUEST_DESC_PANKRATZI7_2015-10-27_11-05-30_00|ac36852c|#X64:/data/compiled/documents/w_info.hdr
questdesc:QUEST_DESC_PANKRATZI7_2015-11-23_16-47-18_00|da0059ba|#X64:/data/compiled/documents/w_info.hdr
questdesc:QUEST_DESC_PANKRATZI7_2015-11-24_13-10-21_00|3db0c9c8|#X64:/data/compiled/documents/w_info.hdr
questdesc:QUEST_DESC_PANKRATZI7_2015-12-22_14-43-47_00|5b0e1df6|#X64:/data/compiled/documents/w_info.hdr
questdesc:QUEST_DESC_PANKRATZI7_2016-01-18_13-03-38_00|58b00af5|#X64:/data/compiled/documents/w_info.hdr
questdesc:QUEST_DESC_PANKRATZI7_2016-01-26_10-20-14_00|da810f2a|#X64:/data/compiled/documents/w_info.hdr
questdesc:QUEST_DESC_PANKRATZI7_2016-01-26_10-20-56_00|daca89f0|#X64:/data/compiled/documents/w_info.hdr
questdesc:QUEST_DESC_PANKRATZI7_2016-01-26_10-44-00_00|e6d961eb|#X64:/data/compiled/documents/w_info.hdr
questdesc:QUEST_DESC_PANKRATZI7_2016-04-07_06-46-01_00|112f2135|#X64:/data/compiled/documents/w_info.hdr
questdesc:QUEST_DESC_PANKRATZI7_2016-04-07_08-24-36_00|a705279b|#X64:/data/compiled/documents/w_info.hdr
questdesc:QUEST_DESC_PANKRATZI7_2016-06-22_07-49-02_00|fe388479|#X64:/data/compiled/documents/w_info.hdr
questdesc:QUEST_DESC_PANKRATZI7_2016-06-23_09-43-05_00|87d0e8d9|#X64:/data/compiled/documents/w_info.hdr
questdesc:QUEST_DESC_PANKRATZI7_2016-06-23_09-50-15_00|8d361ff8|#X64:/data/compiled/documents/w_info.hdr
questdesc:QUEST_DESC_PANKRATZI7_2016-06-23_10-19-41_00|f22ca254|#X64:/data/compiled/documents/w_info.hdr
questdesc:QUEST_DESC_PANKRATZI7_2017-04-06_12-06-12_00|36e84010|#X64:/data/compiled/documents/w_info.hdr
questdesc:QUEST_DESC_PANKRATZI7_2017-04-12_09-22-42_00|706a9694|#X64:/data/compiled/documents/w_info.hdr
questdesc:QUEST_DESC_PANKRATZI7_2017-04-12_09-23-48_00|bd681d9b|#X64:/data/compiled/documents/w_info.hdr
questdesc:QUEST_DESC_PANKRATZI7_2017-04-12_09-24-24_00|0a3bf7d6|#X64:/data/compiled/documents/w_info.hdr
questdesc:QUEST_DESC_WEIDMANNX6_2015-02-12_10-34-14_00|25c2fe00|#X64:/data/compiled/documents/w_info.hdr
questdesc:QUEST_DESC_WEIDMANNX6_2015-02-12_10-35-20_00|72cd21be|#X64:/data/compiled/documents/w_info.hdr
questdesc:QUEST_DESC_WEIDMANNX6_2015-02-12_10-58-31_00|325226a5|#X64:/data/compiled/documents/w_info.hdr
questdesc:QUEST_DESC_WEIDMANNX6_2015-02-12_11-15-43_00|9e79df42|#X64:/data/compiled/documents/w_info.hdr
questdesc:QUEST_DESC_WEIDMANNX6_2015-02-12_13-34-42_00|3217e224|#X64:/data/compiled/documents/w_info.hdr
questdesc:QUEST_DESC_WEIDMANNX6_2015-02-12_13-35-24_00|7eef06a5|#X64:/data/compiled/documents/w_info.hdr
questdesc:QUEST_DESC_WEIDMANNX6_2015-02-12_13-39-55_00|b30ecf8d|#X64:/data/compiled/documents/w_info.hdr
questdesc:QUEST_DESC_WEIDMANNX6_2015-02-12_13-41-06_00|3724d042|#X64:/data/compiled/documents/w_info.hdr
questdesc:QUEST_DESC_WEIDMANNX6_2015-02-12_13-47-41_00|0547e0e7|#X64:/data/compiled/documents/w_info.hdr
questdesc:QUEST_DESC_WEIDMANNX6_2015-02-12_13-55-08_00|5750b0e9|#X64:/data/compiled/documents/w_info.hdr
questdesc:QUEST_DESC_WEIDMANNX6_2015-02-12_14-04-16_00|7128dca3|#X64:/data/compiled/documents/w_info.hdr
questdesc:QUEST_DESC_WEIDMANNX6_2015-02-12_14-04-54_00|717025e5|#X64:/data/compiled/documents/w_info.hdr
questdesc:QUEST_DESC_WEIDMANNX6_2015-02-25_13-03-32_00|49a36463|#X64:/data/compiled/documents/w_info.hdr
questdesc:QUEST_DESC_WEIDMANNX6_2015-02-25_13-06-41_00|30a3a6c6|#X64:/data/compiled/documents/w_info.hdr
questdesc:QUEST_DESC_WEIDMANNX6_2015-02-25_13-45-17_00|947dbe4c|#X64:/data/compiled/documents/w_info.hdr
questdesc:QUEST_DESC_WEIDMANNX6_2015-02-25_14-31-28_00|78702c6a|#X64:/data/compiled/documents/w_info.hdr
questdesc:QUEST_DESC_WEIDMANNX6_2015-03-02_08-40-19_00|4a0b5dc9|#X64:/data/compiled/documents/w_info.hdr
questdesc:QUEST_DESC_WEIDMANNX6_2015-03-02_08-42-11_00|e3fb7443|#X64:/data/compiled/documents/w_info.hdr
questdesc:QUEST_DESC_WEIDMANNX6_2015-03-02_08-44-01_00|7dddd544|#X64:/data/compiled/documents/w_info.hdr
questdesc:QUEST_DESC_WEIDMANNX6_2015-04-02_11-31-20_00|2018d1fc|#X64:/data/compiled/documents/w_info.hdr
questdesc:QUEST_DESC_WEIDMANNX6_2015-04-02_11-31-42_00|203e1bc0|#X64:/data/compiled/documents/w_info.hdr
questdesc:QUEST_DESC_WEIDMANNX6_2015-04-02_11-31-51_00|204fa7e0|#X64:/data/compiled/documents/w_info.hdr
questdesc:QUEST_DESC_WEIDMANNX6_2015-04-16_06-57-22_00|ce0f810f|#X64:/data/compiled/documents/w_info.hdr
questdesc:QUEST_DESC_WEIDMANNX6_2015-04-16_06-58-08_00|1ae8d714|#X64:/data/compiled/documents/w_info.hdr
questdesc:QUEST_DESC_WEIDMANNX6_2015-04-22_13-45-56_00|bf12c32e|#X64:/data/compiled/documents/w_info.hdr
questdesc:QUEST_DESC_WEIDMANNX6_2015-04-22_14-10-14_00|7d2b2b21|#X64:/data/compiled/documents/w_info.hdr
questdesc:QUEST_DESC_WEIDMANNX6_2015-04-23_09-40-38_00|204e362f|#X64:/data/compiled/documents/w_info.hdr
questdesc:QUEST_DESC_WEIDMANNX6_2015-04-23_09-40-57_00|2071dad0|#X64:/data/compiled/documents/w_info.hdr
questdesc:QUEST_DESC_WEIDMANNX6_2015-04-23_09-42-19_00|ba1f0b10|#X64:/data/compiled/documents/w_info.hdr
questdesc:QUEST_DESC_WEIDMANNX6_2015-04-23_10-06-03_00|9de8e2e1|#X64:/data/compiled/documents/w_info.hdr
questdesc:QUEST_DESC_WEIDMANNX6_2015-06-04_10-04-11_00|f54e4b1f|#X64:/data/compiled/documents/w_info.hdr
questdesc:QUEST_DESC_WEIDMANNX6_2015-06-04_10-04-30_00|f571efc0|#X64:/data/compiled/documents/w_info.hdr
questdesc:QUEST_DESC_WEIDMANNX6_2015-06-29_12-35-13_00|127fe44e|#X64:/data/compiled/documents/w_info.hdr
questdesc:QUEST_DESC_WEIDMANNX6_2015-06-29_12-36-14_00|5f7aad70|#X64:/data/compiled/documents/w_info.hdr
questdesc:QUEST_DESC_WEIDMANNX6_2015-06-29_12-37-00_00|ac60a02c|#X64:/data/compiled/documents/w_info.hdr
questdesc:QUEST_DESC_WEIDMANNX6_2015-07-09_11-24-43_00|6b243dad|#X64:/data/compiled/documents/w_info.hdr
questdesc:QUEST_DESC_WEIDMANNX6_2015-07-13_12-22-15_00|340b2526|#X64:/data/compiled/documents/w_info.hdr
questdesc:QUEST_DESC_WEIDMANNX6_2015-07-13_12-25-48_00|1b31ca0f|#X64:/data/compiled/documents/w_info.hdr
questdesc:QUEST_DESC_WEIDMANNX6_2015-09-03_11-30-10_00|5f7543a0|#X64:/data/compiled/documents/w_info.hdr
questdesc:QUEST_DESC_WEIDMANNX6_2015-09-03_11-36-11_00|2d533c87|#X64:/data/compiled/documents/w_info.hdr
questdesc:QUEST_DESC_WEIDMANNX6_2015-09-03_11-37-44_00|7a8567ee|#X64:/data/compiled/documents/w_info.hdr
questdesc:QUEST_DESC_WEIDMANNX6_2015-09-03_11-40-28_00|4bcd940a|#X64:/data/compiled/documents/w_info.hdr
questdesc:QUEST_DESC_WEIDMANNX6_2015-09-03_11-58-14_00|9fcd04ee|#X64:/data/compiled/documents/w_info.hdr
questdesc:QUEST_DESC_WEIDMANNX6_2015-09-03_12-10-23_00|8b0fe8a3|#X64:/data/compiled/documents/w_info.hdr
questdesc:QUEST_DESC_WEIDMANNX6_2015-09-03_12-10-43_00|8b3419a5|#X64:/data/compiled/documents/w_info.hdr
questdesc:QUEST_DESC_WEIDMANNX6_2015-09-03_14-14-40_00|c73089c8|#X64:/data/compiled/documents/w_info.hdr
questdesc:QUEST_DESC_WEIDMANNX6_2015-09-03_14-15-16_00|13f7c74c|#X64:/data/compiled/documents/w_info.hdr
questdesc:QUEST_DESC_WEIDMANNX6_2015-09-03_14-18-11_00|fae3bfaa|#X64:/data/compiled/documents/w_info.hdr
questdesc:QUEST_DESC_WEIDMANNX6_2015-09-03_14-19-24_00|47f1ba0f|#X64:/data/compiled/documents/w_info.hdr
questdesc:QUEST_DESC_WEIDMANNX6_2015-09-03_14-19-43_00|48155eb0|#X64:/data/compiled/documents/w_info.hdr
questdesc:QUEST_DESC_WEIDMANNX6_2015-09-30_08-04-53_00|2973922e|#X64:/data/compiled/documents/w_info.hdr
questdesc:QUEST_DESC_WEIDMANNX6_2015-09-30_09-14-54_00|19c08491|#X64:/data/compiled/documents/w_info.hdr
questdesc:QUEST_DESC_WEIDMANNX6_2015-09-30_09-16-56_00|b3b616d5|#X64:/data/compiled/documents/w_info.hdr
questdesc:QUEST_DESC_WEIDMANNX6_2015-09-30_09-17-55_00|00afc735|#X64:/data/compiled/documents/w_info.hdr
questdesc:QUEST_DESC_WEIDMANNX6_2015-09-30_09-19-13_00|9a5ac5f1|#X64:/data/compiled/documents/w_info.hdr
questdesc:QUEST_DESC_WEIDMANNX6_2015-09-30_09-21-39_00|1ef23012|#X64:/data/compiled/documents/w_info.hdr
questdesc:QUEST_DESC_WEIDMANNX6_2015-10-12_13-56-32_00|1eed8326|#X64:/data/compiled/documents/w_info.hdr
questdesc:QUEST_DESC_WEIDMANNX6_2015-10-13_07-54-00_00|5eee4023|#X64:/data/compiled/documents/w_info.hdr
questdesc:QUEST_DESC_WEIDMANNX6_2015-10-13_07-54-26_00|5f15bb6b|#X64:/data/compiled/documents/w_info.hdr
questdesc:QUEST_DESC_WEIDMANNX6_2015-10-21_12-25-29_00|f4f624e7|#X64:/data/compiled/documents/w_info.hdr
questdesc:QUEST_DESC_WEIDMANNX6_2016-01-06_12-38-21_00|08b2b367|#X64:/data/compiled/documents/w_info.hdr
questdesc:QUEST_DESC_WEIDMANNX6_2016-01-08_12-18-45_00|cf137f2d|#X64:/data/compiled/documents/w_info.hdr
questdesc:QUEST_DESC_WEIDMANNX6_2016-01-08_12-19-34_00|1bfb170c|#X64:/data/compiled/documents/w_info.hdr
questdesc:QUEST_DESC_WEIDMANNX6_2016-01-25_13-30-16_00|cbfd6da5|#X64:/data/compiled/documents/w_info.hdr
questdesc:QUEST_DESC_WEIDMANNX6_2016-01-29_09-41-14_00|d5973e0e|#X64:/data/compiled/documents/w_info.hdr
questdesc:QUEST_DESC_WEIDMANNX6_2016-02-02_09-34-24_00|3a71a809|#X64:/data/compiled/documents/w_info.hdr
questdesc:QUEST_DESC_WEIDMANNX6_2016-02-11_08-45-59_00|5bbd6012|#X64:/data/compiled/documents/w_info.hdr
questdesc:QUEST_DESC_WEIDMANNX6_2016-03-03_11-36-45_00|95273a89|#X64:/data/compiled/documents/w_info.hdr
questdesc:QUEST_DESC_WEIDMANNX6_2016-03-03_11-37-37_00|e210778b|#X64:/data/compiled/documents/w_info.hdr
