ACH:ACH_100000ELEXIT_DESC|1832dc7a|#X64:/data/compiled/documents/w_achievements.hdr
ACH:ACH_100000ELEXIT_TITLE|1fb22b1d|#X64:/data/compiled/documents/w_achievements.hdr
ACH:ACH_10000ELEXIT_DESC|6a295a2a|#X64:/data/compiled/documents/w_achievements.hdr
ACH:ACH_10000ELEXIT_TITLE|b0785ecd|#X64:/data/compiled/documents/w_achievements.hdr
ACH:ACH_1000ELEXIT_DESC|936ee1da|#X64:/data/compiled/documents/w_achievements.hdr
ACH:ACH_1000ELEXIT_TITLE|026edc7d|#X64:/data/compiled/documents/w_achievements.hdr
ACH:ACH_100LOCKSPICKED_DESC|3e9ce66b|#X64:/data/compiled/documents/w_achievements.hdr
ACH:ACH_100LOCKSPICKED_TITLE|135d732e|#X64:/data/compiled/documents/w_achievements.hdr
ACH:ACH_20FALLTODEATH_DESC|d5807418|#X64:/data/compiled/documents/w_achievements.hdr
ACH:ACH_20FALLTODEATH_TITLE|86b2b67b|#X64:/data/compiled/documents/w_achievements.hdr
ACH:ACH_20PICS_DESC|4d765c5f|#X64:/data/compiled/documents/w_achievements.hdr
ACH:ACH_20PICS_TITLE|fd65a7a2|#X64:/data/compiled/documents/w_achievements.hdr
ACH:ACH_20TELEPORTS_DESC|7b0bce32|#X64:/data/compiled/documents/w_achievements.hdr
ACH:ACH_20TELEPORTS_TITLE|dda953d5|#X64:/data/compiled/documents/w_achievements.hdr
ACH:ACH_20WEAPONSCRAFTED_DESC|a68a1266|#X64:/data/compiled/documents/w_achievements.hdr
ACH:ACH_20WEAPONSCRAFTED_TITLE|78f01e89|#X64:/data/compiled/documents/w_achievements.hdr
ACH:ACH_300QUESTS_DESC|8ba48b46|#X64:/data/compiled/documents/w_achievements.hdr
ACH:ACH_300QUESTS_TITLE|0159b369|#X64:/data/compiled/documents/w_achievements.hdr
ACH:ACH_50PICKPOCKET_DESC|29a9ec60|#X64:/data/compiled/documents/w_achievements.hdr
ACH:ACH_50PICKPOCKET_TITLE|600b37c3|#X64:/data/compiled/documents/w_achievements.hdr
ACH:ACH_50SAVESHACKED_DESC|465dfc15|#X64:/data/compiled/documents/w_achievements.hdr
ACH:ACH_50SAVESHACKED_TITLE|13413e18|#X64:/data/compiled/documents/w_achievements.hdr
ACH:ACH_5CREWMEMBER_DESC|973732cc|#X64:/data/compiled/documents/w_achievements.hdr
ACH:ACH_5CREWMEMBER_TITLE|7f414baf|#X64:/data/compiled/documents/w_achievements.hdr
ACH:ACH_80HOURS_DESC|3a7edd27|#X64:/data/compiled/documents/w_achievements.hdr
ACH:ACH_80HOURS_TITLE|8b7e416a|#X64:/data/compiled/documents/w_achievements.hdr
ACH:ACH_ALLBSK_DESC|313197e7|#X64:/data/compiled/documents/w_achievements.hdr
ACH:ACH_ALLBSK_TITLE|5888542a|#X64:/data/compiled/documents/w_achievements.hdr
ACH:ACH_ALLCOMBAT_DESC|2074be3d|#X64:/data/compiled/documents/w_achievements.hdr
ACH:ACH_ALLCOMBAT_TITLE|30304540|#X64:/data/compiled/documents/w_achievements.hdr
ACH:ACH_ALLCRAFT_DESC|d8a87b57|#X64:/data/compiled/documents/w_achievements.hdr
ACH:ACH_ALLCRAFT_TITLE|eedba59a|#X64:/data/compiled/documents/w_achievements.hdr
ACH:ACH_ALLKLE_DESC|56ab76c3|#X64:/data/compiled/documents/w_achievements.hdr
ACH:ACH_ALLKLE_TITLE|2d3e0e86|#X64:/data/compiled/documents/w_achievements.hdr
ACH:ACH_ALLOUT_DESC|df7c4e7f|#X64:/data/compiled/documents/w_achievements.hdr
ACH:ACH_ALLOUT_TITLE|d029ddc2|#X64:/data/compiled/documents/w_achievements.hdr
ACH:ACH_ALLPERSONALITY_DESC|683dcfc1|#X64:/data/compiled/documents/w_achievements.hdr
ACH:ACH_ALLPERSONALITY_TITLE|711b8744|#X64:/data/compiled/documents/w_achievements.hdr
ACH:ACH_ALLSURVIVAL_DESC|40752603|#X64:/data/compiled/documents/w_achievements.hdr
ACH:ACH_ALLSURVIVAL_TITLE|503da5c6|#X64:/data/compiled/documents/w_achievements.hdr
ACH:ACH_ALLXP_DESC|0b86138f|#X64:/data/compiled/documents/w_achievements.hdr
ACH:ACH_ALLXP_TITLE|7d6c44d2|#X64:/data/compiled/documents/w_achievements.hdr
ACH:ACH_BATTLEPLANS_DESC|d08e9668|#X64:/data/compiled/documents/w_achievements.hdr
ACH:ACH_BATTLEPLANS_TITLE|e38522cb|#X64:/data/compiled/documents/w_achievements.hdr
ACH:ACH_CALAAN_DESC|c09c256e|#X64:/data/compiled/documents/w_achievements.hdr
ACH:ACH_CALAAN_TITLE|d5449291|#X64:/data/compiled/documents/w_achievements.hdr
ACH:ACH_CHOSEBER_DESC|34a3d479|#X64:/data/compiled/documents/w_achievements.hdr
ACH:ACH_CHOSEBER_TITLE|ca4222fc|#X64:/data/compiled/documents/w_achievements.hdr
ACH:ACH_CHOSECLAW_DESC|ce6a2d07|#X64:/data/compiled/documents/w_achievements.hdr
ACH:ACH_CHOSECLAW_TITLE|9cd38d4a|#X64:/data/compiled/documents/w_achievements.hdr
ACH:ACH_CHOSEKLE_DESC|7f78e97c|#X64:/data/compiled/documents/w_achievements.hdr
ACH:ACH_CHOSEKLE_TITLE|6fb9d85f|#X64:/data/compiled/documents/w_achievements.hdr
ACH:ACH_CHOSEOUT_DESC|0849c138|#X64:/data/compiled/documents/w_achievements.hdr
ACH:ACH_CHOSEOUT_TITLE|12a5a79b|#X64:/data/compiled/documents/w_achievements.hdr
ACH:ACH_COLLECTDEPT_DESC|cde85dc1|#X64:/data/compiled/documents/w_achievements.hdr
ACH:ACH_COLLECTDEPT_TITLE|8c17d544|#X64:/data/compiled/documents/w_achievements.hdr
ACH:ACH_EMOCHAOS_DESC|fcc8ae9d|#X64:/data/compiled/documents/w_achievements.hdr
ACH:ACH_EMOCHAOS_TITLE|970241a0|#X64:/data/compiled/documents/w_achievements.hdr
ACH:ACH_ENDGAME_DESC|56fc563f|#X64:/data/compiled/documents/w_achievements.hdr
ACH:ACH_ENDGAME_TITLE|37aadd82|#X64:/data/compiled/documents/w_achievements.hdr
ACH:ACH_ENDHUM_DESC|d2ffcf2f|#X64:/data/compiled/documents/w_achievements.hdr
ACH:ACH_ENDHUM_TITLE|341d7472|#X64:/data/compiled/documents/w_achievements.hdr
ACH:ACH_ENDNEU_DESC|9f90456d|#X64:/data/compiled/documents/w_achievements.hdr
ACH:ACH_ENDNEU_TITLE|92bcb270|#X64:/data/compiled/documents/w_achievements.hdr
ACH:ACH_ENDSYN_DESC|3012107f|#X64:/data/compiled/documents/w_achievements.hdr
ACH:ACH_ENDSYN_TITLE|3377dfc2|#X64:/data/compiled/documents/w_achievements.hdr
ACH:ACH_FINABE_DESC|91fb7f53|#X64:/data/compiled/documents/w_achievements.hdr
ACH:ACH_FINABE_TITLE|d28f2916|#X64:/data/compiled/documents/w_achievements.hdr
ACH:ACH_FINDCITY_DESC|b18ab408|#X64:/data/compiled/documents/w_achievements.hdr
ACH:ACH_FINDCITY_TITLE|e404f46b|#X64:/data/compiled/documents/w_achievements.hdr
ACH:ACH_FINDRAY_DESC|fb5ff81b|#X64:/data/compiled/documents/w_achievements.hdr
ACH:ACH_FINDRAY_TITLE|6882bade|#X64:/data/compiled/documents/w_achievements.hdr
ACH:ACH_FINDSMUGGLER_DESC|1a3f3db5|#X64:/data/compiled/documents/w_achievements.hdr
ACH:ACH_FINDSMUGGLER_TITLE|634ab3b8|#X64:/data/compiled/documents/w_achievements.hdr
ACH:ACH_FIRSTFLIGHT_DESC|b319e154|#X64:/data/compiled/documents/w_achievements.hdr
ACH:ACH_FIRSTFLIGHT_TITLE|1779cb37|#X64:/data/compiled/documents/w_achievements.hdr
ACH:ACH_FREEHOM_DESC|dadec874|#X64:/data/compiled/documents/w_achievements.hdr
ACH:ACH_FREEHOM_TITLE|37db9657|#X64:/data/compiled/documents/w_achievements.hdr
ACH:ACH_HUMAN_DESC|3d4c12c7|#X64:/data/compiled/documents/w_achievements.hdr
ACH:ACH_HUMAN_TITLE|e7f22b0a|#X64:/data/compiled/documents/w_achievements.hdr
ACH:ACH_KILL1000MONSTER_DESC|459a90e3|#X64:/data/compiled/documents/w_achievements.hdr
ACH:ACH_KILL1000MONSTER_TITLE|fa106ca6|#X64:/data/compiled/documents/w_achievements.hdr
ACH:ACH_KILL20ALBS_DESC|5014013e|#X64:/data/compiled/documents/w_achievements.hdr
ACH:ACH_KILL20ALBS_TITLE|53b7e861|#X64:/data/compiled/documents/w_achievements.hdr
ACH:ACH_KILL20BANDITS_DESC|44e4d761|#X64:/data/compiled/documents/w_achievements.hdr
ACH:ACH_KILL20BANDITS_TITLE|e2a382e4|#X64:/data/compiled/documents/w_achievements.hdr
ACH:ACH_KILL20MONSTER_DESC|1f8bd0e4|#X64:/data/compiled/documents/w_achievements.hdr
ACH:ACH_KILL20MONSTER_TITLE|1229acc7|#X64:/data/compiled/documents/w_achievements.hdr
ACH:ACH_KILL300MONSTER_DESC|8089f295|#X64:/data/compiled/documents/w_achievements.hdr
ACH:ACH_KILL300MONSTER_TITLE|92ec0498|#X64:/data/compiled/documents/w_achievements.hdr
ACH:ACH_KILL50NPCS_DESC|c87d6e53|#X64:/data/compiled/documents/w_achievements.hdr
ACH:ACH_KILL50NPCS_TITLE|d94ef816|#X64:/data/compiled/documents/w_achievements.hdr
ACH:ACH_MACHINE_DESC|385cd0a3|#X64:/data/compiled/documents/w_achievements.hdr
ACH:ACH_MACHINE_TITLE|451aa466|#X64:/data/compiled/documents/w_achievements.hdr
ACH:ACH_OLDDUTIES_DESC|4ac0c99b|#X64:/data/compiled/documents/w_achievements.hdr
ACH:ACH_OLDDUTIES_TITLE|a3fdbc5e|#X64:/data/compiled/documents/w_achievements.hdr
ACH:ACH_PSPLATINUM_DESC|c246205b|#X64:/data/compiled/documents/w_achievements.hdr
ACH:ACH_PSPLATINUM_TITLE|0c2deb1e|#X64:/data/compiled/documents/w_achievements.hdr
ACH:ACH_ROMANTIC_DESC|a451d44b|#X64:/data/compiled/documents/w_achievements.hdr
ACH:ACH_ROMANTIC_TITLE|2fb01d0e|#X64:/data/compiled/documents/w_achievements.hdr
ACH:ACH_SHOWDOWN_DESC|25ddb287|#X64:/data/compiled/documents/w_achievements.hdr
ACH:ACH_SHOWDOWN_TITLE|e2b7c2ca|#X64:/data/compiled/documents/w_achievements.hdr
