document:LETTER_DIRKSI5_2015-09-28_14-19-33_00|4cc40f90|#X64:/data/compiled/0_na_tpl/0/5/w_tpl_0_na_55e12de0.rom
document:LETTER_DIRKSI5_2015-09-28_14-19-51_00|4ce727d0|#X64:/data/compiled/0_na_tpl/0/5/w_tpl_0_na_55e12de0.rom
document:LETTER_DIRKSI5_2015-09-28_14-43-43_00|43be3a2e|#X64:/data/compiled/0_na_tpl/0/d/w_tpl_0_na_d47b6d3a.rom
document:LETTER_DIRKSI5_2015-09-28_14-43-50_00|43cead8c|#X64:/data/compiled/0_na_tpl/0/d/w_tpl_0_na_d47b6d3a.rom
document:LETTER_DIRKSI5_2015-09-29_07-04-07_00|b58cfa8e|#X64:/data/compiled/0_na_tpl/0/7/w_tpl_0_na_70a82515.rom
document:LETTER_DIRKSI5_2015-09-29_07-04-21_00|b5ade14a|#X64:/data/compiled/0_na_tpl/0/7/w_tpl_0_na_70a82515.rom
document:LETTER_DIRKSI5_2015-09-29_08-05-05_00|0690afae|#X64:/data/compiled/0_na_tpl/0/3/w_tpl_0_na_3ee08c65.rom
document:LETTER_DIRKSI5_2015-09-29_08-05-19_00|06a4f9b3|#X64:/data/compiled/0_na_tpl/0/3/w_tpl_0_na_3ee08c65.rom
document:LETTER_DIRKSI5_2015-09-29_09-00-18_00|89cbceae|#X64:/data/compiled/0_na_tpl/0/f/w_tpl_0_na_f7e57e93.rom
document:LETTER_DIRKSI5_2015-09-29_11-09-19_00|a3a0aa11|#X64:/data/compiled/0_na_tpl/0/c/w_tpl_0_na_ced56498.rom
document:LETTER_DIRKSI5_2015-09-29_11-42-17_00|39cf3b8c|#X64:/data/compiled/0_na_tpl/0/d/w_tpl_0_na_dcdccc48.rom
document:LETTER_DIRKSI5_2015-09-29_12-16-26_00|ad0ecd2e|#X64:/data/compiled/0_na_tpl/0/2/w_tpl_0_na_2a6373d7.rom
document:LETTER_DIRKSI5_2015-09-29_12-16-41_00|ad30404b|#X64:/data/compiled/0_na_tpl/0/2/w_tpl_0_na_2a6373d7.rom
document:LETTER_DIRKSI5_2015-09-29_12-18-11_00|46ee704a|#X64:/data/compiled/0_na_tpl/0/2/w_tpl_0_na_2a6373d8.rom
document:LETTER_DIRKSI5_2015-09-29_12-18-23_00|4701a18d|#X64:/data/compiled/0_na_tpl/0/2/w_tpl_0_na_2a6373d8.rom
document:LETTER_DIRKSI5_2015-09-29_12-20-01_00|cb4c46a2|#X64:/data/compiled/0_na_tpl/0/2/w_tpl_0_na_2a6373d9.rom
document:LETTER_DIRKSI5_2015-09-29_12-20-18_00|cb6235ca|#X64:/data/compiled/0_na_tpl/0/2/w_tpl_0_na_2a6373d9.rom
document:LETTER_DIRKSI5_2015-09-29_12-22-42_00|6589ae89|#X64:/data/compiled/0_na_tpl/0/8/w_tpl_0_na_8d29cd7c.rom
document:LETTER_DIRKSI5_2015-10-02_12-07-22_00|90a6dad9|#X64:/data/compiled/0_na_tpl/0/e/w_tpl_0_na_eb2a53b3.rom
document:LETTER_DIRKSI5_2015-10-02_12-07-39_00|90bcca01|#X64:/data/compiled/0_na_tpl/0/e/w_tpl_0_na_eb2a53b3.rom
document:LETTER_DIRKSI5_2015-10-02_12-12-13_00|fbf3f3d5|#X64:/data/compiled/0_na_tpl/0/2/w_tpl_0_na_2d4dcfb8.rom
document:LETTER_DIRKSI5_2015-10-02_12-16-45_00|3014491e|#X64:/data/compiled/0_na_tpl/0/5/w_tpl_0_na_50e4f786.rom
document:LETTER_DIRKSI5_2015-10-02_12-16-57_00|30277a61|#X64:/data/compiled/0_na_tpl/0/5/w_tpl_0_na_50e4f786.rom
document:LETTER_DIRKSI5_2015-10-02_12-23-04_00|351e7957|#X64:/data/compiled/0_na_tpl/0/2/w_tpl_0_na_2f21444b.rom
document:LETTER_DIRKSI5_2015-10-20_09-28-38_00|24e9c709|#X64:/data/compiled/0_na_tpl/0/6/w_tpl_0_na_68cee546.rom
document:LETTER_DIRKSI5_2015-10-20_09-28-49_00|24fc6beb|#X64:/data/compiled/0_na_tpl/0/6/w_tpl_0_na_68cee546.rom
document:LETTER_DIRKSI5_2015-10-20_09-33-39_00|9048f886|#X64:/data/compiled/0_na_tpl/0/8/w_tpl_0_na_818ea76b.rom
document:LETTER_DIRKSI5_2015-10-20_09-37-33_00|c42ea144|#X64:/data/compiled/0_na_tpl/0/8/w_tpl_0_na_818ea76c.rom
document:LETTER_DIRKSI5_2015-10-20_09-37-48_00|c44377aa|#X64:/data/compiled/0_na_tpl/0/8/w_tpl_0_na_818ea76c.rom
document:LETTER_DIRKSI5_2015-10-20_11-36-13_00|dc185fba|#X64:/data/compiled/0_na_tpl/0/b/w_tpl_0_na_b2fb040e.rom
document:LETTER_DIRKSI5_2015-10-20_11-36-26_00|dc2c1d5e|#X64:/data/compiled/0_na_tpl/0/b/w_tpl_0_na_b2fb040e.rom
document:LETTER_DIRKSI5_2015-10-20_12-04-59_00|81b4a500|#X64:/data/compiled/0_na_tpl/0/7/w_tpl_0_na_7109aa11.rom
document:LETTER_DIRKSI5_2015-10-20_12-05-10_00|ce619054|#X64:/data/compiled/0_na_tpl/0/7/w_tpl_0_na_7109aa11.rom
document:LETTER_DIRKSI5_2015-10-20_12-55-06_00|6b9bea7e|#X64:/data/compiled/0_na_tpl/0/7/w_tpl_0_na_77cac8da.rom
document:LETTER_DIRKSI5_2015-10-20_12-55-15_00|6bad769e|#X64:/data/compiled/0_na_tpl/0/7/w_tpl_0_na_77cac8da.rom
document:LETTER_DIRKSI5_2015-10-20_13-22-36_00|c428903c|#X64:/data/compiled/0_na_tpl/0/1/w_tpl_0_na_1fd28f40.rom
document:LETTER_DIRKSI5_2015-10-20_13-22-44_00|c4398ffb|#X64:/data/compiled/0_na_tpl/0/1/w_tpl_0_na_1fd28f40.rom
document:LETTER_DIRKSI5_2015-10-21_08-02-28_00|c9cb10a0|#X64:/data/compiled/0_na_tpl/0/1/w_tpl_0_na_139d332c.rom
document:LETTER_DIRKSI5_2015-10-21_09-04-35_00|67da8ea1|#X64:/data/compiled/0_na_tpl/0/c/w_tpl_0_na_cb6fd2c6.rom
document:LETTER_DIRKSI5_2015-10-21_09-04-44_00|67ec1ac1|#X64:/data/compiled/0_na_tpl/0/c/w_tpl_0_na_cb6fd2c6.rom
document:LETTER_DIRKSI5_2015-10-28_12-09-17_00|7d46a607|#X64:/data/compiled/0_na_tpl/0/f/w_tpl_0_na_fe24504c.rom
document:LETTER_DIRKSI5_2015-10-28_12-50-47_00|65f9f526|#X64:/data/compiled/0_na_tpl/0/8/w_tpl_0_na_84bdc98f.rom
document:LETTER_DIRKSI5_2015-10-28_13-43-54_00|64c1db07|#X64:/data/compiled/0_na_tpl/0/9/w_tpl_0_na_9b42e236.rom
document:LETTER_DIRKSI5_2015-10-28_13-44-06_00|b162b605|#X64:/data/compiled/0_na_tpl/0/9/w_tpl_0_na_9b42e236.rom
document:LETTER_DIRKSI5_2015-10-29_07-12-59_00|2d31764c|#X64:/data/compiled/0_na_tpl/0/4/w_tpl_0_na_4c63ac2b.rom
document:LETTER_DIRKSI5_2015-10-29_07-18-37_00|fae9990e|#X64:/data/compiled/0_na_tpl/0/4/w_tpl_0_na_484f760e.rom
document:LETTER_DIRKSI5_2015-10-29_08-12-34_00|31151886|#X64:/data/compiled/0_na_tpl/0/b/w_tpl_0_na_b064f83f.rom
document:LETTER_DIRKSI5_2015-10-29_09-04-40_00|e2e23545|#X64:/data/compiled/0_na_tpl/0/5/w_tpl_0_na_549abc57.rom
document:LETTER_DIRKSI5_2015-10-29_09-06-55_00|7ceb852d|#X64:/data/compiled/0_na_tpl/0/1/w_tpl_0_na_1a7125db.rom
document:LETTER_DIRKSI5_2015-10-29_16-14-26_00|48402548|#X64:/data/compiled/0_na_tpl/0/9/w_tpl_0_na_96b2ae03.rom
document:LETTER_DIRKSI5_2015-10-29_16-14-34_00|48512507|#X64:/data/compiled/0_na_tpl/0/9/w_tpl_0_na_96b2ae03.rom
document:LETTER_DIRKSI5_2015-10-29_16-38-31_00|54bc1caa|#X64:/data/compiled/0_na_tpl/0/a/w_tpl_0_na_a33de6da.rom
document:LETTER_DIRKSI5_2015-10-30_11-45-31_00|b6c349bb|#X64:/data/compiled/0_na_tpl/0/a/w_tpl_0_na_a33de6da.rom
document:LETTER_DIRKSI5_2015-10-30_13-51-34_00|7732f2fd|#X64:/data/compiled/0_na_tpl/0/8/w_tpl_0_na_8ce85867.rom
document:LETTER_DIRKSI5_2015-10-30_13-51-45_00|774597df|#X64:/data/compiled/0_na_tpl/0/8/w_tpl_0_na_8ce85867.rom
document:LETTER_DIRKSI5_2015-11-09_12-46-31_00|2c93e624|#X64:/data/compiled/0_na_tpl/0/8/w_tpl_0_na_870a3fd7.rom
document:LETTER_DIRKSI5_2015-11-09_12-48-03_00|c6532ee5|#X64:/data/compiled/0_na_tpl/0/8/w_tpl_0_na_870a3fd8.rom
document:LETTER_DIRKSI5_2015-11-09_12-53-57_00|320e800a|#X64:/data/compiled/0_na_tpl/0/8/w_tpl_0_na_870a3fd9.rom
document:LETTER_DIRKSI5_2015-11-09_12-55-19_00|cbbbb04a|#X64:/data/compiled/0_na_tpl/0/8/w_tpl_0_na_870a3fda.rom
document:LETTER_DIRKSI5_2015-11-09_12-56-27_00|18c6ecca|#X64:/data/compiled/0_na_tpl/0/8/w_tpl_0_na_870a3fdb.rom
document:LETTER_DIRKSI5_2015-11-23_13-13-13_00|1f0d645b|#X64:/data/compiled/0_na_tpl/0/f/w_tpl_0_na_fff9b850.rom
document:LETTER_DIRKSI5_2015-12-11_08-16-18_00|c70dd225|#X64:/data/compiled/0_na_tpl/0/2/w_tpl_0_na_2959f438.rom
document:LETTER_DIRKSI5_2015-12-11_08-16-29_00|c7207707|#X64:/data/compiled/0_na_tpl/0/2/w_tpl_0_na_2959f438.rom
document:LETTER_DIRKSI5_2015-12-11_08-18-10_00|60fde89f|#X64:/data/compiled/0_na_tpl/0/2/w_tpl_0_na_2959f439.rom
document:LETTER_DIRKSI5_2015-12-11_08-18-19_00|6102d808|#X64:/data/compiled/0_na_tpl/0/2/w_tpl_0_na_2959f439.rom
document:LETTER_DIRKSI5_2015-12-11_08-59-31_00|5f243647|#X64:/data/compiled/0_na_tpl/0/2/w_tpl_0_na_2959f43a.rom
document:LETTER_DIRKSI5_2015-12-11_08-59-42_00|5f36db29|#X64:/data/compiled/0_na_tpl/0/2/w_tpl_0_na_2959f43a.rom
document:LETTER_DIRKSI5_2015-12-11_09-12-01_00|9719811a|#X64:/data/compiled/0_na_tpl/0/7/w_tpl_0_na_7250a49c.rom
document:LETTER_DIRKSI5_2015-12-15_08-55-06_00|6883dda9|#X64:/data/compiled/0_na_tpl/0/d/w_tpl_0_na_dfdbbafe.rom
document:LETTER_DIRKSI5_2015-12-15_08-55-15_00|689569c9|#X64:/data/compiled/0_na_tpl/0/d/w_tpl_0_na_dfdbbafe.rom
document:LETTER_DIRKSI5_2015-12-17_10-19-06_00|ef2bbc64|#X64:/data/compiled/0_na_tpl/0/7/w_tpl_0_na_77ecb12b.rom
document:LETTER_DIRKSI5_2015-12-22_10-24-57_00|094a7282|#X64:/data/compiled/0_na_tpl/0/b/w_tpl_0_na_be359014.rom
document:LETTER_DIRKSI5_2015-12-22_10-25-08_00|55eac11f|#X64:/data/compiled/0_na_tpl/0/b/w_tpl_0_na_be359014.rom
document:LETTER_DIRKSI5_2015-12-22_10-27-38_00|f0158424|#X64:/data/compiled/0_na_tpl/0/2/w_tpl_0_na_2ac6da4a.rom
document:LETTER_DIRKSI5_2015-12-22_10-27-44_00|f0256b21|#X64:/data/compiled/0_na_tpl/0/2/w_tpl_0_na_2ac6da4a.rom
document:LETTER_DIRKSI5_2015-12-22_10-28-51_00|3d301b40|#X64:/data/compiled/0_na_tpl/0/e/w_tpl_0_na_e5fcccb7.rom
document:LETTER_DIRKSI5_2015-12-22_10-32-13_00|5b4d3a59|#X64:/data/compiled/0_na_tpl/0/3/w_tpl_0_na_3cf62aa3.rom
document:LETTER_DIRKSI5_2015-12-22_10-34-10_00|f5400eb8|#X64:/data/compiled/0_na_tpl/0/8/w_tpl_0_na_8ebdbd2f.rom
document:LETTER_DIRKSI5_2015-12-22_10-34-18_00|f54471c0|#X64:/data/compiled/0_na_tpl/0/8/w_tpl_0_na_8ebdbd2f.rom
document:LETTER_DIRKSI5_2015-12-22_11-32-25_00|5f6afcbd|#X64:/data/compiled/0_na_tpl/0/b/w_tpl_0_na_bf5e08ec.rom
document:LETTER_DIRKSI5_2015-12-22_11-32-34_00|5f7c88dd|#X64:/data/compiled/0_na_tpl/0/b/w_tpl_0_na_bf5e08ec.rom
document:LETTER_DIRKSI5_2015-12-22_11-37-26_00|e04eb8e3|#X64:/data/compiled/0_na_tpl/0/4/w_tpl_0_na_4fca7151.rom
document:LETTER_DIRKSI5_2015-12-22_11-37-32_00|e05e9fe0|#X64:/data/compiled/0_na_tpl/0/4/w_tpl_0_na_4fca7151.rom
document:LETTER_DIRKSI5_2015-12-22_11-42-59_00|4be54ca5|#X64:/data/compiled/0_na_tpl/0/d/w_tpl_0_na_d5693197.rom
document:LETTER_DIRKSI5_2015-12-22_11-43-07_00|9883f61f|#X64:/data/compiled/0_na_tpl/0/d/w_tpl_0_na_d5693197.rom
document:LETTER_DIRKSI5_2015-12-22_12-00-14_00|04a8f0d7|#X64:/data/compiled/0_na_tpl/0/b/w_tpl_0_na_bf5e08ed.rom
document:LETTER_DIRKSI5_2015-12-22_12-00-23_00|04ba7cf7|#X64:/data/compiled/0_na_tpl/0/b/w_tpl_0_na_bf5e08ed.rom
document:LETTER_DIRKSI5_2015-12-22_15-28-33_00|5141d8a5|#X64:/data/compiled/0_na_tpl/0/a/w_tpl_0_na_a4d0fb60.rom
document:LETTER_DIRKSI5_2015-12-22_15-30-49_00|d5c72a45|#X64:/data/compiled/0_na_tpl/0/d/w_tpl_0_na_d727a33c.rom
document:LETTER_DIRKSI5_2015-12-22_15-32-56_00|6fcc1725|#X64:/data/compiled/0_na_tpl/0/c/w_tpl_0_na_cd1cf806.rom
document:LETTER_DIRKSI5_2015-12-22_15-35-48_00|56a9cda9|#X64:/data/compiled/0_na_tpl/0/a/w_tpl_0_na_af98e647.rom
document:LETTER_DIRKSI5_2015-12-22_15-35-55_00|56ba4107|#X64:/data/compiled/0_na_tpl/0/a/w_tpl_0_na_af98e647.rom
document:LETTER_DIRKSI5_2015-12-22_15-37-42_00|f09afce5|#X64:/data/compiled/0_na_tpl/0/6/w_tpl_0_na_65be2b95.rom
document:LETTER_DIRKSI5_2015-12-22_15-39-47_00|8a92344c|#X64:/data/compiled/0_na_tpl/0/e/w_tpl_0_na_efa27ca1.rom
document:LETTER_DIRKSI5_2015-12-23_09-47-15_00|b6d4c62a|#X64:/data/compiled/0_na_tpl/0/3/w_tpl_0_na_3d7e5c15.rom
document:LETTER_DIRKSI5_2015-12-23_11-01-51_00|9d3e62d9|#X64:/data/compiled/0_na_tpl/0/8/w_tpl_0_na_8089bc46.rom
document:LETTER_DIRKSI5_2015-12-23_11-07-12_00|6ad3f9bc|#X64:/data/compiled/0_na_tpl/0/8/w_tpl_0_na_8089bc47.rom
document:LETTER_DIRKSI5_2015-12-23_11-08-11_00|b7cdaa1c|#X64:/data/compiled/0_na_tpl/0/8/w_tpl_0_na_8089bc48.rom
document:LETTER_DIRKSI5_2015-12-23_11-08-44_00|b80598c2|#X64:/data/compiled/0_na_tpl/0/8/w_tpl_0_na_8089bc49.rom
document:LETTER_DIRKSI5_2016-01-05_12-18-18_00|e226e4e4|#X64:/data/compiled/0_na_tpl/0/2/w_tpl_0_na_21a78d33.rom
document:LETTER_DIRKSI5_2016-01-05_12-18-29_00|e23989c6|#X64:/data/compiled/0_na_tpl/0/2/w_tpl_0_na_21a78d33.rom
document:LETTER_DIRKSI5_2016-01-05_12-18-56_00|e26e2e26|#X64:/data/compiled/0_na_tpl/0/2/w_tpl_0_na_21a78d34.rom
document:LETTER_DIRKSI5_2016-01-05_12-19-02_00|2f0bbede|#X64:/data/compiled/0_na_tpl/0/2/w_tpl_0_na_21a78d34.rom
document:LETTER_DIRKSI5_2016-01-05_12-19-29_00|2f33c687|#X64:/data/compiled/0_na_tpl/0/2/w_tpl_0_na_21a78d35.rom
document:LETTER_DIRKSI5_2016-01-05_12-19-37_00|2f44c646|#X64:/data/compiled/0_na_tpl/0/2/w_tpl_0_na_21a78d35.rom
document:LETTER_DIRKSI5_2016-01-27_08-18-38_00|8a6c4daf|#X64:/data/compiled/0_na_tpl/0/a/w_tpl_0_na_aa6d819f.rom
document:LETTER_DIRKSI5_2016-01-27_08-18-46_00|8a7d4d6e|#X64:/data/compiled/0_na_tpl/0/a/w_tpl_0_na_aa6d819f.rom
document:LETTER_DIRKSI5_2016-02-01_11-01-56_00|a6031eba|#X64:/data/compiled/0_na_tpl/0/e/w_tpl_0_na_ed61564b.rom
document:LETTER_DIRKSI5_2016-02-01_11-02-14_00|f2b3e0b5|#X64:/data/compiled/0_na_tpl/0/e/w_tpl_0_na_ed61564b.rom
document:LETTER_DIRKSI5_2016-02-01_11-21-20_00|7e4d34b3|#X64:/data/compiled/0_na_tpl/0/b/w_tpl_0_na_b2ae0810.rom
document:LETTER_DIRKSI5_2016-02-01_11-21-29_00|7e52241c|#X64:/data/compiled/0_na_tpl/0/b/w_tpl_0_na_b2ae0810.rom
document:LETTER_DIRKSI5_2016-02-01_11-33-49_00|04aca381|#X64:/data/compiled/0_na_tpl/0/2/w_tpl_0_na_286e0d32.rom
document:LETTER_DIRKSI5_2016-02-01_11-33-57_00|04bda340|#X64:/data/compiled/0_na_tpl/0/2/w_tpl_0_na_286e0d32.rom
document:LETTER_DIRKSI5_2016-02-04_12-53-09_00|cf0f98e3|#X64:/data/compiled/0_na_tpl/0/0/w_tpl_0_na_01872092.rom
document:LETTER_DIRKSI5_2016-02-04_12-54-28_00|1c2d7a45|#X64:/data/compiled/0_na_tpl/0/0/w_tpl_0_na_01872093.rom
document:LETTER_DIRKSI5_2016-02-04_12-54-36_00|1c3e7a04|#X64:/data/compiled/0_na_tpl/0/0/w_tpl_0_na_01872093.rom
document:LETTER_DIRKSI5_2016-02-04_13-20-27_00|27890d5e|#X64:/data/compiled/0_na_tpl/0/c/w_tpl_0_na_c933e4de.rom
document:LETTER_DIRKSI5_2016-02-04_13-20-37_00|279b25df|#X64:/data/compiled/0_na_tpl/0/c/w_tpl_0_na_c933e4de.rom
document:LETTER_DIRKSI5_2016-02-04_13-27-48_00|42857408|#X64:/data/compiled/0_na_tpl/0/c/w_tpl_0_na_c933e4df.rom
document:LETTER_DIRKSI5_2016-02-04_13-27-56_00|429673c7|#X64:/data/compiled/0_na_tpl/0/c/w_tpl_0_na_c933e4df.rom
document:LETTER_DIRKSI5_2016-02-04_13-33-59_00|faf0fac7|#X64:/data/compiled/0_na_tpl/0/c/w_tpl_0_na_c933e4e0.rom
document:LETTER_DIRKSI5_2016-02-04_13-40-10_00|fff6c7f8|#X64:/data/compiled/0_na_tpl/0/c/w_tpl_0_na_c933e4e1.rom
document:LETTER_DIRKSI5_2016-02-04_13-40-18_00|fffb2b00|#X64:/data/compiled/0_na_tpl/0/c/w_tpl_0_na_c933e4e1.rom
document:LETTER_DIRKSI5_2016-02-04_13-57-14_00|071277a4|#X64:/data/compiled/0_na_tpl/0/5/w_tpl_0_na_549abc57.rom
document:LETTER_DIRKSI5_2016-02-04_13-57-27_00|07263548|#X64:/data/compiled/0_na_tpl/0/1/w_tpl_0_na_1a7125db.rom
document:LETTER_DIRKSI5_2016-02-04_14-20-16_00|2b80f99d|#X64:/data/compiled/0_na_tpl/0/4/w_tpl_0_na_4f8c9a4b.rom
document:LETTER_DIRKSI5_2016-02-04_14-20-24_00|2b91f95c|#X64:/data/compiled/0_na_tpl/0/4/w_tpl_0_na_4f8c9a4b.rom
document:LETTER_DIRKSI5_2016-02-04_14-22-01_00|c5609cb9|#X64:/data/compiled/0_na_tpl/0/4/w_tpl_0_na_4f8c9a4c.rom
document:LETTER_DIRKSI5_2016-02-04_14-23-57_00|12b89e45|#X64:/data/compiled/0_na_tpl/0/4/w_tpl_0_na_4f8c9a4d.rom
document:LETTER_DIRKSI5_2016-02-05_07-35-18_00|6ec91ea8|#X64:/data/compiled/0_na_tpl/0/4/w_tpl_0_na_464802a5.rom
document:LETTER_DIRKSI5_2016-02-05_07-38-25_00|55c84849|#X64:/data/compiled/0_na_tpl/0/4/w_tpl_0_na_464802a6.rom
document:LETTER_DIRKSI5_2016-02-05_07-40-20_00|da35793d|#X64:/data/compiled/0_na_tpl/0/4/w_tpl_0_na_464802a7.rom
document:LETTER_DIRKSI5_2016-02-05_07-40-27_00|da394fe4|#X64:/data/compiled/0_na_tpl/0/4/w_tpl_0_na_464802a7.rom
document:LETTER_DIRKSI5_2016-02-05_07-43-51_00|c15b0564|#X64:/data/compiled/0_na_tpl/0/4/w_tpl_0_na_464802a8.rom
document:LETTER_DIRKSI5_2016-02-05_07-43-58_00|c15edc0b|#X64:/data/compiled/0_na_tpl/0/4/w_tpl_0_na_464802a8.rom
document:LETTER_DIRKSI5_2016-02-05_07-52-33_00|607f8544|#X64:/data/compiled/0_na_tpl/0/4/w_tpl_0_na_464802a9.rom
document:LETTER_DIRKSI5_2016-02-05_08-09-19_00|e1f7b08b|#X64:/data/compiled/0_na_tpl/0/c/w_tpl_0_na_c287bd6b.rom
document:LETTER_DIRKSI5_2016-02-05_08-09-27_00|e208b04a|#X64:/data/compiled/0_na_tpl/0/c/w_tpl_0_na_c287bd6b.rom
document:LETTER_DIRKSI5_2016-02-05_09-11-49_00|6aa87a08|#X64:/data/compiled/0_na_tpl/0/5/w_tpl_0_na_5cbe89a4.rom
document:LETTER_DIRKSI5_2016-02-05_09-11-55_00|6ab86105|#X64:/data/compiled/0_na_tpl/0/5/w_tpl_0_na_5cbe89a4.rom
document:LETTER_DIRKSI5_2016-02-05_09-13-35_00|0488a985|#X64:/data/compiled/0_na_tpl/0/7/w_tpl_0_na_7e94962a.rom
document:LETTER_DIRKSI5_2016-02-05_09-35-40_00|77102765|#X64:/data/compiled/0_na_tpl/0/5/w_tpl_0_na_50268dcb.rom
document:LETTER_DIRKSI5_2016-02-05_09-35-47_00|7713fe0c|#X64:/data/compiled/0_na_tpl/0/5/w_tpl_0_na_50268dcb.rom
document:LETTER_DIRKSI5_2016-02-05_09-36-49_00|c40f538f|#X64:/data/compiled/0_na_tpl/0/5/w_tpl_0_na_50268dcc.rom
document:LETTER_DIRKSI5_2016-02-05_09-36-55_00|c41f3a8c|#X64:/data/compiled/0_na_tpl/0/5/w_tpl_0_na_50268dcc.rom
document:LETTER_DIRKSI5_2016-02-05_14-27-32_00|95d9abe3|#X64:/data/compiled/0_na_tpl/0/5/w_tpl_0_na_55d85ef9.rom
document:LETTER_DIRKSI5_2016-02-05_14-27-39_00|95dd828a|#X64:/data/compiled/0_na_tpl/0/5/w_tpl_0_na_55d85ef9.rom
document:LETTER_DIRKSI5_2016-02-05_14-36-45_00|353501a7|#X64:/data/compiled/0_na_tpl/0/5/w_tpl_0_na_55d85efa.rom
document:LETTER_DIRKSI5_2016-02-05_14-36-53_00|35460166|#X64:/data/compiled/0_na_tpl/0/5/w_tpl_0_na_55d85efa.rom
document:LETTER_DIRKSI5_2016-02-05_14-48-09_00|bb251f8a|#X64:/data/compiled/0_na_tpl/0/3/w_tpl_0_na_3481e06a.rom
document:LETTER_DIRKSI5_2016-02-05_14-48-14_00|bb347a26|#X64:/data/compiled/0_na_tpl/0/3/w_tpl_0_na_3481e06a.rom
document:LETTER_DIRKSI5_2016-02-05_14-49-11_00|082d11c4|#X64:/data/compiled/0_na_tpl/0/3/w_tpl_0_na_3481e06b.rom
document:LETTER_DIRKSI5_2016-02-05_14-49-18_00|0830e86b|#X64:/data/compiled/0_na_tpl/0/3/w_tpl_0_na_3481e06b.rom
document:LETTER_DIRKSI5_2016-02-05_14-50-09_00|3f950e63|#X64:/data/compiled/0_na_tpl/0/3/w_tpl_0_na_3481e06c.rom
document:LETTER_DIRKSI5_2016-02-05_14-50-15_00|3fa4f560|#X64:/data/compiled/0_na_tpl/0/3/w_tpl_0_na_3481e06c.rom
document:LETTER_DIRKSI5_2016-02-05_14-51-10_00|8c9c743c|#X64:/data/compiled/0_na_tpl/0/3/w_tpl_0_na_3481e06d.rom
document:LETTER_DIRKSI5_2016-02-05_14-51-15_00|8c9f3221|#X64:/data/compiled/0_na_tpl/0/3/w_tpl_0_na_3481e06d.rom
document:LETTER_DIRKSI5_2016-02-05_14-52-09_00|d98987e5|#X64:/data/compiled/0_na_tpl/0/3/w_tpl_0_na_3481e06e.rom
document:LETTER_DIRKSI5_2016-02-05_14-52-15_00|d9996ee2|#X64:/data/compiled/0_na_tpl/0/3/w_tpl_0_na_3481e06e.rom
document:LETTER_DIRKSI5_2016-02-10_07-37-45_00|b75746a6|#X64:/data/compiled/0_na_tpl/0/c/w_tpl_0_na_cfaa49e0.rom
document:LETTER_DIRKSI5_2016-02-10_07-37-56_00|b769eb88|#X64:/data/compiled/0_na_tpl/0/c/w_tpl_0_na_cfaa49e0.rom
document:LETTER_DIRKSI5_2016-02-10_07-39-25_00|51278f26|#X64:/data/compiled/0_na_tpl/0/c/w_tpl_0_na_cfaa49e1.rom
document:LETTER_DIRKSI5_2016-02-10_07-39-32_00|51380284|#X64:/data/compiled/0_na_tpl/0/c/w_tpl_0_na_cfaa49e1.rom
document:LETTER_DIRKSI5_2016-02-10_07-47-09_00|a352eb07|#X64:/data/compiled/0_na_tpl/0/3/w_tpl_0_na_39da17a2.rom
document:LETTER_DIRKSI5_2016-02-10_07-47-16_00|a3635e65|#X64:/data/compiled/0_na_tpl/0/3/w_tpl_0_na_39da17a2.rom
document:LETTER_DIRKSI5_2016-02-10_07-49-22_00|3d67bee4|#X64:/data/compiled/0_na_tpl/0/c/w_tpl_0_na_c6d27d75.rom
document:LETTER_DIRKSI5_2016-02-10_07-49-29_00|3d6b958b|#X64:/data/compiled/0_na_tpl/0/c/w_tpl_0_na_c6d27d75.rom
document:LETTER_DIRKSI5_2016-02-10_07-51-31_00|c1e939dd|#X64:/data/compiled/0_na_tpl/0/c/w_tpl_0_na_c98b29f7.rom
document:LETTER_DIRKSI5_2016-02-15_07-32-59_00|c363906b|#X64:/data/compiled/0_na_tpl/0/8/w_tpl_0_na_84f3da1c.rom
document:LETTER_DIRKSI5_2016-02-15_07-33-07_00|100239e5|#X64:/data/compiled/0_na_tpl/0/8/w_tpl_0_na_84f3da1c.rom
document:LETTER_DIRKSI5_2016-02-15_13-09-07_00|8e4c9885|#X64:/data/compiled/0_na_tpl/0/6/w_tpl_0_na_652f37cd.rom
document:LETTER_DIRKSI5_2016-02-15_13-09-13_00|8e5c7f82|#X64:/data/compiled/0_na_tpl/0/6/w_tpl_0_na_652f37cd.rom
document:LETTER_DIRKSI5_2016-02-15_13-10-58_00|c61d5183|#X64:/data/compiled/0_na_tpl/0/4/w_tpl_0_na_42f920dc.rom
document:LETTER_DIRKSI5_2016-02-15_13-11-05_00|12bb6e9c|#X64:/data/compiled/0_na_tpl/0/4/w_tpl_0_na_42f920dc.rom
document:LETTER_DIRKSI5_2016-02-16_07-59-17_00|05d4722f|#X64:/data/compiled/0_na_tpl/0/1/w_tpl_0_na_17cf2460.rom
document:LETTER_DIRKSI5_2016-02-16_07-59-31_00|05f558eb|#X64:/data/compiled/0_na_tpl/0/1/w_tpl_0_na_17cf2460.rom
document:LETTER_DIRKSI5_2016-02-16_08-04-50_00|ebf73683|#X64:/data/compiled/0_na_tpl/0/1/w_tpl_0_na_17cf2461.rom
document:LETTER_DIRKSI5_2016-02-16_08-05-00_00|3896f8bf|#X64:/data/compiled/0_na_tpl/0/1/w_tpl_0_na_17cf2461.rom
document:LETTER_DIRKSI5_2016-02-16_08-10-33_00|a42d8c81|#X64:/data/compiled/0_na_tpl/0/1/w_tpl_0_na_17cf2462.rom
document:LETTER_DIRKSI5_2016-02-16_08-10-41_00|a43e8c40|#X64:/data/compiled/0_na_tpl/0/1/w_tpl_0_na_17cf2462.rom
document:LETTER_DIRKSI5_2016-02-16_08-16-51_00|722e1147|#X64:/data/compiled/0_na_tpl/0/1/w_tpl_0_na_17cf2463.rom
document:LETTER_DIRKSI5_2016-02-16_08-17-00_00|becd4722|#X64:/data/compiled/0_na_tpl/0/1/w_tpl_0_na_17cf2463.rom
document:LETTER_DIRKSI5_2016-02-16_08-33-19_00|637f05ca|#X64:/data/compiled/0_na_tpl/0/4/w_tpl_0_na_486a0224.rom
document:LETTER_DIRKSI5_2016-02-16_08-33-26_00|638f7928|#X64:/data/compiled/0_na_tpl/0/4/w_tpl_0_na_486a0224.rom
document:LETTER_DIRKSI5_2016-02-16_08-34-59_00|b0c1a48f|#X64:/data/compiled/0_na_tpl/0/a/w_tpl_0_na_a5019f4a.rom
document:LETTER_DIRKSI5_2016-02-16_08-35-04_00|fd5ea8e6|#X64:/data/compiled/0_na_tpl/0/a/w_tpl_0_na_a5019f4a.rom
document:LETTER_DIRKSI5_2016-02-16_09-15-08_00|28e7c1c9|#X64:/data/compiled/0_na_tpl/0/b/w_tpl_0_na_b952a3ce.rom
document:LETTER_DIRKSI5_2016-02-16_09-15-17_00|28f94de9|#X64:/data/compiled/0_na_tpl/0/b/w_tpl_0_na_b952a3ce.rom
document:LETTER_DIRKSI5_2016-02-16_09-20-40_00|948a65e1|#X64:/data/compiled/0_na_tpl/0/b/w_tpl_0_na_b952a3cf.rom
document:LETTER_DIRKSI5_2016-02-16_09-20-47_00|948e3c88|#X64:/data/compiled/0_na_tpl/0/b/w_tpl_0_na_b952a3cf.rom
document:LETTER_DIRKSI5_2016-02-16_09-22-13_00|2e4a3b03|#X64:/data/compiled/0_na_tpl/0/b/w_tpl_0_na_b952a3d0.rom
document:LETTER_DIRKSI5_2016-02-16_09-22-20_00|2e5aae61|#X64:/data/compiled/0_na_tpl/0/b/w_tpl_0_na_b952a3d0.rom
document:LETTER_DIRKSI5_2016-02-16_09-27-27_00|af41b4cd|#X64:/data/compiled/0_na_tpl/0/b/w_tpl_0_na_b952a3d1.rom
document:LETTER_DIRKSI5_2016-02-16_09-28-03_00|fc158f08|#X64:/data/compiled/0_na_tpl/0/b/w_tpl_0_na_b952a3d1.rom
document:LETTER_DIRKSI5_2016-02-16_09-28-47_00|fc602290|#X64:/data/compiled/0_na_tpl/0/b/w_tpl_0_na_b952a3d2.rom
document:LETTER_DIRKSI5_2016-02-16_09-29-45_00|4959468f|#X64:/data/compiled/0_na_tpl/0/b/w_tpl_0_na_b952a3d2.rom
document:LETTER_DIRKSI5_2016-02-16_09-45-57_00|ee072e90|#X64:/data/compiled/0_na_tpl/0/6/w_tpl_0_na_61ce999f.rom
document:LETTER_DIRKSI5_2016-02-16_09-46-05_00|3aa5d80a|#X64:/data/compiled/0_na_tpl/0/6/w_tpl_0_na_61ce999f.rom
document:LETTER_DIRKSI5_2016-02-16_09-47-18_00|87b3d26f|#X64:/data/compiled/0_na_tpl/0/6/w_tpl_0_na_61ce99a0.rom
document:LETTER_DIRKSI5_2016-02-16_09-47-30_00|87d3a069|#X64:/data/compiled/0_na_tpl/0/6/w_tpl_0_na_61ce99a0.rom
document:LETTER_DIRKSI5_2016-02-16_09-48-30_00|d4cddd2a|#X64:/data/compiled/0_na_tpl/0/6/w_tpl_0_na_61ce99a1.rom
document:LETTER_DIRKSI5_2016-02-16_09-48-38_00|d4d24032|#X64:/data/compiled/0_na_tpl/0/6/w_tpl_0_na_61ce99a1.rom
document:LETTER_DIRKSI5_2016-02-16_09-49-44_00|21dc63f0|#X64:/data/compiled/0_na_tpl/0/6/w_tpl_0_na_61ce99a2.rom
document:LETTER_DIRKSI5_2016-02-16_09-49-53_00|21edf010|#X64:/data/compiled/0_na_tpl/0/6/w_tpl_0_na_61ce99a2.rom
document:LETTER_DIRKSI5_2016-02-16_09-51-19_00|a618c72b|#X64:/data/compiled/0_na_tpl/0/6/w_tpl_0_na_61ce99a3.rom
document:LETTER_DIRKSI5_2016-02-16_09-51-25_00|a628ae28|#X64:/data/compiled/0_na_tpl/0/6/w_tpl_0_na_61ce99a3.rom
document:LETTER_DIRKSI5_2016-02-16_16-07-24_00|4ff967c6|#X64:/data/compiled/0_na_tpl/0/6/w_tpl_0_na_6bac4f0e.rom
document:LETTER_DIRKSI5_2016-02-16_16-07-30_00|50094ec3|#X64:/data/compiled/0_na_tpl/0/6/w_tpl_0_na_6bac4f0e.rom
document:LETTER_DIRKSI5_2016-02-16_16-19-22_00|d62e9d67|#X64:/data/compiled/0_na_tpl/0/6/w_tpl_0_na_6bac4f0f.rom
document:LETTER_DIRKSI5_2016-02-16_16-19-29_00|d632740e|#X64:/data/compiled/0_na_tpl/0/6/w_tpl_0_na_6bac4f0f.rom
document:LETTER_DIRKSI5_2016-02-17_08-32-37_00|6606eaca|#X64:/data/compiled/0_na_tpl/0/4/w_tpl_0_na_4d2f8357.rom
document:LETTER_DIRKSI5_2016-02-17_08-33-49_00|b31458ce|#X64:/data/compiled/0_na_tpl/0/4/w_tpl_0_na_4d2f8358.rom
document:LETTER_DIRKSI5_2016-02-17_08-34-45_00|000c640b|#X64:/data/compiled/0_na_tpl/0/4/w_tpl_0_na_4d2f8359.rom
document:LETTER_DIRKSI5_2016-02-17_08-35-32_00|4cf2e328|#X64:/data/compiled/0_na_tpl/0/4/w_tpl_0_na_4d2f835a.rom
document:LETTER_DIRKSI5_2016-02-17_08-36-47_00|9a01f64f|#X64:/data/compiled/0_na_tpl/0/4/w_tpl_0_na_4d2f835b.rom
document:LETTER_DIRKSI5_2016-02-17_08-36-53_00|9a11dd4c|#X64:/data/compiled/0_na_tpl/0/4/w_tpl_0_na_4d2f835b.rom
document:LETTER_DIRKSI5_2016-02-17_08-38-03_00|33abdc49|#X64:/data/compiled/0_na_tpl/0/4/w_tpl_0_na_4d2f835c.rom
document:LETTER_DIRKSI5_2016-02-17_08-38-09_00|33af268f|#X64:/data/compiled/0_na_tpl/0/4/w_tpl_0_na_4d2f835c.rom
document:LETTER_DIRKSI5_2016-02-17_12-11-09_00|ad712201|#X64:/data/compiled/0_na_tpl/0/5/w_tpl_0_na_5c62ef66.rom
document:LETTER_DIRKSI5_2016-02-17_12-11-48_00|adb8f7a4|#X64:/data/compiled/0_na_tpl/0/5/w_tpl_0_na_5c62ef66.rom
document:LETTER_DIRKSI5_2016-02-17_12-16-13_00|2e632001|#X64:/data/compiled/0_na_tpl/0/5/w_tpl_0_na_5c62ef67.rom
document:LETTER_DIRKSI5_2016-02-17_12-16-19_00|2e666a47|#X64:/data/compiled/0_na_tpl/0/5/w_tpl_0_na_5c62ef67.rom
document:LETTER_DIRKSI5_2016-02-17_12-39-00_00|edc1c262|#X64:/data/compiled/0_na_tpl/0/e/w_tpl_0_na_e531b08c.rom
document:LETTER_DIRKSI5_2016-02-17_12-39-13_00|edd58006|#X64:/data/compiled/0_na_tpl/0/e/w_tpl_0_na_e531b08c.rom
document:LETTER_DIRKSI5_2016-02-17_12-45-15_00|a62f7aa5|#X64:/data/compiled/0_na_tpl/0/e/w_tpl_0_na_e531b08d.rom
document:LETTER_DIRKSI5_2016-02-17_12-45-28_00|a6433849|#X64:/data/compiled/0_na_tpl/0/e/w_tpl_0_na_e531b08d.rom
document:LETTER_DIRKSI5_2016-02-17_13-00-12_00|784de35a|#X64:/data/compiled/0_na_tpl/0/7/w_tpl_0_na_7e7c5dbd.rom
document:LETTER_DIRKSI5_2016-02-17_13-00-20_00|785ee319|#X64:/data/compiled/0_na_tpl/0/7/w_tpl_0_na_7e7c5dbd.rom
document:LETTER_DIRKSI5_2016-02-17_13-02-45_00|127a4b82|#X64:/data/compiled/0_na_tpl/0/7/w_tpl_0_na_7e7c5dbe.rom
document:LETTER_DIRKSI5_2016-02-17_13-02-52_00|128abee0|#X64:/data/compiled/0_na_tpl/0/7/w_tpl_0_na_7e7c5dbe.rom
document:LETTER_DIRKSI5_2016-02-17_13-03-55_00|5f86a0c4|#X64:/data/compiled/0_na_tpl/0/7/w_tpl_0_na_7e7c5dbf.rom
document:LETTER_DIRKSI5_2016-02-17_13-04-06_00|ac26ef61|#X64:/data/compiled/0_na_tpl/0/7/w_tpl_0_na_7e7c5dbf.rom
document:LETTER_DIRKSI5_2016-02-17_13-11-01_00|b177501a|#X64:/data/compiled/0_na_tpl/0/7/w_tpl_0_na_7e7c5dc0.rom
document:LETTER_DIRKSI5_2016-02-17_13-28-52_00|b8ebd528|#X64:/data/compiled/0_na_tpl/0/b/w_tpl_0_na_bcbc5c85.rom
document:LETTER_DIRKSI5_2016-02-17_13-29-00_00|058a7ea2|#X64:/data/compiled/0_na_tpl/0/b/w_tpl_0_na_bcbc5c85.rom
document:LETTER_DIRKSI5_2016-02-18_07-09-52_00|078f00eb|#X64:/data/compiled/0_na_tpl/0/b/w_tpl_0_na_b0bd18c8.rom
document:LETTER_DIRKSI5_2016-02-18_07-11-22_00|8bc8a641|#X64:/data/compiled/0_na_tpl/0/b/w_tpl_0_na_b0bd18c9.rom
document:LETTER_DIRKSI5_2016-02-18_07-12-14_00|d8b1e343|#X64:/data/compiled/0_na_tpl/0/b/w_tpl_0_na_b0bd18ca.rom
document:LETTER_DIRKSI5_2016-02-18_07-13-40_00|25e03803|#X64:/data/compiled/0_na_tpl/0/b/w_tpl_0_na_b0bd18cb.rom
document:LETTER_DIRKSI5_2016-02-18_07-16-32_00|0cbdee87|#X64:/data/compiled/0_na_tpl/0/b/w_tpl_0_na_b0bd18cc.rom
document:LETTER_DIRKSI5_2016-02-18_07-18-20_00|a69f36c6|#X64:/data/compiled/0_na_tpl/0/b/w_tpl_0_na_b0bd18cd.rom
document:LETTER_DIRKSI5_2016-02-18_07-19-38_00|f3afef10|#X64:/data/compiled/0_na_tpl/0/b/w_tpl_0_na_b0bd18ce.rom
document:LETTER_DIRKSI5_2016-02-18_07-21-03_00|77e6d681|#X64:/data/compiled/0_na_tpl/0/b/w_tpl_0_na_b0bd18cf.rom
document:LETTER_DIRKSI5_2016-02-18_07-22-50_00|c539e8a4|#X64:/data/compiled/0_na_tpl/0/b/w_tpl_0_na_b0bd18d0.rom
document:LETTER_DIRKSI5_2016-02-19_09-29-43_00|37754a50|#X64:/data/compiled/0_na_tpl/0/0/w_tpl_0_na_04fd35ff.rom
document:LETTER_DIRKSI5_2016-02-19_09-29-50_00|3785bdae|#X64:/data/compiled/0_na_tpl/0/0/w_tpl_0_na_04fd35ff.rom
document:LETTER_DIRKSI5_2016-02-19_09-30-24_00|6ec757c7|#X64:/data/compiled/0_na_tpl/0/2/w_tpl_0_na_26dd3414.rom
document:LETTER_DIRKSI5_2016-02-19_09-30-32_00|6ed85786|#X64:/data/compiled/0_na_tpl/0/2/w_tpl_0_na_26dd3414.rom
document:LETTER_DIRKSI5_2016-02-19_09-36-08_00|3c82c4cf|#X64:/data/compiled/0_na_tpl/0/0/w_tpl_0_na_0f4fb91e.rom
document:LETTER_DIRKSI5_2016-02-19_09-36-14_00|3c92abcc|#X64:/data/compiled/0_na_tpl/0/0/w_tpl_0_na_0f4fb91e.rom
document:LETTER_DIRKSI5_2016-02-26_12-36-53_00|f3105be7|#X64:/data/compiled/0_na_tpl/0/7/w_tpl_0_na_75ff4f90.rom
document:LETTER_DIRKSI5_2016-02-26_12-37-01_00|3faf0561|#X64:/data/compiled/0_na_tpl/0/7/w_tpl_0_na_75ff4f90.rom
document:LETTER_GARTMANNI3_2015-09-03_13-20-50_00|68929cb8|#X64:/data/compiled/0_na_tpl/0/f/w_tpl_0_na_f3d7fd6b.rom
document:LETTER_GARTMANNI3_2015-09-03_13-21-20_00|b5568ff6|#X64:/data/compiled/0_na_tpl/0/f/w_tpl_0_na_f3d7fd6b.rom
document:LETTER_GARTMANNI3_2016-04-01_11-05-47_00|dde15479|#X64:/data/compiled/0_na_tpl/0/f/w_tpl_0_na_f31e2572.rom
document:LETTER_GARTMANNI3_2016-04-01_11-06-12_00|2aa289d2|#X64:/data/compiled/0_na_tpl/0/f/w_tpl_0_na_f31e2572.rom
document:LETTER_GARTMANNI3_2016-04-01_11-07-25_00|77b08437|#X64:/data/compiled/0_na_tpl/0/0/w_tpl_0_na_0b2fdcac.rom
document:LETTER_GARTMANNI3_2016-04-01_11-07-37_00|77c3b57a|#X64:/data/compiled/0_na_tpl/0/0/w_tpl_0_na_0b2fdcac.rom
document:LETTER_GARTMANNI3_2016-04-01_11-10-38_00|492e6d75|#X64:/data/compiled/0_na_tpl/0/e/w_tpl_0_na_ee42114c.rom
document:LETTER_GARTMANNI3_2016-04-01_11-10-45_00|493ee0d3|#X64:/data/compiled/0_na_tpl/0/e/w_tpl_0_na_ee42114d.rom
document:LETTER_GARTMANNI3_2016-04-01_11-10-50_00|494e3b6f|#X64:/data/compiled/0_na_tpl/0/e/w_tpl_0_na_ee421150.rom
document:LETTER_GARTMANNI3_2016-04-01_11-10-54_00|49506cf3|#X64:/data/compiled/0_na_tpl/0/c/w_tpl_0_na_c166d9bc.rom
document:LETTER_GARTMANNI3_2016-04-01_11-11-00_00|95edfdab|#X64:/data/compiled/0_na_tpl/0/e/w_tpl_0_na_ee42116d.rom
document:LETTER_GARTMANNI3_2016-04-01_11-11-04_00|95f02f2f|#X64:/data/compiled/0_na_tpl/0/e/w_tpl_0_na_ee42116e.rom
document:LETTER_GARTMANNI3_2016-04-01_11-11-09_00|95f2ed14|#X64:/data/compiled/0_na_tpl/0/e/w_tpl_0_na_ee421173.rom
document:LETTER_GARTMANNI3_2016-04-01_11-11-12_00|96012eee|#X64:/data/compiled/0_na_tpl/0/c/w_tpl_0_na_c166d9be.rom
document:LETTER_GARTMANNI3_2016-04-01_11-11-18_00|96047934|#X64:/data/compiled/0_na_tpl/0/c/w_tpl_0_na_c166d9bf.rom
document:LETTER_GARTMANNI3_2016-04-01_11-11-22_00|9613476f|#X64:/data/compiled/0_na_tpl/0/c/w_tpl_0_na_c166d9c1.rom
document:LETTER_GARTMANNI3_2016-04-01_11-11-25_00|9614ec92|#X64:/data/compiled/0_na_tpl/0/c/w_tpl_0_na_c166d9c2.rom
document:LETTER_GARTMANNI3_2016-04-01_11-11-29_00|96171e16|#X64:/data/compiled/0_na_tpl/0/c/w_tpl_0_na_c166d9c3.rom
document:LETTER_GARTMANNI3_2016-11-02_09-38-01_00|e1db2abb|#X64:/data/compiled/0_na_tpl/0/a/w_tpl_0_na_a5d45334.rom
document:LETTER_GARTMANNI3_2016-11-02_09-38-43_00|e224a581|#X64:/data/compiled/0_na_tpl/0/a/w_tpl_0_na_a5d45334.rom
document:LETTER_GARTMANNI3_2016-11-04_13-01-44_00|0e636b75|#X64:/data/compiled/0_na_tpl/0/0/w_tpl_0_na_0ced7900.rom
document:LETTER_GARTMANNI3_2016-11-04_13-01-57_00|0e772919|#X64:/data/compiled/0_na_tpl/0/0/w_tpl_0_na_0ced7900.rom
document:LETTER_GARTMANNI3_2016-11-04_13-09-21_00|760f7b58|#X64:/data/compiled/0_na_tpl/0/0/w_tpl_0_na_01872092.rom
document:LETTER_GARTMANNI3_2016-11-04_13-20-03_00|99a3ea11|#X64:/data/compiled/0_na_tpl/0/2/w_tpl_0_na_2d4dcfb8.rom
document:LETTER_GARTMANNI3_2016-11-04_13-47-01_00|8cfe2458|#X64:/data/compiled/0_na_tpl/0/4/w_tpl_0_na_452ed685.rom
document:LETTER_GARTMANNI3_2016-11-04_13-48-36_00|da316881|#X64:/data/compiled/0_na_tpl/0/4/w_tpl_0_na_452ed685.rom
document:LETTER_GARTMANNI3_2016-11-04_13-55-20_00|df6f2458|#X64:/data/compiled/0_na_tpl/0/7/w_tpl_0_na_77ecb12b.rom
document:LETTER_GARTMANNI3_2017-01-17_12-23-25_00|c40b335b|#X64:/data/compiled/0_na_tpl/0/d/w_tpl_0_na_dcdccc48.rom
document:LETTER_GARTMANNI3_2017-01-17_12-31-41_00|167a8e38|#X64:/data/compiled/0_na_tpl/0/e/w_tpl_0_na_e703590f.rom
document:LETTER_GARTMANNI3_2017-01-17_12-32-09_00|6330cbfd|#X64:/data/compiled/0_na_tpl/0/b/w_tpl_0_na_b34efbc1.rom
document:LETTER_GARTMANNI3_2017-01-17_12-32-33_00|6363cb3a|#X64:/data/compiled/0_na_tpl/0/b/w_tpl_0_na_b34efbc2.rom
document:LETTER_GARTMANNI3_2017-01-17_12-32-46_00|637788de|#X64:/data/compiled/0_na_tpl/0/b/w_tpl_0_na_b34efbc3.rom
document:LETTER_GARTMANNI3_2017-01-17_12-35-22_00|4a3fdc9b|#X64:/data/compiled/0_na_tpl/0/c/w_tpl_0_na_c933e4e0.rom
document:LETTER_GARTMANNI3_2017-01-17_12-36-02_00|9715e85a|#X64:/data/compiled/0_na_tpl/0/b/w_tpl_0_na_bcbc5c86.rom
document:LETTER_GARTMANNI3_2017-01-17_12-36-23_00|973aa5bd|#X64:/data/compiled/0_na_tpl/0/b/w_tpl_0_na_bcbc5c87.rom
document:LETTER_GARTMANNI3_2017-01-17_12-40-23_00|b59f0e18|#X64:/data/compiled/0_na_tpl/0/e/w_tpl_0_na_ee42114c.rom
document:LETTER_GARTMANNI3_2017-01-17_12-40-31_00|b5b00dd7|#X64:/data/compiled/0_na_tpl/0/e/w_tpl_0_na_ee42114d.rom
document:LETTER_GARTMANNI3_2017-01-17_12-40-33_00|b5b12699|#X64:/data/compiled/0_na_tpl/0/e/w_tpl_0_na_ee421150.rom
document:LETTER_GARTMANNI3_2017-01-17_12-40-36_00|b5b2cbbc|#X64:/data/compiled/0_na_tpl/0/c/w_tpl_0_na_c166d9bc.rom
document:LETTER_GARTMANNI3_2017-01-17_12-40-38_00|b5b3e47e|#X64:/data/compiled/0_na_tpl/0/e/w_tpl_0_na_ee42116d.rom
document:LETTER_GARTMANNI3_2017-01-17_12-40-41_00|b5c22658|#X64:/data/compiled/0_na_tpl/0/e/w_tpl_0_na_ee42116e.rom
document:LETTER_GARTMANNI3_2017-01-17_12-40-43_00|b5c33f1a|#X64:/data/compiled/0_na_tpl/0/e/w_tpl_0_na_ee421173.rom
document:LETTER_GARTMANNI3_2017-01-17_12-40-46_00|b5c4e43d|#X64:/data/compiled/0_na_tpl/0/c/w_tpl_0_na_c166d9be.rom
document:LETTER_GARTMANNI3_2017-01-17_12-40-48_00|b5c5fcff|#X64:/data/compiled/0_na_tpl/0/c/w_tpl_0_na_c166d9bf.rom
document:LETTER_GARTMANNI3_2017-01-17_12-40-51_00|b5d43ed9|#X64:/data/compiled/0_na_tpl/0/c/w_tpl_0_na_c166d9c1.rom
document:LETTER_GARTMANNI3_2017-01-17_12-40-55_00|b5d6705d|#X64:/data/compiled/0_na_tpl/0/c/w_tpl_0_na_c166d9c2.rom
document:LETTER_GARTMANNI3_2017-01-17_12-40-58_00|b5d81580|#X64:/data/compiled/0_na_tpl/0/c/w_tpl_0_na_c166d9c3.rom
document:LETTER_GARTMANNI3_2017-01-17_12-47-29_00|d07a01a5|#X64:/data/compiled/0_na_tpl/0/b/w_tpl_0_na_b064f83f.rom
document:LETTER_GARTMANNI3_2017-01-17_12-48-20_00|1d6f4efd|#X64:/data/compiled/0_na_tpl/0/c/w_tpl_0_na_c98b29f7.rom
document:LETTER_GARTMANNI3_2017-01-17_12-49-47_00|6a919367|#X64:/data/compiled/0_na_tpl/0/2/w_tpl_0_na_2f21444b.rom
document:LETTER_GARTMANNI3_2017-01-17_12-50-25_00|a1e1fbbb|#X64:/data/compiled/0_na_tpl/0/1/w_tpl_0_na_139d332c.rom
document:LETTER_GARTMANNI3_2017-01-17_12-51-43_00|eeff50bc|#X64:/data/compiled/0_na_tpl/0/7/w_tpl_0_na_7250a49c.rom
document:LETTER_GARTMANNI3_2017-01-17_12-52-07_00|3bb35cfd|#X64:/data/compiled/0_na_tpl/0/8/w_tpl_0_na_8d29cd7c.rom
document:LETTER_GARTMANNI3_2017-01-17_12-52-35_00|3be88dbe|#X64:/data/compiled/0_na_tpl/0/8/w_tpl_0_na_8374aca3.rom
document:LETTER_GARTMANNI3_2017-01-17_12-52-56_00|3c0d4b21|#X64:/data/compiled/0_na_tpl/0/8/w_tpl_0_na_8374aca4.rom
document:LETTER_GARTMANNI3_2017-01-17_12-53-19_00|88c0cb01|#X64:/data/compiled/0_na_tpl/0/f/w_tpl_0_na_f8ad9006.rom
document:LETTER_GARTMANNI3_2017-01-17_12-55-19_00|22b54483|#X64:/data/compiled/0_na_tpl/0/f/w_tpl_0_na_f8ad9008.rom
document:LETTER_GARTMANNI3_2017-01-17_12-55-38_00|22d8e924|#X64:/data/compiled/0_na_tpl/0/f/w_tpl_0_na_f8ad9009.rom
document:LETTER_GARTMANNI3_2017-01-17_12-58-34_00|09c56de3|#X64:/data/compiled/0_na_tpl/0/f/w_tpl_0_na_f8ad900a.rom
document:LETTER_GARTMANNI3_2017-01-17_13-00-02_00|087d8e52|#X64:/data/compiled/0_na_tpl/0/f/w_tpl_0_na_f7e57e93.rom
document:LETTER_GARTMANNI3_2017-01-17_13-01-02_00|5577cb13|#X64:/data/compiled/0_na_tpl/0/8/w_tpl_0_na_860bb793.rom
document:LETTER_GARTMANNI3_2017-01-17_13-01-46_00|55c25e9b|#X64:/data/compiled/0_na_tpl/0/a/w_tpl_0_na_a76ca45a.rom
document:LETTER_GARTMANNI3_2017-01-17_13-02-29_00|a29a0f7d|#X64:/data/compiled/0_na_tpl/0/4/w_tpl_0_na_4c63ac2b.rom
document:LETTER_GARTMANNI3_2017-01-17_13-04-00_00|3c656894|#X64:/data/compiled/0_na_tpl/0/0/w_tpl_0_na_07ceef27.rom
document:LETTER_GARTMANNI3_2017-01-17_13-04-32_00|3c9ccad9|#X64:/data/compiled/0_na_tpl/0/0/w_tpl_0_na_07ceef28.rom
document:LETTER_GARTMANNI3_2017-01-17_13-05-31_00|89967b39|#X64:/data/compiled/0_na_tpl/0/2/w_tpl_0_na_2d0ba320.rom
document:LETTER_GARTMANNI3_2017-01-17_13-06-20_00|d67e1318|#X64:/data/compiled/0_na_tpl/0/2/w_tpl_0_na_2d0ba322.rom
document:LETTER_GARTMANNI3_2017-01-17_13-06-57_00|d6b83342|#X64:/data/compiled/0_na_tpl/0/2/w_tpl_0_na_2d0ba321.rom
document:LETTER_GARTMANNI3_2017-01-17_13-08-10_00|70607419|#X64:/data/compiled/0_na_tpl/0/4/w_tpl_0_na_407e8b2a.rom
document:LETTER_GARTMANNI3_2017-01-17_13-08-28_00|7076efa2|#X64:/data/compiled/0_na_tpl/0/8/w_tpl_0_na_84bdc98f.rom
document:LETTER_GARTMANNI3_2017-01-17_13-08-59_00|70adc586|#X64:/data/compiled/0_na_tpl/0/8/w_tpl_0_na_818ea76b.rom
document:LETTER_GARTMANNI3_2017-01-17_13-10-04_00|f4c07bf5|#X64:/data/compiled/0_na_tpl/0/c/w_tpl_0_na_ced56498.rom
document:LETTER_GARTMANNI3_2017-01-17_13-10-40_00|f506ac75|#X64:/data/compiled/0_na_tpl/0/8/w_tpl_0_na_870a3fd7.rom
document:LETTER_GARTMANNI3_2017-01-17_13-10-56_00|f51c0f3c|#X64:/data/compiled/0_na_tpl/0/8/w_tpl_0_na_870a3fd8.rom
document:LETTER_GARTMANNI3_2017-01-17_13-11-50_00|421301b7|#X64:/data/compiled/0_na_tpl/0/8/w_tpl_0_na_870a3fd9.rom
document:LETTER_GARTMANNI3_2017-01-17_13-12-15_00|8ec79a59|#X64:/data/compiled/0_na_tpl/0/8/w_tpl_0_na_870a3fda.rom
document:LETTER_GARTMANNI3_2017-01-17_13-12-25_00|8ed9b2da|#X64:/data/compiled/0_na_tpl/0/8/w_tpl_0_na_870a3fdb.rom
document:LETTER_GARTMANNI3_2017-01-17_13-12-56_00|8f1088be|#X64:/data/compiled/0_na_tpl/0/3/w_tpl_0_na_3cf62aa3.rom
document:LETTER_GARTMANNI3_2017-01-18_12-08-45_00|bbedf3e1|#X64:/data/compiled/0_na_tpl/0/7/w_tpl_0_na_7e7c5dc0.rom
document:LETTER_GARTMANNI3_2017-01-18_12-10-19_00|4029cabb|#X64:/data/compiled/0_na_tpl/0/a/w_tpl_0_na_a4d0fb60.rom
document:LETTER_GARTMANNI3_2017-01-18_12-11-13_00|8d20bd36|#X64:/data/compiled/0_na_tpl/0/e/w_tpl_0_na_e5fcccb7.rom
document:LETTER_GARTMANNI3_2017-01-18_12-11-22_00|8d324956|#X64:/data/compiled/0_na_tpl/0/4/w_tpl_0_na_464802a5.rom
document:LETTER_GARTMANNI3_2017-01-18_12-11-32_00|8d4461d7|#X64:/data/compiled/0_na_tpl/0/4/w_tpl_0_na_464802a6.rom
document:LETTER_GARTMANNI3_2017-01-18_12-12-07_00|da0b12fa|#X64:/data/compiled/0_na_tpl/0/4/w_tpl_0_na_464802a9.rom
document:LETTER_GARTMANNI3_2017-01-18_12-12-24_00|da2d9ed9|#X64:/data/compiled/0_na_tpl/0/7/w_tpl_0_na_7e94962a.rom
document:LETTER_GARTMANNI3_2017-01-18_12-19-39_00|f51a1e86|#X64:/data/compiled/0_na_tpl/0/6/w_tpl_0_na_65be2b95.rom
document:LETTER_GARTMANNI3_2017-01-18_12-20-05_00|2c575597|#X64:/data/compiled/0_na_tpl/0/4/w_tpl_0_na_4f8c9a4c.rom
document:LETTER_GARTMANNI3_2017-01-18_12-20-23_00|2c7a6dd7|#X64:/data/compiled/0_na_tpl/0/4/w_tpl_0_na_4f8c9a4d.rom
document:LETTER_GARTMANNI3_2017-01-18_12-22-42_00|c6928bfa|#X64:/data/compiled/0_na_tpl/0/d/w_tpl_0_na_d727a33c.rom
document:LETTER_GARTMANNI3_2017-01-18_12-24-48_00|608a4fc2|#X64:/data/compiled/0_na_tpl/0/4/w_tpl_0_na_4d2f835a.rom
document:LETTER_GARTMANNI3_2017-01-18_12-24-58_00|609c6843|#X64:/data/compiled/0_na_tpl/0/4/w_tpl_0_na_4d2f8357.rom
document:LETTER_GARTMANNI3_2017-01-18_12-25-05_00|ad3a855c|#X64:/data/compiled/0_na_tpl/0/4/w_tpl_0_na_4d2f8358.rom
document:LETTER_GARTMANNI3_2017-01-18_12-25-07_00|ad3b9e1e|#X64:/data/compiled/0_na_tpl/0/4/w_tpl_0_na_4d2f8359.rom
document:LETTER_GARTMANNI3_2017-01-18_12-25-31_00|ad6e9d5b|#X64:/data/compiled/0_na_tpl/0/c/w_tpl_0_na_cd1cf806.rom
document:LETTER_GARTMANNI3_2017-01-18_12-27-12_00|473f723c|#X64:/data/compiled/0_na_tpl/0/3/w_tpl_0_na_3d7e5c15.rom
document:LETTER_GARTMANNI3_2017-01-18_12-27-23_00|4752171e|#X64:/data/compiled/0_na_tpl/0/e/w_tpl_0_na_efa27ca1.rom
document:LETTER_GARTMANNI3_2017-01-18_12-28-58_00|94855b47|#X64:/data/compiled/0_na_tpl/0/b/w_tpl_0_na_b2e414b3.rom
document:LETTER_GARTMANNI3_2017-01-18_12-29-05_00|e1237860|#X64:/data/compiled/0_na_tpl/0/b/w_tpl_0_na_b2e414b2.rom
document:LETTER_GARTMANNI3_2017-01-18_12-29-34_00|e1593582|#X64:/data/compiled/0_na_tpl/0/f/w_tpl_0_na_fff9b850.rom
document:LETTER_GARTMANNI3_2017-01-18_12-30-19_00|18ad747d|#X64:/data/compiled/0_na_tpl/0/1/w_tpl_0_na_1b3eee8e.rom
document:LETTER_GARTMANNI3_2017-01-18_12-32-15_00|b29fbc7b|#X64:/data/compiled/0_na_tpl/0/1/w_tpl_0_na_1d8785f8.rom
document:LETTER_GARTMANNI3_2017-01-18_12-32-28_00|b2b37a1f|#X64:/data/compiled/0_na_tpl/0/5/w_tpl_0_na_5e7f51d9.rom
document:LETTER_GARTMANNI3_2017-01-18_12-32-46_00|b2d6925f|#X64:/data/compiled/0_na_tpl/0/1/w_tpl_0_na_1a790e24.rom
document:LETTER_GARTMANNI3_2017-01-18_12-33-16_00|ff9a859d|#X64:/data/compiled/0_na_tpl/0/8/w_tpl_0_na_8724230e.rom
document:LETTER_GARTMANNI3_2017-01-18_12-34-31_00|4cb6357b|#X64:/data/compiled/0_na_tpl/0/b/w_tpl_0_na_b0bd18c8.rom
document:LETTER_GARTMANNI3_2017-01-18_12-34-39_00|4cba9883|#X64:/data/compiled/0_na_tpl/0/b/w_tpl_0_na_b0bd18c9.rom
document:LETTER_GARTMANNI3_2017-01-18_12-34-42_00|4cc8da5d|#X64:/data/compiled/0_na_tpl/0/b/w_tpl_0_na_b0bd18ca.rom
document:LETTER_GARTMANNI3_2017-01-18_12-34-46_00|4ccb0be1|#X64:/data/compiled/0_na_tpl/0/b/w_tpl_0_na_b0bd18cb.rom
document:LETTER_GARTMANNI3_2017-01-18_12-34-49_00|4cccb104|#X64:/data/compiled/0_na_tpl/0/b/w_tpl_0_na_b0bd18cc.rom
document:LETTER_GARTMANNI3_2017-01-18_12-34-53_00|4cdb7f3f|#X64:/data/compiled/0_na_tpl/0/b/w_tpl_0_na_b0bd18cd.rom
document:LETTER_GARTMANNI3_2017-01-18_12-34-56_00|4cdd2462|#X64:/data/compiled/0_na_tpl/0/b/w_tpl_0_na_b0bd18ce.rom
document:LETTER_GARTMANNI3_2017-01-18_12-34-59_00|4cdec985|#X64:/data/compiled/0_na_tpl/0/b/w_tpl_0_na_b0bd18cf.rom
document:LETTER_GARTMANNI3_2017-01-18_12-35-03_00|997b417b|#X64:/data/compiled/0_na_tpl/0/b/w_tpl_0_na_b0bd18d0.rom
document:LETTER_GARTMANNI3_2017-03-02_13-14-47_00|794258bc|#X64:/data/compiled/0_na_tpl/0/1/w_tpl_0_na_102fafdd.rom
document:LETTER_GARTMANNI3_2017-03-02_13-15-43_00|c63a63f9|#X64:/data/compiled/0_na_tpl/0/1/w_tpl_0_na_102fafdd.rom
document:LETTER_GARTMANNI3_2017-04-11_10-45-32_00|76e3e058|#X64:/data/compiled/0_na_tpl/0/0/w_tpl_0_na_0214ed2c.rom
document:LETTER_GARTMANNI3_2017-04-11_10-46-51_00|c401c1ba|#X64:/data/compiled/0_na_tpl/0/0/w_tpl_0_na_0214ed2c.rom
document:LETTER_GARTMANNI3_2017-04-11_11-28-03_00|8923c0d8|#X64:/data/compiled/0_na_tpl/0/8/w_tpl_0_na_890a64f1.rom
document:LETTER_GARTMANNI3_2017-04-11_11-29-55_00|d67990e0|#X64:/data/compiled/0_na_tpl/0/8/w_tpl_0_na_890a64f1.rom
document:LETTER_IKENI7_2015-02-19_13-17-13_00|be12f830|#X64:/data/compiled/0_na_tpl/0/d/w_tpl_0_na_d71a4b51.rom
document:LETTER_IKENI7_2015-02-19_13-17-31_00|be361070|#X64:/data/compiled/0_na_tpl/0/d/w_tpl_0_na_d71a4b51.rom
document:LETTER_IKENI7_2015-03-20_10-16-13_00|e2171205|#X64:/data/compiled/0_na_tpl/0/3/w_tpl_0_na_3a626296.rom
document:LETTER_IKENI7_2015-03-20_10-16-47_00|e24f8d0c|#X64:/data/compiled/0_na_tpl/0/3/w_tpl_0_na_3a626296.rom
document:LETTER_IKENI7_2015-03-20_11-32-14_00|8abce645|#X64:/data/compiled/0_na_tpl/0/d/w_tpl_0_na_db56cfcf.rom
document:LETTER_IKENI7_2015-03-20_11-32-22_00|8acde604|#X64:/data/compiled/0_na_tpl/0/d/w_tpl_0_na_db56cfcf.rom
document:LETTER_IKENI7_2015-03-20_11-34-42_00|24e69088|#X64:/data/compiled/0_na_tpl/0/d/w_tpl_0_na_db56cfd0.rom
document:LETTER_IKENI7_2015-03-20_11-35-10_00|71a96b04|#X64:/data/compiled/0_na_tpl/0/d/w_tpl_0_na_db56cfd0.rom
document:LETTER_IKENI7_2015-03-20_11-37-02_00|0b8ce4c7|#X64:/data/compiled/0_na_tpl/0/d/w_tpl_0_na_db56cfd1.rom
document:LETTER_IKENI7_2015-03-20_11-37-16_00|0ba12ecc|#X64:/data/compiled/0_na_tpl/0/d/w_tpl_0_na_db56cfd1.rom
document:LETTER_IKENI7_2015-03-20_11-38-24_00|58ac6b4c|#X64:/data/compiled/0_na_tpl/0/d/w_tpl_0_na_db56cfd2.rom
document:LETTER_IKENI7_2015-03-20_11-38-46_00|58d1b510|#X64:/data/compiled/0_na_tpl/0/d/w_tpl_0_na_db56cfd2.rom
document:LETTER_IKENI7_2015-03-20_11-39-35_00|a5b94cef|#X64:/data/compiled/0_na_tpl/0/d/w_tpl_0_na_db56cfd3.rom
document:LETTER_IKENI7_2015-03-20_11-48-23_00|44edb3cc|#X64:/data/compiled/0_na_tpl/0/d/w_tpl_0_na_db56cfd3.rom
document:LETTER_IKENI7_2015-03-23_11-22-03_00|8c858905|#X64:/data/compiled/0_na_tpl/0/a/w_tpl_0_na_a4f130e4.rom
document:LETTER_IKENI7_2015-03-23_11-28-33_00|5a993f0e|#X64:/data/compiled/0_na_tpl/0/a/w_tpl_0_na_a4f130e4.rom
document:LETTER_IKENI7_2015-04-09_12-21-31_00|b5b9f9cb|#X64:/data/compiled/0_na_tpl/0/3/w_tpl_0_na_3a5b1bc4.rom
document:LETTER_IKENI7_2015-04-09_12-22-00_00|027d60a8|#X64:/data/compiled/0_na_tpl/0/3/w_tpl_0_na_3a5b1bc4.rom
document:LETTER_IKENI7_2015-04-24_12-53-12_00|fdf5910c|#X64:/data/compiled/0_na_tpl/0/7/w_tpl_0_na_7fce3fda.rom
document:LETTER_IKENI7_2015-04-24_12-53-46_00|fe2e0c13|#X64:/data/compiled/0_na_tpl/0/7/w_tpl_0_na_7fce3fda.rom
document:LETTER_IKENI7_2015-04-24_12-59-04_00|cbc1fdd3|#X64:/data/compiled/0_na_tpl/0/1/w_tpl_0_na_1365f325.rom
document:LETTER_IKENI7_2015-04-24_12-59-15_00|cbd4a2b5|#X64:/data/compiled/0_na_tpl/0/1/w_tpl_0_na_1365f325.rom
document:LETTER_IKENI7_2015-04-24_13-05-20_00|febc7309|#X64:/data/compiled/0_na_tpl/0/7/w_tpl_0_na_7cb588fc.rom
document:LETTER_IKENI7_2015-04-24_13-05-37_00|fed26231|#X64:/data/compiled/0_na_tpl/0/7/w_tpl_0_na_7cb588fc.rom
document:LETTER_IKENI7_2015-05-05_13-49-20_00|c8c075b1|#X64:/data/compiled/0_na_tpl/0/8/w_tpl_0_na_857e6056.rom
document:LETTER_IKENI7_2015-05-05_13-49-28_00|c8c4d8b9|#X64:/data/compiled/0_na_tpl/0/8/w_tpl_0_na_857e6056.rom
document:LETTER_IKENI7_2015-07-24_12-26-40_00|44f36b10|#X64:/data/compiled/0_na_tpl/0/8/w_tpl_0_na_8626c0d2.rom
document:LETTER_IKENI7_2015-07-24_12-33-10_00|4a10402b|#X64:/data/compiled/0_na_tpl/0/8/w_tpl_0_na_8626c0d2.rom
document:LETTER_IKENI7_2015-10-01_12-16-15_00|314653a6|#X64:/data/compiled/0_na_tpl/0/6/w_tpl_0_na_6257bfb4.rom
document:LETTER_IKENI7_2015-10-02_09-47-49_00|298ad638|#X64:/data/compiled/0_na_tpl/0/6/w_tpl_0_na_6257bfb4.rom
document:LETTER_IKENI7_2015-10-09_11-50-01_00|8b49ab86|#X64:/data/compiled/0_na_tpl/0/a/w_tpl_0_na_af4bfe2d.rom
document:LETTER_IKENI7_2015-10-09_11-50-16_00|8b5e81ec|#X64:/data/compiled/0_na_tpl/0/a/w_tpl_0_na_af4bfe2d.rom
document:LETTER_IKENI7_2015-10-09_12-52-45_00|299349b1|#X64:/data/compiled/0_na_tpl/0/0/w_tpl_0_na_0f764b14.rom
document:LETTER_IKENI7_2015-10-09_12-52-53_00|29a44970|#X64:/data/compiled/0_na_tpl/0/0/w_tpl_0_na_0f764b14.rom
document:LETTER_IKENI7_2015-10-20_08-42-05_00|7c14e20a|#X64:/data/compiled/0_na_tpl/0/3/w_tpl_0_na_3a5c354b.rom
document:LETTER_IKENI7_2015-10-20_08-42-23_00|7c37fa4a|#X64:/data/compiled/0_na_tpl/0/3/w_tpl_0_na_3a5c354b.rom
document:LETTER_IKENI7_2016-01-07_10-31-11_00|873f5d04|#X64:/data/compiled/0_na_tpl/0/e/w_tpl_0_na_e703590f.rom
document:LETTER_IKENI7_2016-01-12_13-02-28_00|ca0ec7c9|#X64:/data/compiled/0_na_tpl/0/1/w_tpl_0_na_1a790e24.rom
document:LETTER_IKENI7_2016-01-13_10-08-21_00|db27b3c6|#X64:/data/compiled/0_na_tpl/0/1/w_tpl_0_na_149cf272.rom
document:LETTER_IKENI7_2016-01-13_10-08-38_00|db3da2ee|#X64:/data/compiled/0_na_tpl/0/1/w_tpl_0_na_149cf272.rom
document:LETTER_IKENI7_2016-01-13_14-40-11_00|34754d45|#X64:/data/compiled/0_na_tpl/0/b/w_tpl_0_na_b2e414b2.rom
document:LETTER_IKENI7_2016-01-13_14-42-53_00|ceb3418d|#X64:/data/compiled/0_na_tpl/0/b/w_tpl_0_na_b2e414b3.rom
document:LETTER_IKENI7_2016-01-20_10-25-59_00|1a1a70ee|#X64:/data/compiled/0_na_tpl/0/c/w_tpl_0_na_c222f618.rom
document:LETTER_IKENI7_2016-01-20_10-26-14_00|66c98dc6|#X64:/data/compiled/0_na_tpl/0/c/w_tpl_0_na_c222f618.rom
document:LETTER_IKENI7_2016-03-01_09-45-12_00|829d28ee|#X64:/data/compiled/0_na_tpl/0/5/w_tpl_0_na_5e7f51d9.rom
document:LETTER_IKENI7_2016-03-14_13-52-00_00|1e57bae8|#X64:/data/compiled/0_na_tpl/0/8/w_tpl_0_na_8724230e.rom
document:LETTER_IKENI7_2016-04-14_08-00-05_00|822a1d2b|#X64:/data/compiled/0_na_tpl/0/a/w_tpl_0_na_a76ca45a.rom
document:LETTER_IKENI7_2016-05-20_10-53-32_00|759805ea|#X64:/data/compiled/0_na_tpl/0/8/w_tpl_0_na_860bb793.rom
document:LETTER_IKENI7_2016-06-15_11-59-33_00|a550abb7|#X64:/data/compiled/0_na_tpl/0/1/w_tpl_0_na_1d8785f8.rom
document:LETTER_IKENI7_2016-06-15_12-49-18_00|bcf7f4da|#X64:/data/compiled/0_na_tpl/0/a/w_tpl_0_na_a31e82b1.rom
document:LETTER_IKENI7_2016-06-15_13-08-49_00|c337cb9a|#X64:/data/compiled/0_na_tpl/0/f/w_tpl_0_na_fb3f0959.rom
document:LETTER_IKENI7_2016-06-15_13-18-39_00|af6787fa|#X64:/data/compiled/0_na_tpl/0/d/w_tpl_0_na_ddc70536.rom
document:LETTER_IKENI7_2016-06-16_09-21-38_00|6312e239|#X64:/data/compiled/0_na_tpl/0/b/w_tpl_0_na_bcbbc43e.rom
document:LETTER_IKENI7_2016-06-16_09-56-57_00|a8df3542|#X64:/data/compiled/0_na_tpl/0/3/w_tpl_0_na_3e1e4199.rom
document:LETTER_IKENI7_2016-06-16_10-16-13_00|588ae94e|#X64:/data/compiled/0_na_tpl/0/1/w_tpl_0_na_1e0a0241.rom
document:LETTER_IKENI7_2016-06-17_13-10-15_00|e62d526e|#X64:/data/compiled/0_na_tpl/0/a/w_tpl_0_na_aa87a79d.rom
document:LETTER_IKENI7_2016-06-17_13-11-08_00|33171bd1|#X64:/data/compiled/0_na_tpl/0/a/w_tpl_0_na_aa87a79d.rom
document:LETTER_IKENI7_2016-06-20_09-30-36_00|615f6232|#X64:/data/compiled/0_na_tpl/0/6/w_tpl_0_na_66c62811.rom
document:LETTER_IKENI7_2016-06-20_09-30-55_00|618306d3|#X64:/data/compiled/0_na_tpl/0/6/w_tpl_0_na_66c62811.rom
document:LETTER_IKENI7_2016-06-20_12-17-49_00|0cd9dcb5|#X64:/data/compiled/0_na_tpl/0/6/w_tpl_0_na_6569404c.rom
document:LETTER_IKENI7_2016-06-20_12-18-00_00|5986c809|#X64:/data/compiled/0_na_tpl/0/6/w_tpl_0_na_6569404c.rom
document:LETTER_IKENI7_2016-06-30_11-11-30_00|761b10c5|#X64:/data/compiled/0_na_tpl/0/8/w_tpl_0_na_84b879f3.rom
document:LETTER_IKENI7_2016-06-30_11-12-07_00|c2e2daaa|#X64:/data/compiled/0_na_tpl/0/8/w_tpl_0_na_84b879f3.rom
document:LETTER_IKENI7_2016-07-01_07-35-26_00|bf2f1354|#X64:/data/compiled/0_na_tpl/0/8/w_tpl_0_na_84b879f4.rom
document:LETTER_IKENI7_2016-07-01_07-35-33_00|bf3f86b2|#X64:/data/compiled/0_na_tpl/0/8/w_tpl_0_na_84b879f5.rom
document:LETTER_IKENI7_2016-07-01_07-35-37_00|bf41b836|#X64:/data/compiled/0_na_tpl/0/8/w_tpl_0_na_84b879f6.rom
document:LETTER_IKENI7_2016-07-01_07-35-45_00|bf52b7f5|#X64:/data/compiled/0_na_tpl/0/8/w_tpl_0_na_84b879f7.rom
document:LETTER_IKENI7_2016-07-01_07-35-50_00|bf621291|#X64:/data/compiled/0_na_tpl/0/8/w_tpl_0_na_84b879f8.rom
document:LETTER_IKENI7_2016-07-01_07-35-55_00|bf64d076|#X64:/data/compiled/0_na_tpl/0/8/w_tpl_0_na_84b879f9.rom
document:LETTER_IKENI7_2016-07-01_07-36-00_00|0c01d4cd|#X64:/data/compiled/0_na_tpl/0/8/w_tpl_0_na_84b879fa.rom
document:LETTER_IKENI7_2016-07-01_07-36-34_00|0c3a4fd4|#X64:/data/compiled/0_na_tpl/0/8/w_tpl_0_na_84b879f4.rom
document:LETTER_IKENI7_2016-07-01_07-37-16_00|59117455|#X64:/data/compiled/0_na_tpl/0/8/w_tpl_0_na_84b879f5.rom
document:LETTER_IKENI7_2016-07-01_07-37-38_00|5936be19|#X64:/data/compiled/0_na_tpl/0/8/w_tpl_0_na_84b879f6.rom
document:LETTER_IKENI7_2016-07-01_07-38-00_00|a5f64e4f|#X64:/data/compiled/0_na_tpl/0/8/w_tpl_0_na_84b879f7.rom
document:LETTER_IKENI7_2016-07-01_07-38-22_00|a61b9813|#X64:/data/compiled/0_na_tpl/0/8/w_tpl_0_na_84b879f8.rom
document:LETTER_IKENI7_2016-07-01_07-38-56_00|a654131a|#X64:/data/compiled/0_na_tpl/0/8/w_tpl_0_na_84b879fa.rom
document:LETTER_IKENI7_2016-07-01_07-39-23_00|f3166135|#X64:/data/compiled/0_na_tpl/0/8/w_tpl_0_na_84b879f9.rom
document:LETTER_IKENI7_2016-07-01_07-41-40_00|77a8dbed|#X64:/data/compiled/0_na_tpl/0/5/w_tpl_0_na_516a8c7e.rom
document:LETTER_IKENI7_2016-07-01_07-41-44_00|77ab0d71|#X64:/data/compiled/0_na_tpl/0/5/w_tpl_0_na_516a8c7e.rom
document:LETTER_IKENI7_2016-07-08_08-49-33_00|0f0e223f|#X64:/data/compiled/0_na_tpl/0/c/w_tpl_0_na_ce30e822.rom
document:LETTER_IKENI7_2016-07-08_08-49-51_00|0f313a7f|#X64:/data/compiled/0_na_tpl/0/c/w_tpl_0_na_ce30e822.rom
document:LETTER_IKENI7_2016-07-13_06-38-51_00|7c4510b7|#X64:/data/compiled/0_na_tpl/0/9/w_tpl_0_na_9488ebf9.rom
document:LETTER_IKENI7_2016-07-13_06-39-04_00|c8e67816|#X64:/data/compiled/0_na_tpl/0/9/w_tpl_0_na_9488ebf9.rom
document:LETTER_IKENI7_2016-09-21_12-09-04_00|2e3fdc91|#X64:/data/compiled/0_na_tpl/0/2/w_tpl_0_na_2d0ba320.rom
document:LETTER_IKENI7_2016-09-21_12-30-36_00|3e709ab0|#X64:/data/compiled/0_na_tpl/0/2/w_tpl_0_na_2d0ba321.rom
document:LETTER_IKENI7_2016-09-21_12-34-04_00|72222b6f|#X64:/data/compiled/0_na_tpl/0/2/w_tpl_0_na_2d0ba322.rom
document:LETTER_IKENI7_2016-11-15_13-29-30_00|3e6ececf|#X64:/data/compiled/0_na_tpl/0/6/w_tpl_0_na_60c8da2e.rom
document:LETTER_IKENI7_2016-11-15_13-29-42_00|3e820012|#X64:/data/compiled/0_na_tpl/0/6/w_tpl_0_na_60c8da2e.rom
document:LETTER_IKENI7_2017-01-23_09-17-23_00|058d6972|#X64:/data/compiled/0_na_tpl/0/7/w_tpl_0_na_7a803d46.rom
document:LETTER_IKENI7_2017-01-23_09-19-00_00|9f5c0ccf|#X64:/data/compiled/0_na_tpl/0/7/w_tpl_0_na_7a803d46.rom
document:LETTER_IKENI7_2017-01-30_08-43-56_00|dfba6fb4|#X64:/data/compiled/0_na_tpl/0/4/w_tpl_0_na_49e3ab6e.rom
document:LETTER_IKENI7_2017-01-30_08-44-24_00|2c7d4a30|#X64:/data/compiled/0_na_tpl/0/4/w_tpl_0_na_49e3ab6e.rom
document:LETTER_IKENI7_2017-02-16_14-57-18_00|e6bf4ab9|#X64:/data/compiled/0_na_tpl/0/3/w_tpl_0_na_3a5ce793.rom
document:LETTER_IKENI7_2017-03-01_16-00-39_00|7af2156d|#X64:/data/compiled/0_na_tpl/0/5/w_tpl_0_na_52af3a6e.rom
document:LETTER_PANKRATZI7_2015-09-11_12-16-01_00|f872ae2e|#X64:/data/compiled/0_na_tpl/0/0/w_tpl_0_na_011e92ea.rom
document:LETTER_PANKRATZI7_2015-09-11_12-16-44_00|f8bcb555|#X64:/data/compiled/0_na_tpl/0/0/w_tpl_0_na_011e92ea.rom
document:LETTER_PANKRATZI7_2015-11-24_11-57-51_00|4d5230f4|#X64:/data/compiled/0_na_tpl/0/4/w_tpl_0_na_44efb04d.rom
document:LETTER_PANKRATZI7_2015-11-24_11-59-12_00|e6fed4d3|#X64:/data/compiled/0_na_tpl/0/4/w_tpl_0_na_44efb04d.rom
document:LETTER_PANKRATZI7_2016-01-25_12-43-15_00|9e4b5771|#X64:/data/compiled/0_na_tpl/0/8/w_tpl_0_na_86084ad1.rom
document:LETTER_PANKRATZI7_2016-01-25_12-43-50_00|9e90fb90|#X64:/data/compiled/0_na_tpl/0/8/w_tpl_0_na_86084ad1.rom
document:LETTER_PANKRATZI7_2016-01-25_12-46-20_00|85496850|#X64:/data/compiled/0_na_tpl/0/8/w_tpl_0_na_86084ad2.rom
document:LETTER_PANKRATZI7_2016-01-25_12-46-34_00|855db255|#X64:/data/compiled/0_na_tpl/0/8/w_tpl_0_na_86084ad2.rom
document:LETTER_PANKRATZI7_2016-09-09_14-18-04_00|8b1067bd|#X64:/data/compiled/0_na_tpl/0/c/w_tpl_0_na_c7cf5cf0.rom
document:LETTER_PANKRATZI7_2016-09-09_14-18-12_00|8b21677c|#X64:/data/compiled/0_na_tpl/0/c/w_tpl_0_na_c7cf5cf0.rom
document:LETTER_PANKRATZI7_2016-10-21_07-41-28_00|dc6b5213|#X64:/data/compiled/0_na_tpl/0/8/w_tpl_0_na_8374aca3.rom
document:LETTER_PANKRATZI7_2016-10-21_08-38-04_00|0ee55514|#X64:/data/compiled/0_na_tpl/0/8/w_tpl_0_na_8374aca4.rom
document:LETTER_WEIDMANNFX8_2016-06-14_08-52-38_00|f47b263c|#X64:/data/compiled/0_na_tpl/0/f/w_tpl_0_na_fb3f0959.rom
document:LETTER_WEIDMANNFX8_2016-06-14_08-52-44_00|f48b0d39|#X64:/data/compiled/0_na_tpl/0/a/w_tpl_0_na_a31e82b1.rom
document:LETTER_WEIDMANNFX8_2016-06-14_08-52-49_00|f48dcb1e|#X64:/data/compiled/0_na_tpl/0/d/w_tpl_0_na_ddc70536.rom
document:LETTER_WEIDMANNFX8_2016-06-14_08-52-57_00|f49ecadd|#X64:/data/compiled/0_na_tpl/0/b/w_tpl_0_na_bcbbc43e.rom
document:LETTER_WEIDMANNFX8_2016-06-14_08-53-01_00|413b42d3|#X64:/data/compiled/0_na_tpl/0/3/w_tpl_0_na_3e1e4199.rom
document:LETTER_WEIDMANNFX8_2016-06-14_08-53-08_00|413f197a|#X64:/data/compiled/0_na_tpl/0/1/w_tpl_0_na_1e0a0241.rom
document:LETTER_WEIDMANNFX8_2016-06-15_09-57-48_00|c8da0924|#X64:/data/compiled/0_na_tpl/0/8/w_tpl_0_na_8d5e74c0.rom
document:LETTER_WEIDMANNFX8_2016-06-15_09-59-09_00|6286ad03|#X64:/data/compiled/0_na_tpl/0/8/w_tpl_0_na_8d5e74c0.rom
document:LETTER_WEIDMANNFX8_2016-06-15_10-02-11_00|0b712be8|#X64:/data/compiled/0_na_tpl/0/9/w_tpl_0_na_9cdaa55c.rom
document:LETTER_WEIDMANNFX8_2016-06-15_10-02-56_00|0bbc4bd1|#X64:/data/compiled/0_na_tpl/0/9/w_tpl_0_na_9cdaa55c.rom
document:LETTER_WEIDMANNFX8_2016-06-27_12-46-10_00|d27454f4|#X64:/data/compiled/0_na_tpl/0/8/w_tpl_0_na_873ec9da.rom
document:LETTER_WEIDMANNFX8_2016-06-27_12-46-23_00|d2881298|#X64:/data/compiled/0_na_tpl/0/8/w_tpl_0_na_873ec9da.rom
document:LETTER_WEIDMANNFX8_2016-06-27_12-47-36_00|1f960cfd|#X64:/data/compiled/0_na_tpl/0/0/w_tpl_0_na_05fb5860.rom
document:LETTER_WEIDMANNFX8_2016-06-27_12-47-45_00|1fa7991d|#X64:/data/compiled/0_na_tpl/0/0/w_tpl_0_na_05fb5860.rom
document:LETTER_WEIDMANNFX8_2016-06-27_12-48-36_00|6c9049be|#X64:/data/compiled/0_na_tpl/0/8/w_tpl_0_na_88805cda.rom
document:LETTER_WEIDMANNFX8_2016-06-27_12-48-49_00|6ca40762|#X64:/data/compiled/0_na_tpl/0/8/w_tpl_0_na_88805cda.rom
document:LETTER_WEIDMANNFX8_2016-06-27_12-49-49_00|b99e4423|#X64:/data/compiled/0_na_tpl/0/c/w_tpl_0_na_c9898b33.rom
document:LETTER_WEIDMANNFX8_2016-06-27_12-50-02_00|f0c7bd90|#X64:/data/compiled/0_na_tpl/0/c/w_tpl_0_na_c9898b33.rom
document:LETTER_WEIDMANNFX8_2016-06-27_12-50-39_00|f101ddba|#X64:/data/compiled/0_na_tpl/0/2/w_tpl_0_na_23b32c34.rom
document:LETTER_WEIDMANNFX8_2016-06-27_12-50-48_00|f11369da|#X64:/data/compiled/0_na_tpl/0/2/w_tpl_0_na_23b32c34.rom
document:LETTER_WEIDMANNI5_2016-09-29_10-50-17_00|9ed234a1|#X64:/data/compiled/0_na_tpl/0/a/w_tpl_0_na_a9928531.rom
document:LETTER_WEIDMANNI5_2016-09-29_10-50-28_00|9ee4d983|#X64:/data/compiled/0_na_tpl/0/a/w_tpl_0_na_a9928531.rom
document:LETTER_WEIDMANNI5_2016-09-29_12-24-07_00|15f8b2c3|#X64:/data/compiled/0_na_tpl/0/f/w_tpl_0_na_fe24504c.rom
document:LETTER_WEIDMANNI5_2016-09-29_12-24-26_00|161c5764|#X64:/data/compiled/0_na_tpl/0/1/w_tpl_0_na_18799fbd.rom
document:LETTER_WEIDMANNI5_2016-09-29_12-24-37_00|162efc46|#X64:/data/compiled/0_na_tpl/0/1/w_tpl_0_na_18799fbd.rom
document:LETTER_WEIDMANNI5_2016-09-29_12-25-43_00|63392004|#X64:/data/compiled/0_na_tpl/0/1/w_tpl_0_na_18799fbe.rom
document:LETTER_WEIDMANNI5_2016-09-29_12-25-51_00|634a1fc3|#X64:/data/compiled/0_na_tpl/0/1/w_tpl_0_na_18799fbe.rom
document:LETTER_WEIDMANNI5_2016-09-29_12-26-35_00|b0225d06|#X64:/data/compiled/0_na_tpl/0/1/w_tpl_0_na_18799fbf.rom
document:LETTER_WEIDMANNI5_2016-09-29_12-26-54_00|b04601a7|#X64:/data/compiled/0_na_tpl/0/1/w_tpl_0_na_18799fbf.rom
document:LETTER_WEIDMANNI5_2016-10-04_09-12-17_00|4861a9d8|#X64:/data/compiled/0_na_tpl/0/3/w_tpl_0_na_3190a724.rom
document:LETTER_WEIDMANNI5_2016-10-04_09-12-39_00|4886f39c|#X64:/data/compiled/0_na_tpl/0/3/w_tpl_0_na_3190a724.rom
document:LETTER_WEIDMANNI5_2016-10-05_08-13-58_00|e0f94d5e|#X64:/data/compiled/0_na_tpl/0/f/w_tpl_0_na_f0f6fd0e.rom
document:LETTER_WEIDMANNI5_2016-10-05_08-14-12_00|2da7ddd5|#X64:/data/compiled/0_na_tpl/0/f/w_tpl_0_na_f0f6fd0e.rom
document:LETTER_WEIDMANNI5_2016-10-05_10-23-34_00|321cebf2|#X64:/data/compiled/0_na_tpl/0/7/w_tpl_0_na_759cfdfe.rom
document:LETTER_WEIDMANNI5_2016-10-05_10-24-08_00|7ee310b4|#X64:/data/compiled/0_na_tpl/0/7/w_tpl_0_na_759cfdfe.rom
document:LETTER_WEIDMANNI5_2016-10-07_07-58-08_00|ad3cd803|#X64:/data/compiled/0_na_tpl/0/4/w_tpl_0_na_484f760e.rom
document:LETTER_WEIDMANNI5_2016-10-07_10-06-45_00|df58b057|#X64:/data/compiled/0_na_tpl/0/6/w_tpl_0_na_668e0e2d.rom
document:LETTER_WEIDMANNI5_2016-10-07_10-06-56_00|df6b5539|#X64:/data/compiled/0_na_tpl/0/6/w_tpl_0_na_668e0e2d.rom
document:LETTER_WEIDMANNI5_2016-10-07_10-12-10_00|97788acc|#X64:/data/compiled/0_na_tpl/0/6/w_tpl_0_na_6b443ef1.rom
document:LETTER_WEIDMANNI5_2016-10-07_10-16-12_00|cb629692|#X64:/data/compiled/0_na_tpl/0/6/w_tpl_0_na_6b443ef1.rom
document:LETTER_WEIDMANNI5_2016-10-07_10-16-52_00|cbaaf896|#X64:/data/compiled/0_na_tpl/0/6/w_tpl_0_na_6b443ef2.rom
document:LETTER_WEIDMANNI5_2016-10-07_10-18-20_00|65680fd3|#X64:/data/compiled/0_na_tpl/0/6/w_tpl_0_na_6b443ef2.rom
document:LETTER_WEIDMANNI5_2016-10-07_10-22-54_00|8404f335|#X64:/data/compiled/0_na_tpl/0/6/w_tpl_0_na_6b443ef3.rom
document:LETTER_WEIDMANNI5_2016-10-07_10-23-09_00|d0a77356|#X64:/data/compiled/0_na_tpl/0/6/w_tpl_0_na_6b443ef3.rom
document:LETTER_WEIDMANNI5_2016-10-18_14-16-05_00|661baada|#X64:/data/compiled/0_na_tpl/0/b/w_tpl_0_na_b34efbc1.rom
document:LETTER_WEIDMANNI5_2016-10-18_14-16-31_00|664fc2d9|#X64:/data/compiled/0_na_tpl/0/b/w_tpl_0_na_b34efbc2.rom
document:LETTER_WEIDMANNI5_2016-10-18_14-16-46_00|6664993f|#X64:/data/compiled/0_na_tpl/0/b/w_tpl_0_na_b34efbc3.rom
document:LETTER_WEIDMANNI5_2016-10-19_10-04-13_00|1f2b2133|#X64:/data/compiled/0_na_tpl/0/f/w_tpl_0_na_f8ad9005.rom
document:LETTER_WEIDMANNI5_2016-10-19_10-04-26_00|1f3eded7|#X64:/data/compiled/0_na_tpl/0/f/w_tpl_0_na_f8ad9005.rom
document:LETTER_WEIDMANNI5_2016-10-19_10-04-48_00|1f64289b|#X64:/data/compiled/0_na_tpl/0/f/w_tpl_0_na_f8ad9006.rom
document:LETTER_WEIDMANNI5_2016-10-19_10-05-11_00|6c244532|#X64:/data/compiled/0_na_tpl/0/f/w_tpl_0_na_f8ad9007.rom
document:LETTER_WEIDMANNI5_2016-10-19_10-05-15_00|6c2676b6|#X64:/data/compiled/0_na_tpl/0/f/w_tpl_0_na_f8ad9007.rom
document:LETTER_WEIDMANNI5_2016-10-19_10-05-32_00|6c490295|#X64:/data/compiled/0_na_tpl/0/f/w_tpl_0_na_f8ad9008.rom
document:LETTER_WEIDMANNI5_2016-10-19_10-06-08_00|b9104019|#X64:/data/compiled/0_na_tpl/0/f/w_tpl_0_na_f8ad9009.rom
document:LETTER_WEIDMANNI5_2016-10-19_10-06-25_00|b932cbf8|#X64:/data/compiled/0_na_tpl/0/f/w_tpl_0_na_f8ad900a.rom
document:LETTER_WEIDMANNI5_2016-10-19_12-34-20_00|ec163576|#X64:/data/compiled/0_na_tpl/0/8/w_tpl_0_na_8089bc46.rom
document:LETTER_WEIDMANNI5_2016-10-19_12-34-58_00|ec50e201|#X64:/data/compiled/0_na_tpl/0/8/w_tpl_0_na_8089bc47.rom
document:LETTER_WEIDMANNI5_2016-10-19_12-35-32_00|3923a37a|#X64:/data/compiled/0_na_tpl/0/8/w_tpl_0_na_8089bc48.rom
document:LETTER_WEIDMANNI5_2016-10-19_12-35-59_00|394bab23|#X64:/data/compiled/0_na_tpl/0/8/w_tpl_0_na_8089bc49.rom
document:LETTER_WEIDMANNI5_2016-10-26_11-31-47_00|4e6812d9|#X64:/data/compiled/0_na_tpl/0/0/w_tpl_0_na_07ceef25.rom
document:LETTER_WEIDMANNI5_2016-10-26_11-32-02_00|9b172fb1|#X64:/data/compiled/0_na_tpl/0/0/w_tpl_0_na_07ceef25.rom
document:LETTER_WEIDMANNI5_2016-10-26_11-32-16_00|9b2b79b6|#X64:/data/compiled/0_na_tpl/0/0/w_tpl_0_na_07ceef26.rom
document:LETTER_WEIDMANNI5_2016-10-26_11-32-25_00|9b3d05d6|#X64:/data/compiled/0_na_tpl/0/0/w_tpl_0_na_07ceef26.rom
document:LETTER_WEIDMANNI5_2016-10-26_11-32-41_00|9b5f0554|#X64:/data/compiled/0_na_tpl/0/0/w_tpl_0_na_07ceef27.rom
document:LETTER_WEIDMANNI5_2016-10-26_11-33-00_00|e81053b0|#X64:/data/compiled/0_na_tpl/0/0/w_tpl_0_na_07ceef28.rom
document:LETTER_WEIDMANNI5_2016-10-26_11-33-35_00|e8495b18|#X64:/data/compiled/0_na_tpl/0/0/w_tpl_0_na_07ceef29.rom
document:LETTER_WEIDMANNI5_2016-10-26_11-33-50_00|e86ace35|#X64:/data/compiled/0_na_tpl/0/0/w_tpl_0_na_07ceef29.rom
document:LETTER_WEIDMANNI5_2016-10-26_11-35-21_00|82298a95|#X64:/data/compiled/0_na_tpl/0/0/w_tpl_0_na_07ceef2a.rom
document:LETTER_WEIDMANNI5_2016-10-26_11-35-35_00|823dd49a|#X64:/data/compiled/0_na_tpl/0/0/w_tpl_0_na_07ceef2a.rom
document:LETTER_WEIDMANNI5_2016-10-26_11-36-18_00|cf15857c|#X64:/data/compiled/0_na_tpl/0/0/w_tpl_0_na_07ceef2b.rom
document:LETTER_WEIDMANNI5_2016-10-26_11-36-30_00|cf355376|#X64:/data/compiled/0_na_tpl/0/0/w_tpl_0_na_07ceef2b.rom
document:LETTER_WEIDMANNI5_2016-11-03_10-28-51_00|2099ba75|#X64:/data/compiled/0_na_tpl/0/b/w_tpl_0_na_bcbc5c86.rom
document:LETTER_WEIDMANNI5_2016-11-03_10-29-43_00|6d82f777|#X64:/data/compiled/0_na_tpl/0/b/w_tpl_0_na_bcbc5c87.rom
document:LETTER_WEIDMANNI5_2016-11-03_10-29-58_00|6d97cddd|#X64:/data/compiled/0_na_tpl/0/b/w_tpl_0_na_bcbc5c88.rom
document:LETTER_WEIDMANNI5_2016-11-03_10-30-07_00|a4b2790f|#X64:/data/compiled/0_na_tpl/0/b/w_tpl_0_na_bcbc5c88.rom
document:LETTER_WEIDMANNI5_2016-11-03_10-48-11_00|f8d50233|#X64:/data/compiled/0_na_tpl/0/1/w_tpl_0_na_1b3eee8e.rom
document:LETTER_WEIDMANNI5_2016-12-01_08-29-25_00|75cec5dd|#X64:/data/compiled/0_na_tpl/0/3/w_tpl_0_na_3d217ba5.rom
document:LETTER_WEIDMANNI5_2016-12-01_08-32-54_00|476eae99|#X64:/data/compiled/0_na_tpl/0/3/w_tpl_0_na_3d217ba5.rom
document:LETTER_WEIDMANNX6_2015-03-26_09-08-59_00|04c6bfd8|#X64:/data/compiled/0_na_tpl/0/e/w_tpl_0_na_e8912e16.rom
document:LETTER_WEIDMANNX6_2015-03-26_09-09-43_00|51ab99d2|#X64:/data/compiled/0_na_tpl/0/e/w_tpl_0_na_e8912e16.rom
document:LETTER_WEIDMANNX6_2015-03-27_12-51-23_00|3f707208|#X64:/data/compiled/0_na_tpl/0/8/w_tpl_0_na_85ae4a77.rom
document:LETTER_WEIDMANNX6_2015-03-27_12-51-33_00|3f828a89|#X64:/data/compiled/0_na_tpl/0/8/w_tpl_0_na_85ae4a77.rom
document:LETTER_WEIDMANNX6_2015-04-01_11-03-57_00|f1c426a4|#X64:/data/compiled/0_na_tpl/0/2/w_tpl_0_na_25e6b94e.rom
document:LETTER_WEIDMANNX6_2015-04-01_12-56-20_00|79cc7643|#X64:/data/compiled/0_na_tpl/0/2/w_tpl_0_na_25e6b94e.rom
document:LETTER_WEIDMANNX6_2015-04-16_13-12-17_00|60f3e828|#X64:/data/compiled/0_na_tpl/0/8/w_tpl_0_na_8437dfaf.rom
document:LETTER_WEIDMANNX6_2015-04-16_13-12-31_00|6114cee4|#X64:/data/compiled/0_na_tpl/0/8/w_tpl_0_na_8437dfaf.rom
document:LETTER_WEIDMANNX6_2015-05-07_14-41-54_00|fd646dcd|#X64:/data/compiled/0_na_tpl/0/3/w_tpl_0_na_3e6a5049.rom
document:LETTER_WEIDMANNX6_2015-05-07_14-42-06_00|4a0548cb|#X64:/data/compiled/0_na_tpl/0/3/w_tpl_0_na_3e6a5049.rom
document:LETTER_WEIDMANNX6_2015-09-11_12-58-54_00|8c4361d2|#X64:/data/compiled/0_na_tpl/0/2/w_tpl_0_na_2cd57a66.rom
document:LETTER_WEIDMANNX6_2015-09-11_12-59-04_00|d8e3240e|#X64:/data/compiled/0_na_tpl/0/2/w_tpl_0_na_2cd57a66.rom
document:LETTER_WEIDMANNX6_2015-09-11_12-59-26_00|d9086dd2|#X64:/data/compiled/0_na_tpl/0/2/w_tpl_0_na_2cd57a67.rom
document:LETTER_WEIDMANNX6_2015-09-11_12-59-32_00|d91854cf|#X64:/data/compiled/0_na_tpl/0/2/w_tpl_0_na_2cd57a67.rom
document:LETTER_WEIDMANNX6_2015-09-11_12-59-34_00|d9196d91|#X64:/data/compiled/0_na_tpl/0/2/w_tpl_0_na_2cd57a68.rom
document:LETTER_WEIDMANNX6_2015-09-11_12-59-42_00|d92a6d50|#X64:/data/compiled/0_na_tpl/0/2/w_tpl_0_na_2cd57a68.rom
document:LETTER_WEIDMANNX6_2015-10-09_09-10-34_00|6ee6d969|#X64:/data/compiled/0_na_tpl/0/8/w_tpl_0_na_8af53096.rom
document:LETTER_WEIDMANNX6_2015-10-09_09-10-44_00|6ef8f1ea|#X64:/data/compiled/0_na_tpl/0/8/w_tpl_0_na_8af53096.rom
document:LETTER_WEIDMANNX6_2015-10-09_09-11-07_00|bbac71ca|#X64:/data/compiled/0_na_tpl/0/8/w_tpl_0_na_8af53097.rom
document:LETTER_WEIDMANNX6_2015-10-09_09-11-15_00|bbbd7189|#X64:/data/compiled/0_na_tpl/0/8/w_tpl_0_na_8af53097.rom
document:LETTER_WEIDMANNX6_2015-10-09_09-11-29_00|bbd1bb8e|#X64:/data/compiled/0_na_tpl/0/8/w_tpl_0_na_8af53098.rom
document:LETTER_WEIDMANNX6_2015-10-09_09-11-44_00|bbf32eab|#X64:/data/compiled/0_na_tpl/0/8/w_tpl_0_na_8af53098.rom
document:LETTER_WEIDMANNX6_2015-11-16_15-18-41_00|a553e68b|#X64:/data/compiled/0_na_tpl/0/0/w_tpl_0_na_0998d374.rom
document:LETTER_WEIDMANNX6_2015-11-16_15-18-51_00|a565ff0c|#X64:/data/compiled/0_na_tpl/0/0/w_tpl_0_na_0998d374.rom
document:LETTER_WEIDMANNX6_2016-02-12_09-45-56_00|fac698b1|#X64:/data/compiled/0_na_tpl/0/4/w_tpl_0_na_407e8b2a.rom
