infodesc:INFO_DESC_Back|8184fa3f|#X64:/data/compiled/documents/w_info.hdr
infodesc:INFO_DESC_BONGERSX2_00000001|35c59488|#X64:/data/compiled/documents/w_info.hdr
infodesc:INFO_DESC_DIRKSI5_00000001|da0a59e9|#X64:/data/compiled/documents/w_info.hdr
infodesc:INFO_DESC_End|dd231dc5|#X64:/data/compiled/documents/w_info.hdr
infodesc:INFO_DESC_GARTMANNI3_00000001|542e3f02|#X64:/data/compiled/documents/w_info.hdr
infodesc:INFO_DESC_GARTMANNI3_00000002|542e3f03|#X64:/data/compiled/documents/w_info.hdr
infodesc:INFO_DESC_GARTMANNI3_00000003|542e3f04|#X64:/data/compiled/documents/w_info.hdr
infodesc:INFO_DESC_GARTMANNI3_00000004|542e3f05|#X64:/data/compiled/documents/w_info.hdr
infodesc:INFO_DESC_GARTMANNI3_00000005|542e3f06|#X64:/data/compiled/documents/w_info.hdr
infodesc:INFO_DESC_GARTMANNI3_00000006|542e3f07|#X64:/data/compiled/documents/w_info.hdr
infodesc:INFO_DESC_GARTMANNI3_00000007|542e3f08|#X64:/data/compiled/documents/w_info.hdr
infodesc:INFO_DESC_GARTMANNI3_00000008|542e3f09|#X64:/data/compiled/documents/w_info.hdr
infodesc:INFO_DESC_GARTMANNI3_00000009|542e3f0a|#X64:/data/compiled/documents/w_info.hdr
infodesc:INFO_DESC_GARTMANNI3_00000010|542e3f22|#X64:/data/compiled/documents/w_info.hdr
infodesc:INFO_DESC_GARTMANNI3_00000011|542e3f23|#X64:/data/compiled/documents/w_info.hdr
infodesc:INFO_DESC_GARTMANNI3_00000013|542e3f25|#X64:/data/compiled/documents/w_info.hdr
infodesc:INFO_DESC_GARTMANNI3_00000014|542e3f26|#X64:/data/compiled/documents/w_info.hdr
infodesc:INFO_DESC_GARTMANNI3_00000015|542e3f27|#X64:/data/compiled/documents/w_info.hdr
infodesc:INFO_DESC_GARTMANNI3_00000016|542e3f28|#X64:/data/compiled/documents/w_info.hdr
infodesc:INFO_DESC_GARTMANNI3_00000017|542e3f29|#X64:/data/compiled/documents/w_info.hdr
infodesc:INFO_DESC_GARTMANNI3_00000018|542e3f2a|#X64:/data/compiled/documents/w_info.hdr
infodesc:INFO_DESC_GARTMANNI3_00000019|542e3f2b|#X64:/data/compiled/documents/w_info.hdr
infodesc:INFO_DESC_GARTMANNI3_00000020|542e3f43|#X64:/data/compiled/documents/w_info.hdr
infodesc:INFO_DESC_GARTMANNI3_00000021|542e3f44|#X64:/data/compiled/documents/w_info.hdr
infodesc:INFO_DESC_GARTMANNI3_00000022|542e3f45|#X64:/data/compiled/documents/w_info.hdr
infodesc:INFO_DESC_GARTMANNI3_00000023|542e3f46|#X64:/data/compiled/documents/w_info.hdr
infodesc:INFO_DESC_GARTMANNI3_00000024|542e3f47|#X64:/data/compiled/documents/w_info.hdr
infodesc:INFO_DESC_GARTMANNI3_00000025|542e3f48|#X64:/data/compiled/documents/w_info.hdr
infodesc:INFO_DESC_GARTMANNI3_00000026|542e3f49|#X64:/data/compiled/documents/w_info.hdr
infodesc:INFO_DESC_GARTMANNI3_00000027|542e3f4a|#X64:/data/compiled/documents/w_info.hdr
infodesc:INFO_DESC_GARTMANNI3_00000028|542e3f4b|#X64:/data/compiled/documents/w_info.hdr
infodesc:INFO_DESC_GARTMANNI3_00000029|542e3f4c|#X64:/data/compiled/documents/w_info.hdr
infodesc:INFO_DESC_GARTMANNI3_00000030|542e3f64|#X64:/data/compiled/documents/w_info.hdr
infodesc:INFO_DESC_GARTMANNI3_00000031|542e3f65|#X64:/data/compiled/documents/w_info.hdr
infodesc:INFO_DESC_GARTMANNI3_00000032|542e3f66|#X64:/data/compiled/documents/w_info.hdr
infodesc:INFO_DESC_GARTMANNI3_00000033|542e3f67|#X64:/data/compiled/documents/w_info.hdr
infodesc:INFO_DESC_GARTMANNI3_00000034|542e3f68|#X64:/data/compiled/documents/w_info.hdr
infodesc:INFO_DESC_IKENI7_00000004|af5b3f38|#X64:/data/compiled/documents/w_info.hdr
infodesc:INFO_DESC_IKENI7_00000006|af5b3f3a|#X64:/data/compiled/documents/w_info.hdr
infodesc:INFO_DESC_IKENI7_00000007|af5b3f3b|#X64:/data/compiled/documents/w_info.hdr
infodesc:INFO_DESC_IKENI7_00000008|af5b3f3c|#X64:/data/compiled/documents/w_info.hdr
infodesc:INFO_DESC_IKENI7_00000010|af5b3f55|#X64:/data/compiled/documents/w_info.hdr
infodesc:INFO_DESC_IKENI7_00000011|af5b3f56|#X64:/data/compiled/documents/w_info.hdr
infodesc:INFO_DESC_IKENI7_00000012|af5b3f57|#X64:/data/compiled/documents/w_info.hdr
infodesc:INFO_DESC_IKENI7_00000013|af5b3f58|#X64:/data/compiled/documents/w_info.hdr
infodesc:INFO_DESC_IKENI7_00000014|af5b3f59|#X64:/data/compiled/documents/w_info.hdr
infodesc:INFO_DESC_IKENI7_00000016|af5b3f5b|#X64:/data/compiled/documents/w_info.hdr
infodesc:INFO_DESC_IKENI7_00000017|af5b3f5c|#X64:/data/compiled/documents/w_info.hdr
infodesc:INFO_DESC_IKENI7_00000018|af5b3f5d|#X64:/data/compiled/documents/w_info.hdr
infodesc:INFO_DESC_IKENI7_00000019|af5b3f5e|#X64:/data/compiled/documents/w_info.hdr
infodesc:INFO_DESC_IKENI7_00000020|af5b3f76|#X64:/data/compiled/documents/w_info.hdr
infodesc:INFO_DESC_IKENI7_00000021|af5b3f77|#X64:/data/compiled/documents/w_info.hdr
infodesc:INFO_DESC_IKENI7_00000022|af5b3f78|#X64:/data/compiled/documents/w_info.hdr
infodesc:INFO_DESC_IKENI7_00000023|af5b3f79|#X64:/data/compiled/documents/w_info.hdr
infodesc:INFO_DESC_IKENI7_00000024|af5b3f7a|#X64:/data/compiled/documents/w_info.hdr
infodesc:INFO_DESC_IKENI7_00000026|af5b3f7c|#X64:/data/compiled/documents/w_info.hdr
infodesc:INFO_DESC_IKENI7_00000027|af5b3f7d|#X64:/data/compiled/documents/w_info.hdr
infodesc:INFO_DESC_IKENI7_00000028|af5b3f7e|#X64:/data/compiled/documents/w_info.hdr
infodesc:INFO_DESC_IKENI7_00000029|af5b3f7f|#X64:/data/compiled/documents/w_info.hdr
infodesc:INFO_DESC_IKENI7_00000030|af5b3f97|#X64:/data/compiled/documents/w_info.hdr
infodesc:INFO_DESC_IKENI7_00000031|af5b3f98|#X64:/data/compiled/documents/w_info.hdr
infodesc:INFO_DESC_IKENI7_00000032|af5b3f99|#X64:/data/compiled/documents/w_info.hdr
infodesc:INFO_DESC_IKENI7_00000033|af5b3f9a|#X64:/data/compiled/documents/w_info.hdr
infodesc:INFO_DESC_IKENI7_00000034|af5b3f9b|#X64:/data/compiled/documents/w_info.hdr
infodesc:INFO_DESC_IKENI7_00000035|af5b3f9c|#X64:/data/compiled/documents/w_info.hdr
infodesc:INFO_DESC_IKENI7_00000036|af5b3f9d|#X64:/data/compiled/documents/w_info.hdr
infodesc:INFO_DESC_IKENI7_00000037|af5b3f9e|#X64:/data/compiled/documents/w_info.hdr
infodesc:INFO_DESC_IKENI7_00000038|af5b3f9f|#X64:/data/compiled/documents/w_info.hdr
infodesc:INFO_DESC_IKENI7_00000039|af5b3fa0|#X64:/data/compiled/documents/w_info.hdr
infodesc:INFO_DESC_IKENI7_00000040|af5b3fb8|#X64:/data/compiled/documents/w_info.hdr
infodesc:INFO_DESC_IKENI7_00000041|af5b3fb9|#X64:/data/compiled/documents/w_info.hdr
infodesc:INFO_DESC_IKENI7_00000042|af5b3fba|#X64:/data/compiled/documents/w_info.hdr
infodesc:INFO_DESC_IKENI7_00000045|af5b3fbd|#X64:/data/compiled/documents/w_info.hdr
infodesc:INFO_DESC_IKENI7_00000047|af5b3fbf|#X64:/data/compiled/documents/w_info.hdr
infodesc:INFO_DESC_IKENI7_00000048|af5b3fc0|#X64:/data/compiled/documents/w_info.hdr
infodesc:INFO_DESC_IKENI7_00000049|af5b3fc1|#X64:/data/compiled/documents/w_info.hdr
infodesc:INFO_DESC_IKENI7_00000051|af5b3fda|#X64:/data/compiled/documents/w_info.hdr
infodesc:INFO_DESC_IKENI7_00000052|af5b3fdb|#X64:/data/compiled/documents/w_info.hdr
infodesc:INFO_DESC_IKENI7_00000053|af5b3fdc|#X64:/data/compiled/documents/w_info.hdr
infodesc:INFO_DESC_IKENI7_00000054|af5b3fdd|#X64:/data/compiled/documents/w_info.hdr
infodesc:INFO_DESC_IKENI7_00000055|af5b3fde|#X64:/data/compiled/documents/w_info.hdr
infodesc:INFO_DESC_IKENI7_00000056|af5b3fdf|#X64:/data/compiled/documents/w_info.hdr
infodesc:INFO_DESC_IKENI7_00000057|af5b3fe0|#X64:/data/compiled/documents/w_info.hdr
infodesc:INFO_DESC_IKENI7_00000058|af5b3fe1|#X64:/data/compiled/documents/w_info.hdr
infodesc:INFO_DESC_IKENI7_00000059|af5b3fe2|#X64:/data/compiled/documents/w_info.hdr
infodesc:INFO_DESC_IKENI7_00000060|af5b3ffa|#X64:/data/compiled/documents/w_info.hdr
infodesc:INFO_DESC_IKENI7_00000063|af5b3ffd|#X64:/data/compiled/documents/w_info.hdr
infodesc:INFO_DESC_IKENI7_00000064|af5b3ffe|#X64:/data/compiled/documents/w_info.hdr
infodesc:INFO_DESC_IKENI7_00000065|af5b3fff|#X64:/data/compiled/documents/w_info.hdr
infodesc:INFO_DESC_IKENI7_00000066|af5b4000|#X64:/data/compiled/documents/w_info.hdr
infodesc:INFO_DESC_IKENI7_00000068|af5b4002|#X64:/data/compiled/documents/w_info.hdr
infodesc:INFO_DESC_IKENI7_00000069|af5b4003|#X64:/data/compiled/documents/w_info.hdr
infodesc:INFO_DESC_IKENI7_00000070|af5b401b|#X64:/data/compiled/documents/w_info.hdr
infodesc:INFO_DESC_IKENI7_00000071|af5b401c|#X64:/data/compiled/documents/w_info.hdr
infodesc:INFO_DESC_IKENI7_00000072|af5b401d|#X64:/data/compiled/documents/w_info.hdr
infodesc:INFO_DESC_KALVERAMX62_00000001|db8ac901|#X64:/data/compiled/documents/w_info.hdr
infodesc:INFO_DESC_KALVERAMX62_00000003|db8ac903|#X64:/data/compiled/documents/w_info.hdr
infodesc:INFO_DESC_KALVERAMX62_00000013|db8ac924|#X64:/data/compiled/documents/w_info.hdr
infodesc:INFO_DESC_KALVERAMX62_00000024|db8ac946|#X64:/data/compiled/documents/w_info.hdr
infodesc:INFO_DESC_KALVERAMX62_00000033|db8ac966|#X64:/data/compiled/documents/w_info.hdr
infodesc:INFO_DESC_PANKRATZI7_00000002|3ac7fd3a|#X64:/data/compiled/documents/w_info.hdr
infodesc:INFO_DESC_PANKRATZI7_00000003|3ac7fd3b|#X64:/data/compiled/documents/w_info.hdr
infodesc:INFO_DESC_PANKRATZI7_00000004|3ac7fd3c|#X64:/data/compiled/documents/w_info.hdr
infodesc:INFO_DESC_PANKRATZI7_00000005|3ac7fd3d|#X64:/data/compiled/documents/w_info.hdr
infodesc:INFO_DESC_PANKRATZI7_00000006|3ac7fd3e|#X64:/data/compiled/documents/w_info.hdr
infodesc:INFO_DESC_PANKRATZI7_00000007|3ac7fd3f|#X64:/data/compiled/documents/w_info.hdr
infodesc:INFO_DESC_PANKRATZI7_00000008|3ac7fd40|#X64:/data/compiled/documents/w_info.hdr
infodesc:INFO_DESC_PANKRATZI7_00000009|3ac7fd41|#X64:/data/compiled/documents/w_info.hdr
infodesc:INFO_DESC_PANKRATZI7_00000010|3ac7fd59|#X64:/data/compiled/documents/w_info.hdr
infodesc:INFO_DESC_PANKRATZI7_00000011|3ac7fd5a|#X64:/data/compiled/documents/w_info.hdr
infodesc:INFO_DESC_PANKRATZI7_00000012|3ac7fd5b|#X64:/data/compiled/documents/w_info.hdr
infodesc:INFO_DESC_PANKRATZI7_00000013|3ac7fd5c|#X64:/data/compiled/documents/w_info.hdr
infodesc:INFO_DESC_PANKRATZI7_00000014|3ac7fd5d|#X64:/data/compiled/documents/w_info.hdr
infodesc:INFO_DESC_PANKRATZI7_00000015|3ac7fd5e|#X64:/data/compiled/documents/w_info.hdr
infodesc:INFO_DESC_PANKRATZI7_00000016|3ac7fd5f|#X64:/data/compiled/documents/w_info.hdr
infodesc:INFO_DESC_PANKRATZI7_00000017|3ac7fd60|#X64:/data/compiled/documents/w_info.hdr
infodesc:INFO_DESC_PANKRATZI7_00000018|3ac7fd61|#X64:/data/compiled/documents/w_info.hdr
infodesc:INFO_DESC_PANKRATZI7_00000019|3ac7fd62|#X64:/data/compiled/documents/w_info.hdr
infodesc:INFO_DESC_PANKRATZI7_00000020|3ac7fd7a|#X64:/data/compiled/documents/w_info.hdr
infodesc:INFO_DESC_PANKRATZI7_00000021|3ac7fd7b|#X64:/data/compiled/documents/w_info.hdr
infodesc:INFO_DESC_PANKRATZI7_00000022|3ac7fd7c|#X64:/data/compiled/documents/w_info.hdr
infodesc:INFO_DESC_PANKRATZI7_00000023|3ac7fd7d|#X64:/data/compiled/documents/w_info.hdr
infodesc:INFO_DESC_PANKRATZI7_00000024|3ac7fd7e|#X64:/data/compiled/documents/w_info.hdr
infodesc:INFO_DESC_PANKRATZI7_00000025|3ac7fd7f|#X64:/data/compiled/documents/w_info.hdr
infodesc:INFO_DESC_PANKRATZI7_00000026|3ac7fd80|#X64:/data/compiled/documents/w_info.hdr
infodesc:INFO_DESC_PANKRATZI7_00000027|3ac7fd81|#X64:/data/compiled/documents/w_info.hdr
infodesc:INFO_DESC_PANKRATZI7_00000028|3ac7fd82|#X64:/data/compiled/documents/w_info.hdr
infodesc:INFO_DESC_PANKRATZI7_00000029|3ac7fd83|#X64:/data/compiled/documents/w_info.hdr
infodesc:INFO_DESC_PANKRATZI7_00000030|3ac7fd9b|#X64:/data/compiled/documents/w_info.hdr
infodesc:INFO_DESC_PANKRATZI7_00000031|3ac7fd9c|#X64:/data/compiled/documents/w_info.hdr
infodesc:INFO_DESC_PANKRATZI7_00000032|3ac7fd9d|#X64:/data/compiled/documents/w_info.hdr
infodesc:INFO_DESC_PANKRATZI7_00000033|3ac7fd9e|#X64:/data/compiled/documents/w_info.hdr
infodesc:INFO_DESC_PANKRATZI7_00000034|3ac7fd9f|#X64:/data/compiled/documents/w_info.hdr
infodesc:INFO_DESC_PANKRATZI7_00000035|3ac7fda0|#X64:/data/compiled/documents/w_info.hdr
infodesc:INFO_DESC_PANKRATZI7_00000036|3ac7fda1|#X64:/data/compiled/documents/w_info.hdr
infodesc:INFO_DESC_PANKRATZI7_00000037|3ac7fda2|#X64:/data/compiled/documents/w_info.hdr
infodesc:INFO_DESC_PANKRATZI7_00000038|3ac7fda3|#X64:/data/compiled/documents/w_info.hdr
infodesc:INFO_DESC_PANKRATZI7_00000039|3ac7fda4|#X64:/data/compiled/documents/w_info.hdr
infodesc:INFO_DESC_PANKRATZI7_00000040|3ac7fdbc|#X64:/data/compiled/documents/w_info.hdr
infodesc:INFO_DESC_PANKRATZI7_00000042|3ac7fdbe|#X64:/data/compiled/documents/w_info.hdr
infodesc:INFO_DESC_PANKRATZI7_00000043|3ac7fdbf|#X64:/data/compiled/documents/w_info.hdr
infodesc:INFO_DESC_PANKRATZI7_00000045|3ac7fdc1|#X64:/data/compiled/documents/w_info.hdr
infodesc:INFO_DESC_PANKRATZI7_00000046|3ac7fdc2|#X64:/data/compiled/documents/w_info.hdr
infodesc:INFO_DESC_PANKRATZI7_00000047|3ac7fdc3|#X64:/data/compiled/documents/w_info.hdr
infodesc:INFO_DESC_PANKRATZI7_00000048|3ac7fdc4|#X64:/data/compiled/documents/w_info.hdr
infodesc:INFO_DESC_PANKRATZI7_00000049|3ac7fdc5|#X64:/data/compiled/documents/w_info.hdr
infodesc:INFO_DESC_PANKRATZI7_00000050|3ac7fddd|#X64:/data/compiled/documents/w_info.hdr
infodesc:INFO_DESC_PANKRATZI7_00000051|3ac7fdde|#X64:/data/compiled/documents/w_info.hdr
infodesc:INFO_DESC_PANKRATZI7_00000052|3ac7fddf|#X64:/data/compiled/documents/w_info.hdr
infodesc:INFO_DESC_PANKRATZI7_00000054|3ac7fde1|#X64:/data/compiled/documents/w_info.hdr
infodesc:INFO_DESC_PANKRATZI7_00000055|3ac7fde2|#X64:/data/compiled/documents/w_info.hdr
infodesc:INFO_DESC_PANKRATZI7_00000056|3ac7fde3|#X64:/data/compiled/documents/w_info.hdr
infodesc:INFO_DESC_PANKRATZI7_00000057|3ac7fde4|#X64:/data/compiled/documents/w_info.hdr
infodesc:INFO_DESC_PANKRATZI7_00000058|3ac7fde5|#X64:/data/compiled/documents/w_info.hdr
infodesc:INFO_DESC_PANKRATZI7_00000059|3ac7fde6|#X64:/data/compiled/documents/w_info.hdr
infodesc:INFO_DESC_PANKRATZI7_00000060|3ac7fdfe|#X64:/data/compiled/documents/w_info.hdr
infodesc:INFO_DESC_PANKRATZI7_00000061|3ac7fdff|#X64:/data/compiled/documents/w_info.hdr
infodesc:INFO_DESC_PANKRATZI7_00000062|3ac7fe00|#X64:/data/compiled/documents/w_info.hdr
infodesc:INFO_DESC_PANKRATZI7_00000063|3ac7fe01|#X64:/data/compiled/documents/w_info.hdr
infodesc:INFO_DESC_PANKRATZI7_00000064|3ac7fe02|#X64:/data/compiled/documents/w_info.hdr
infodesc:INFO_DESC_PANKRATZI7_00000065|3ac7fe03|#X64:/data/compiled/documents/w_info.hdr
infodesc:INFO_DESC_PANKRATZI7_00000066|3ac7fe04|#X64:/data/compiled/documents/w_info.hdr
infodesc:INFO_DESC_PANKRATZI7_00000067|3ac7fe05|#X64:/data/compiled/documents/w_info.hdr
infodesc:INFO_DESC_PANKRATZI7_00000068|3ac7fe06|#X64:/data/compiled/documents/w_info.hdr
infodesc:INFO_DESC_PANKRATZI7_00000069|3ac7fe07|#X64:/data/compiled/documents/w_info.hdr
infodesc:INFO_DESC_PANKRATZI7_00000070|3ac7fe1f|#X64:/data/compiled/documents/w_info.hdr
infodesc:INFO_DESC_PANKRATZI7_00000071|3ac7fe20|#X64:/data/compiled/documents/w_info.hdr
infodesc:INFO_DESC_PANKRATZI7_00000072|3ac7fe21|#X64:/data/compiled/documents/w_info.hdr
infodesc:INFO_DESC_PANKRATZI7_00000073|3ac7fe22|#X64:/data/compiled/documents/w_info.hdr
infodesc:INFO_DESC_PANKRATZI7_00000074|3ac7fe23|#X64:/data/compiled/documents/w_info.hdr
infodesc:INFO_DESC_PANKRATZI7_00000075|3ac7fe24|#X64:/data/compiled/documents/w_info.hdr
infodesc:INFO_DESC_PANKRATZI7_00000076|3ac7fe25|#X64:/data/compiled/documents/w_info.hdr
infodesc:INFO_DESC_PANKRATZI7_00000077|3ac7fe26|#X64:/data/compiled/documents/w_info.hdr
infodesc:INFO_DESC_PANKRATZI7_00000078|3ac7fe27|#X64:/data/compiled/documents/w_info.hdr
infodesc:INFO_DESC_PANKRATZI7_00000079|3ac7fe28|#X64:/data/compiled/documents/w_info.hdr
infodesc:INFO_DESC_PANKRATZI7_00000080|3ac7fe40|#X64:/data/compiled/documents/w_info.hdr
infodesc:INFO_DESC_PANKRATZI7_00000081|3ac7fe41|#X64:/data/compiled/documents/w_info.hdr
infodesc:INFO_DESC_PANKRATZI7_00000082|3ac7fe42|#X64:/data/compiled/documents/w_info.hdr
infodesc:INFO_DESC_PANKRATZI7_00000083|3ac7fe43|#X64:/data/compiled/documents/w_info.hdr
infodesc:INFO_DESC_PANKRATZI7_00000084|3ac7fe44|#X64:/data/compiled/documents/w_info.hdr
infodesc:INFO_DESC_PANKRATZI7_00000085|3ac7fe45|#X64:/data/compiled/documents/w_info.hdr
infodesc:INFO_DESC_PANKRATZI7_00000086|3ac7fe46|#X64:/data/compiled/documents/w_info.hdr
infodesc:INFO_DESC_PANKRATZI7_00000087|3ac7fe47|#X64:/data/compiled/documents/w_info.hdr
infodesc:INFO_DESC_PANKRATZI7_00000088|3ac7fe48|#X64:/data/compiled/documents/w_info.hdr
infodesc:INFO_DESC_PANKRATZI7_00000089|3ac7fe49|#X64:/data/compiled/documents/w_info.hdr
infodesc:INFO_DESC_PANKRATZI7_00000090|3ac7fe61|#X64:/data/compiled/documents/w_info.hdr
infodesc:INFO_DESC_PANKRATZI7_00000091|3ac7fe62|#X64:/data/compiled/documents/w_info.hdr
infodesc:INFO_DESC_PANKRATZI7_00000092|3ac7fe63|#X64:/data/compiled/documents/w_info.hdr
infodesc:INFO_DESC_PANKRATZI7_00000093|3ac7fe64|#X64:/data/compiled/documents/w_info.hdr
infodesc:INFO_DESC_PANKRATZI7_00000094|3ac7fe65|#X64:/data/compiled/documents/w_info.hdr
infodesc:INFO_DESC_PANKRATZI7_00000095|3ac7fe66|#X64:/data/compiled/documents/w_info.hdr
infodesc:INFO_DESC_PANKRATZI7_00000096|3ac7fe67|#X64:/data/compiled/documents/w_info.hdr
infodesc:INFO_DESC_PANKRATZI7_00000097|3ac7fe68|#X64:/data/compiled/documents/w_info.hdr
infodesc:INFO_DESC_PANKRATZI7_00000098|3ac7fe69|#X64:/data/compiled/documents/w_info.hdr
infodesc:INFO_DESC_PANKRATZI7_00000099|3ac7fe6a|#X64:/data/compiled/documents/w_info.hdr
infodesc:INFO_DESC_PANKRATZI7_00000100|3ac80179|#X64:/data/compiled/documents/w_info.hdr
infodesc:INFO_DESC_PANKRATZI7_00000101|3ac8017a|#X64:/data/compiled/documents/w_info.hdr
infodesc:INFO_DESC_PANKRATZI7_00000102|3ac8017b|#X64:/data/compiled/documents/w_info.hdr
infodesc:INFO_DESC_PANKRATZI7_00000103|3ac8017c|#X64:/data/compiled/documents/w_info.hdr
infodesc:INFO_DESC_PANKRATZI7_00000104|3ac8017d|#X64:/data/compiled/documents/w_info.hdr
infodesc:INFO_DESC_PANKRATZI7_00000105|3ac8017e|#X64:/data/compiled/documents/w_info.hdr
infodesc:INFO_DESC_PANKRATZI7_00000106|3ac8017f|#X64:/data/compiled/documents/w_info.hdr
infodesc:INFO_DESC_PANKRATZI7_00000107|3ac80180|#X64:/data/compiled/documents/w_info.hdr
infodesc:INFO_DESC_PANKRATZI7_00000108|3ac80181|#X64:/data/compiled/documents/w_info.hdr
infodesc:INFO_DESC_PANKRATZI7_00000109|3ac80182|#X64:/data/compiled/documents/w_info.hdr
infodesc:INFO_DESC_PANKRATZI7_00000110|3ac8019a|#X64:/data/compiled/documents/w_info.hdr
infodesc:INFO_DESC_PANKRATZI7_00000111|3ac8019b|#X64:/data/compiled/documents/w_info.hdr
infodesc:INFO_DESC_PANKRATZI7_00000112|3ac8019c|#X64:/data/compiled/documents/w_info.hdr
infodesc:INFO_DESC_PANKRATZI7_00000113|3ac8019d|#X64:/data/compiled/documents/w_info.hdr
infodesc:INFO_DESC_PANKRATZI7_00000114|3ac8019e|#X64:/data/compiled/documents/w_info.hdr
infodesc:INFO_DESC_PANKRATZI7_00000115|3ac8019f|#X64:/data/compiled/documents/w_info.hdr
infodesc:INFO_DESC_PANKRATZI7_00000116|3ac801a0|#X64:/data/compiled/documents/w_info.hdr
infodesc:INFO_DESC_PANKRATZI7_00000117|3ac801a1|#X64:/data/compiled/documents/w_info.hdr
infodesc:INFO_DESC_PANKRATZI7_00000118|3ac801a2|#X64:/data/compiled/documents/w_info.hdr
infodesc:INFO_DESC_PANKRATZI7_00000119|3ac801a3|#X64:/data/compiled/documents/w_info.hdr
infodesc:INFO_DESC_PANKRATZI7_00000120|3ac801bb|#X64:/data/compiled/documents/w_info.hdr
infodesc:INFO_DESC_PANKRATZI7_00000121|3ac801bc|#X64:/data/compiled/documents/w_info.hdr
infodesc:INFO_DESC_PANKRATZI7_00000122|3ac801bd|#X64:/data/compiled/documents/w_info.hdr
infodesc:INFO_DESC_PANKRATZI7_00000123|3ac801be|#X64:/data/compiled/documents/w_info.hdr
infodesc:INFO_DESC_PANKRATZI7_00000124|3ac801bf|#X64:/data/compiled/documents/w_info.hdr
infodesc:INFO_DESC_PANKRATZI7_00000125|3ac801c0|#X64:/data/compiled/documents/w_info.hdr
infodesc:INFO_DESC_PANKRATZI7_00000126|3ac801c1|#X64:/data/compiled/documents/w_info.hdr
infodesc:INFO_DESC_PANKRATZI7_00000127|3ac801c2|#X64:/data/compiled/documents/w_info.hdr
infodesc:INFO_DESC_PANKRATZI7_00000128|3ac801c3|#X64:/data/compiled/documents/w_info.hdr
infodesc:INFO_DESC_PANKRATZI7_00000129|3ac801c4|#X64:/data/compiled/documents/w_info.hdr
infodesc:INFO_DESC_PANKRATZI7_00000130|3ac801dc|#X64:/data/compiled/documents/w_info.hdr
infodesc:INFO_DESC_PANKRATZI7_00000131|3ac801dd|#X64:/data/compiled/documents/w_info.hdr
infodesc:INFO_DESC_PANKRATZI7_00000132|3ac801de|#X64:/data/compiled/documents/w_info.hdr
infodesc:INFO_DESC_PANKRATZI7_00000133|3ac801df|#X64:/data/compiled/documents/w_info.hdr
infodesc:INFO_DESC_PANKRATZI7_00000134|3ac801e0|#X64:/data/compiled/documents/w_info.hdr
infodesc:INFO_DESC_PANKRATZI7_00000135|3ac801e1|#X64:/data/compiled/documents/w_info.hdr
infodesc:INFO_DESC_PANKRATZI7_00000136|3ac801e2|#X64:/data/compiled/documents/w_info.hdr
infodesc:INFO_DESC_PANKRATZI7_00000137|3ac801e3|#X64:/data/compiled/documents/w_info.hdr
infodesc:INFO_DESC_PANKRATZI7_00000138|3ac801e4|#X64:/data/compiled/documents/w_info.hdr
infodesc:INFO_DESC_PANKRATZI7_00000139|3ac801e5|#X64:/data/compiled/documents/w_info.hdr
infodesc:INFO_DESC_PANKRATZI7_00000140|3ac801fd|#X64:/data/compiled/documents/w_info.hdr
infodesc:INFO_DESC_PANKRATZI7_00000141|3ac801fe|#X64:/data/compiled/documents/w_info.hdr
infodesc:INFO_DESC_PANKRATZI7_00000142|3ac801ff|#X64:/data/compiled/documents/w_info.hdr
infodesc:INFO_DESC_PANKRATZI7_00000143|3ac80200|#X64:/data/compiled/documents/w_info.hdr
infodesc:INFO_DESC_PANKRATZI7_00000144|3ac80201|#X64:/data/compiled/documents/w_info.hdr
infodesc:INFO_DESC_PANKRATZI7_00000145|3ac80202|#X64:/data/compiled/documents/w_info.hdr
infodesc:INFO_DESC_PANKRATZI7_00000146|3ac80203|#X64:/data/compiled/documents/w_info.hdr
infodesc:INFO_DESC_PANKRATZI7_00000147|3ac80204|#X64:/data/compiled/documents/w_info.hdr
infodesc:INFO_DESC_PANKRATZI7_00000148|3ac80205|#X64:/data/compiled/documents/w_info.hdr
infodesc:INFO_DESC_PANKRATZI7_00000149|3ac80206|#X64:/data/compiled/documents/w_info.hdr
infodesc:INFO_DESC_PANKRATZI7_00000150|3ac8021e|#X64:/data/compiled/documents/w_info.hdr
infodesc:INFO_DESC_PANKRATZI7_00000151|3ac8021f|#X64:/data/compiled/documents/w_info.hdr
infodesc:INFO_DESC_PANKRATZI7_00000152|3ac80220|#X64:/data/compiled/documents/w_info.hdr
infodesc:INFO_DESC_PANKRATZI7_00000153|3ac80221|#X64:/data/compiled/documents/w_info.hdr
infodesc:INFO_DESC_PANKRATZI7_00000154|3ac80222|#X64:/data/compiled/documents/w_info.hdr
infodesc:INFO_DESC_PANKRATZI7_00000155|3ac80223|#X64:/data/compiled/documents/w_info.hdr
infodesc:INFO_DESC_PANKRATZI7_00000156|3ac80224|#X64:/data/compiled/documents/w_info.hdr
infodesc:INFO_DESC_PANKRATZI7_00000157|3ac80225|#X64:/data/compiled/documents/w_info.hdr
infodesc:INFO_DESC_PANKRATZI7_00000158|3ac80226|#X64:/data/compiled/documents/w_info.hdr
infodesc:INFO_DESC_PANKRATZI7_00000159|3ac80227|#X64:/data/compiled/documents/w_info.hdr
infodesc:INFO_DESC_PANKRATZI7_00000160|3ac8023f|#X64:/data/compiled/documents/w_info.hdr
infodesc:INFO_DESC_PANKRATZI7_00000161|3ac80240|#X64:/data/compiled/documents/w_info.hdr
infodesc:INFO_DESC_PANKRATZI7_00000162|3ac80241|#X64:/data/compiled/documents/w_info.hdr
infodesc:INFO_DESC_PANKRATZI7_00000163|3ac80242|#X64:/data/compiled/documents/w_info.hdr
infodesc:INFO_DESC_PANKRATZI7_00000164|3ac80243|#X64:/data/compiled/documents/w_info.hdr
infodesc:INFO_DESC_PANKRATZI7_00000165|3ac80244|#X64:/data/compiled/documents/w_info.hdr
infodesc:INFO_DESC_PANKRATZI7_00000166|3ac80245|#X64:/data/compiled/documents/w_info.hdr
infodesc:INFO_DESC_PANKRATZI7_00000167|3ac80246|#X64:/data/compiled/documents/w_info.hdr
infodesc:INFO_DESC_PANKRATZI7_00000168|3ac80247|#X64:/data/compiled/documents/w_info.hdr
infodesc:INFO_DESC_PANKRATZI7_00000169|3ac80248|#X64:/data/compiled/documents/w_info.hdr
infodesc:INFO_DESC_PANKRATZI7_00000170|3ac80260|#X64:/data/compiled/documents/w_info.hdr
infodesc:INFO_DESC_PANKRATZI7_00000171|3ac80261|#X64:/data/compiled/documents/w_info.hdr
infodesc:INFO_DESC_PANKRATZI7_00000172|3ac80262|#X64:/data/compiled/documents/w_info.hdr
infodesc:INFO_DESC_PANKRATZI7_00000173|3ac80263|#X64:/data/compiled/documents/w_info.hdr
infodesc:INFO_DESC_PANKRATZI7_00000174|3ac80264|#X64:/data/compiled/documents/w_info.hdr
infodesc:INFO_DESC_PANKRATZI7_00000175|3ac80265|#X64:/data/compiled/documents/w_info.hdr
infodesc:INFO_DESC_PANKRATZI7_00000176|3ac80266|#X64:/data/compiled/documents/w_info.hdr
infodesc:INFO_DESC_PANKRATZI7_00000177|3ac80267|#X64:/data/compiled/documents/w_info.hdr
infodesc:INFO_DESC_PANKRATZI7_00000178|3ac80268|#X64:/data/compiled/documents/w_info.hdr
infodesc:INFO_DESC_PANKRATZI7_00000179|3ac80269|#X64:/data/compiled/documents/w_info.hdr
infodesc:INFO_DESC_PANKRATZI7_00000180|3ac80281|#X64:/data/compiled/documents/w_info.hdr
infodesc:INFO_DESC_PANKRATZI7_00000181|3ac80282|#X64:/data/compiled/documents/w_info.hdr
infodesc:INFO_DESC_PANKRATZI7_00000182|3ac80283|#X64:/data/compiled/documents/w_info.hdr
infodesc:INFO_DESC_PANKRATZI7_00000183|3ac80284|#X64:/data/compiled/documents/w_info.hdr
infodesc:INFO_DESC_PANKRATZI7_00000184|3ac80285|#X64:/data/compiled/documents/w_info.hdr
infodesc:INFO_DESC_PANKRATZI7_00000185|3ac80286|#X64:/data/compiled/documents/w_info.hdr
infodesc:INFO_DESC_PANKRATZI7_00000186|3ac80287|#X64:/data/compiled/documents/w_info.hdr
infodesc:INFO_DESC_PANKRATZI7_00000187|3ac80288|#X64:/data/compiled/documents/w_info.hdr
infodesc:INFO_DESC_PANKRATZI7_00000188|3ac80289|#X64:/data/compiled/documents/w_info.hdr
infodesc:INFO_DESC_PANKRATZI7_00000189|3ac8028a|#X64:/data/compiled/documents/w_info.hdr
infodesc:INFO_DESC_PANKRATZI7_00000190|3ac802a2|#X64:/data/compiled/documents/w_info.hdr
infodesc:INFO_DESC_PANKRATZI7_00000191|3ac802a3|#X64:/data/compiled/documents/w_info.hdr
infodesc:INFO_DESC_PANKRATZI7_00000192|3ac802a4|#X64:/data/compiled/documents/w_info.hdr
infodesc:INFO_DESC_PANKRATZI7_00000193|3ac802a5|#X64:/data/compiled/documents/w_info.hdr
infodesc:INFO_DESC_PANKRATZI7_00000194|3ac802a6|#X64:/data/compiled/documents/w_info.hdr
infodesc:INFO_DESC_PANKRATZI7_00000195|3ac802a7|#X64:/data/compiled/documents/w_info.hdr
infodesc:INFO_DESC_PANKRATZI7_00000196|3ac802a8|#X64:/data/compiled/documents/w_info.hdr
infodesc:INFO_DESC_PANKRATZI7_00000197|3ac802a9|#X64:/data/compiled/documents/w_info.hdr
infodesc:INFO_DESC_PANKRATZI7_00000198|3ac802aa|#X64:/data/compiled/documents/w_info.hdr
infodesc:INFO_DESC_PANKRATZI7_00000199|3ac802ab|#X64:/data/compiled/documents/w_info.hdr
infodesc:INFO_DESC_PANKRATZI7_00000200|3ac805ba|#X64:/data/compiled/documents/w_info.hdr
infodesc:INFO_DESC_PANKRATZI7_00000201|3ac805bb|#X64:/data/compiled/documents/w_info.hdr
infodesc:INFO_DESC_PANKRATZI7_00000202|3ac805bc|#X64:/data/compiled/documents/w_info.hdr
infodesc:INFO_DESC_PANKRATZI7_00000203|3ac805bd|#X64:/data/compiled/documents/w_info.hdr
infodesc:INFO_DESC_PANKRATZI7_00000204|3ac805be|#X64:/data/compiled/documents/w_info.hdr
infodesc:INFO_DESC_PANKRATZI7_00000205|3ac805bf|#X64:/data/compiled/documents/w_info.hdr
infodesc:INFO_DESC_PANKRATZI7_00000206|3ac805c0|#X64:/data/compiled/documents/w_info.hdr
infodesc:INFO_DESC_PANKRATZI7_00000207|3ac805c1|#X64:/data/compiled/documents/w_info.hdr
infodesc:INFO_DESC_PANKRATZI7_00000208|3ac805c2|#X64:/data/compiled/documents/w_info.hdr
infodesc:INFO_DESC_PANKRATZI7_00000209|3ac805c3|#X64:/data/compiled/documents/w_info.hdr
infodesc:INFO_DESC_PANKRATZI7_00000210|3ac805db|#X64:/data/compiled/documents/w_info.hdr
infodesc:INFO_DESC_PANKRATZI7_00000211|3ac805dc|#X64:/data/compiled/documents/w_info.hdr
infodesc:INFO_DESC_PANKRATZI7_00000212|3ac805dd|#X64:/data/compiled/documents/w_info.hdr
infodesc:INFO_DESC_PANKRATZI7_00000213|3ac805de|#X64:/data/compiled/documents/w_info.hdr
infodesc:INFO_DESC_PANKRATZI7_00000214|3ac805df|#X64:/data/compiled/documents/w_info.hdr
infodesc:INFO_DESC_PANKRATZI7_00000215|3ac805e0|#X64:/data/compiled/documents/w_info.hdr
infodesc:INFO_DESC_PANKRATZI7_00000216|3ac805e1|#X64:/data/compiled/documents/w_info.hdr
infodesc:INFO_DESC_PANKRATZI7_00000217|3ac805e2|#X64:/data/compiled/documents/w_info.hdr
infodesc:INFO_DESC_PANKRATZI7_00000221|3ac805fd|#X64:/data/compiled/documents/w_info.hdr
infodesc:INFO_DESC_PANKRATZI7_00000222|3ac805fe|#X64:/data/compiled/documents/w_info.hdr
infodesc:INFO_DESC_PANKRATZI7_00000223|3ac805ff|#X64:/data/compiled/documents/w_info.hdr
infodesc:INFO_DESC_PANKRATZI7_00000224|3ac80600|#X64:/data/compiled/documents/w_info.hdr
infodesc:INFO_DESC_PANKRATZI7_00000225|3ac80601|#X64:/data/compiled/documents/w_info.hdr
infodesc:INFO_DESC_PANKRATZI7_00000226|3ac80602|#X64:/data/compiled/documents/w_info.hdr
infodesc:INFO_DESC_PANKRATZI7_00000227|3ac80603|#X64:/data/compiled/documents/w_info.hdr
infodesc:INFO_DESC_PANKRATZI7_00000228|3ac80604|#X64:/data/compiled/documents/w_info.hdr
infodesc:INFO_DESC_PANKRATZI7_00000229|3ac80605|#X64:/data/compiled/documents/w_info.hdr
infodesc:INFO_DESC_PANKRATZI7_00000230|3ac8061d|#X64:/data/compiled/documents/w_info.hdr
infodesc:INFO_DESC_SLEEP_EVENING|34d285b2|#X64:/data/compiled/documents/w_info.hdr
infodesc:INFO_DESC_SLEEP_HIGHNOON|af7426a0|#X64:/data/compiled/documents/w_info.hdr
infodesc:INFO_DESC_SLEEP_MIDNIGHT|4627875a|#X64:/data/compiled/documents/w_info.hdr
infodesc:INFO_DESC_SLEEP_MORNING|8d3b8de0|#X64:/data/compiled/documents/w_info.hdr
infodesc:INFO_DESC_WEIDMANNFX8_00000001|f7ccb0b7|#X64:/data/compiled/documents/w_info.hdr
infodesc:INFO_DESC_WEIDMANNFX8_00000002|f7ccb0b8|#X64:/data/compiled/documents/w_info.hdr
infodesc:INFO_DESC_WEIDMANNFX8_00000003|f7ccb0b9|#X64:/data/compiled/documents/w_info.hdr
infodesc:INFO_DESC_WEIDMANNFX8_00000004|f7ccb0ba|#X64:/data/compiled/documents/w_info.hdr
infodesc:INFO_DESC_WEIDMANNFX8_00000005|f7ccb0bb|#X64:/data/compiled/documents/w_info.hdr
infodesc:INFO_DESC_WEIDMANNFX8_00000006|f7ccb0bc|#X64:/data/compiled/documents/w_info.hdr
infodesc:INFO_DESC_WEIDMANNFX8_00000007|f7ccb0bd|#X64:/data/compiled/documents/w_info.hdr
infodesc:INFO_DESC_WEIDMANNFX8_00000008|f7ccb0be|#X64:/data/compiled/documents/w_info.hdr
infodesc:INFO_DESC_WEIDMANNFX8_00000009|f7ccb0bf|#X64:/data/compiled/documents/w_info.hdr
infodesc:INFO_DESC_WEIDMANNFX8_00000010|f7ccb0d7|#X64:/data/compiled/documents/w_info.hdr
infodesc:INFO_DESC_WEIDMANNFX8_00000011|f7ccb0d8|#X64:/data/compiled/documents/w_info.hdr
infodesc:INFO_DESC_WEIDMANNFX8_00000012|f7ccb0d9|#X64:/data/compiled/documents/w_info.hdr
infodesc:INFO_DESC_WEIDMANNFX8_00000013|f7ccb0da|#X64:/data/compiled/documents/w_info.hdr
infodesc:INFO_DESC_WEIDMANNFX8_00000014|f7ccb0db|#X64:/data/compiled/documents/w_info.hdr
infodesc:INFO_DESC_WEIDMANNI5_00000001|3546fdbf|#X64:/data/compiled/documents/w_info.hdr
infodesc:INFO_DESC_WEIDMANNI5_00000002|3546fdc0|#X64:/data/compiled/documents/w_info.hdr
infodesc:INFO_DESC_WEIDMANNI5_00000003|3546fdc1|#X64:/data/compiled/documents/w_info.hdr
infodesc:INFO_DESC_WEIDMANNI5_00000004|3546fdc2|#X64:/data/compiled/documents/w_info.hdr
infodesc:INFO_DESC_WEIDMANNI5_00000005|3546fdc3|#X64:/data/compiled/documents/w_info.hdr
infodesc:INFO_DESC_WEIDMANNI5_00000006|3546fdc4|#X64:/data/compiled/documents/w_info.hdr
infodesc:INFO_DESC_WEIDMANNI5_00000007|3546fdc5|#X64:/data/compiled/documents/w_info.hdr
infodesc:INFO_DESC_WEIDMANNI5_00000008|3546fdc6|#X64:/data/compiled/documents/w_info.hdr
infodesc:INFO_DESC_WEIDMANNI5_00000009|3546fdc7|#X64:/data/compiled/documents/w_info.hdr
infodesc:INFO_DESC_WEIDMANNI5_00000012|3546fde1|#X64:/data/compiled/documents/w_info.hdr
infodesc:INFO_DESC_WEIDMANNI5_00000013|3546fde2|#X64:/data/compiled/documents/w_info.hdr
infodesc:INFO_DESC_WEIDMANNI5_00000014|3546fde3|#X64:/data/compiled/documents/w_info.hdr
infodesc:INFO_DESC_WEIDMANNI5_00000015|3546fde4|#X64:/data/compiled/documents/w_info.hdr
infodesc:INFO_DESC_WEIDMANNI5_00000016|3546fde5|#X64:/data/compiled/documents/w_info.hdr
infodesc:INFO_DESC_WEIDMANNI5_00000017|3546fde6|#X64:/data/compiled/documents/w_info.hdr
infodesc:INFO_DESC_WEIDMANNI5_00000018|3546fde7|#X64:/data/compiled/documents/w_info.hdr
infodesc:INFO_DESC_WEIDMANNI5_00000019|3546fde8|#X64:/data/compiled/documents/w_info.hdr
infodesc:INFO_DESC_WEIDMANNI5_00000020|3546fe00|#X64:/data/compiled/documents/w_info.hdr
infodesc:INFO_DESC_WEIDMANNI5_00000021|3546fe01|#X64:/data/compiled/documents/w_info.hdr
infodesc:INFO_DESC_WEIDMANNI5_00000022|3546fe02|#X64:/data/compiled/documents/w_info.hdr
infodesc:INFO_DESC_WEIDMANNX6_00000006|09c02db4|#X64:/data/compiled/documents/w_info.hdr
infodesc:INFO_DESC_WEIDMANNX6_00000008|09c02db6|#X64:/data/compiled/documents/w_info.hdr
infodesc:INFO_DESC_WEIDMANNX6_00000009|09c02db7|#X64:/data/compiled/documents/w_info.hdr
infodesc:INFO_DESC_WEIDMANNX6_00000010|09c02dcf|#X64:/data/compiled/documents/w_info.hdr
infodesc:INFO_DESC_WEIDMANNX6_00000011|09c02dd0|#X64:/data/compiled/documents/w_info.hdr
infodesc:INFO_DESC_WEIDMANNX6_00000012|09c02dd1|#X64:/data/compiled/documents/w_info.hdr
infodesc:INFO_DESC_WEIDMANNX6_00000013|09c02dd2|#X64:/data/compiled/documents/w_info.hdr
infodesc:INFO_DESC_WEIDMANNX6_00000014|09c02dd3|#X64:/data/compiled/documents/w_info.hdr
infodesc:INFO_DESC_WEIDMANNX6_00000015|09c02dd4|#X64:/data/compiled/documents/w_info.hdr
infodesc:INFO_DESC_WEIDMANNX6_00000016|09c02dd5|#X64:/data/compiled/documents/w_info.hdr
infodesc:INFO_DESC_WEIDMANNX6_00000017|09c02dd6|#X64:/data/compiled/documents/w_info.hdr
infodesc:INFO_DESC_WEIDMANNX6_00000018|09c02dd7|#X64:/data/compiled/documents/w_info.hdr
infodesc:INFO_DESC_WEIDMANNX6_00000021|09c02df1|#X64:/data/compiled/documents/w_info.hdr
infodesc:INFO_DESC_WEIDMANNX6_00000022|09c02df2|#X64:/data/compiled/documents/w_info.hdr
infodesc:INFO_DESC_WEIDMANNX6_00000023|09c02df3|#X64:/data/compiled/documents/w_info.hdr
infodesc:INFO_DESC_WEIDMANNX6_00000027|09c02df7|#X64:/data/compiled/documents/w_info.hdr
infodesc:INFO_DESC_WEIDMANNX6_00000028|09c02df8|#X64:/data/compiled/documents/w_info.hdr
infodesc:INFO_DESC_WEIDMANNX6_00000029|09c02df9|#X64:/data/compiled/documents/w_info.hdr
infodesc:INFO_DESC_WEIDMANNX6_00000030|09c02e11|#X64:/data/compiled/documents/w_info.hdr
infodesc:INFO_DESC_WEIDMANNX6_00000032|09c02e13|#X64:/data/compiled/documents/w_info.hdr
infodesc:INFO_DESC_WEIDMANNX6_00000033|09c02e14|#X64:/data/compiled/documents/w_info.hdr
infodesc:INFO_DESC_WEIDMANNX6_00000034|09c02e15|#X64:/data/compiled/documents/w_info.hdr
infodesc:INFO_DESC_WEIDMANNX6_00000035|09c02e16|#X64:/data/compiled/documents/w_info.hdr
infodesc:INFO_DESC_WEIDMANNX6_00000036|09c02e17|#X64:/data/compiled/documents/w_info.hdr
infodesc:INFO_DESC_WEIDMANNX6_00000037|09c02e18|#X64:/data/compiled/documents/w_info.hdr
infodesc:INFO_DESC_WEIDMANNX6_00000044|09c02e36|#X64:/data/compiled/documents/w_info.hdr
infodesc:INFO_DESC_WEIDMANNX6_00000045|09c02e37|#X64:/data/compiled/documents/w_info.hdr
infodesc:INFO_DESC_WEIDMANNX6_00000046|09c02e38|#X64:/data/compiled/documents/w_info.hdr
infodesc:INFO_DESC_WEIDMANNX6_00000048|09c02e3a|#X64:/data/compiled/documents/w_info.hdr
infodesc:INFO_DESC_WEIDMANNX6_00000050|09c02e53|#X64:/data/compiled/documents/w_info.hdr
infodesc:INFO_DESC_WEIDMANNX6_00000051|09c02e54|#X64:/data/compiled/documents/w_info.hdr
infodesc:INFO_DESC_WEIDMANNX6_00000052|09c02e55|#X64:/data/compiled/documents/w_info.hdr
infodesc:INFO_DESC_WEIDMANNX6_00000054|09c02e57|#X64:/data/compiled/documents/w_info.hdr
infodesc:INFO_DESC_WEIDMANNX6_00000055|09c02e58|#X64:/data/compiled/documents/w_info.hdr
infodesc:INFO_DESC_WEIDMANNX6_00000056|09c02e59|#X64:/data/compiled/documents/w_info.hdr
infodesc:INFO_DESC_WEIDMANNX6_00000057|09c02e5a|#X64:/data/compiled/documents/w_info.hdr
infodesc:INFO_DESC_WEIDMANNX6_00000058|09c02e5b|#X64:/data/compiled/documents/w_info.hdr
infodesc:INFO_DESC_WEIDMANNX6_00000059|09c02e5c|#X64:/data/compiled/documents/w_info.hdr
infodesc:INFO_DESC_WEIDMANNX6_00000062|09c02e76|#X64:/data/compiled/documents/w_info.hdr
infodesc:INFO_DESC_WEIDMANNX6_00000063|09c02e77|#X64:/data/compiled/documents/w_info.hdr
infodesc:INFO_DESC_WEIDMANNX6_00000064|09c02e78|#X64:/data/compiled/documents/w_info.hdr
infodesc:INFO_DESC_WEIDMANNX6_00000067|09c02e7b|#X64:/data/compiled/documents/w_info.hdr
infodesc:INFO_DESC_WEIDMANNX6_00000068|09c02e7c|#X64:/data/compiled/documents/w_info.hdr
infodesc:INFO_DESC_WEIDMANNX6_00000069|09c02e7d|#X64:/data/compiled/documents/w_info.hdr
infodesc:INFO_DESC_WEIDMANNX6_00000070|09c02e95|#X64:/data/compiled/documents/w_info.hdr
infodesc:INFO_DESC_WEIDMANNX6_00000071|09c02e96|#X64:/data/compiled/documents/w_info.hdr
infodesc:INFO_DESC_WEIDMANNX6_00000072|09c02e97|#X64:/data/compiled/documents/w_info.hdr
infodesc:INFO_DESC_WEIDMANNX6_00000074|09c02e99|#X64:/data/compiled/documents/w_info.hdr
infodesc:INFO_DESC_WEIDMANNX6_00000075|09c02e9a|#X64:/data/compiled/documents/w_info.hdr
infodesc:INFO_DESC_WEIDMANNX6_00000076|09c02e9b|#X64:/data/compiled/documents/w_info.hdr
infodesc:INFO_DESC_WEIDMANNX6_00000077|09c02e9c|#X64:/data/compiled/documents/w_info.hdr
infodesc:INFO_DESC_WEIDMANNX6_00000078|09c02e9d|#X64:/data/compiled/documents/w_info.hdr
infodesc:INFO_DESC_WEIDMANNX6_00000079|09c02e9e|#X64:/data/compiled/documents/w_info.hdr
infodesc:INFO_DESC_WEIDMANNX6_00000080|09c02eb6|#X64:/data/compiled/documents/w_info.hdr
infodesc:INFO_DESC_WEIDMANNX6_00000081|09c02eb7|#X64:/data/compiled/documents/w_info.hdr
infodesc:INFO_DESC_WEIDMANNX6_00000082|09c02eb8|#X64:/data/compiled/documents/w_info.hdr
infodesc:INFO_DESC_WEIDMANNX6_00000083|09c02eb9|#X64:/data/compiled/documents/w_info.hdr
infodesc:INFO_DESC_WEIDMANNX6_00000085|09c02ebb|#X64:/data/compiled/documents/w_info.hdr
infodesc:INFO_DESC_WEIDMANNX6_00000086|09c02ebc|#X64:/data/compiled/documents/w_info.hdr
infodesc:INFO_DESC_WEIDMANNX6_00000088|09c02ebe|#X64:/data/compiled/documents/w_info.hdr
infodesc:INFO_DESC_WEIDMANNX6_00000089|09c02ebf|#X64:/data/compiled/documents/w_info.hdr
infodesc:INFO_DESC_WEIDMANNX6_00000095|09c02edc|#X64:/data/compiled/documents/w_info.hdr
infodesc:INFO_DESC_WEIDMANNX6_00000098|09c02edf|#X64:/data/compiled/documents/w_info.hdr
infodesc:INFO_DESC_WEIDMANNX6_00000099|09c02ee0|#X64:/data/compiled/documents/w_info.hdr
infodesc:INFO_DESC_WEIDMANNX6_00000100|09c031ef|#X64:/data/compiled/documents/w_info.hdr
infodesc:INFO_DESC_WEIDMANNX6_00000102|09c031f1|#X64:/data/compiled/documents/w_info.hdr
infodesc:INFO_DESC_WEIDMANNX6_00000103|09c031f2|#X64:/data/compiled/documents/w_info.hdr
infodesc:INFO_DESC_WEIDMANNX6_00000104|09c031f3|#X64:/data/compiled/documents/w_info.hdr
infodesc:INFO_DESC_WEIDMANNX6_00000105|09c031f4|#X64:/data/compiled/documents/w_info.hdr
infodesc:INFO_DESC_WEIDMANNX6_00000106|09c031f5|#X64:/data/compiled/documents/w_info.hdr
infodesc:INFO_DESC_WEIDMANNX6_00000107|09c031f6|#X64:/data/compiled/documents/w_info.hdr
infodesc:INFO_DESC_WEIDMANNX6_00000109|09c031f8|#X64:/data/compiled/documents/w_info.hdr
infodesc:INFO_DESC_WEIDMANNX6_00000110|09c03210|#X64:/data/compiled/documents/w_info.hdr
infodesc:INFO_DESC_WEIDMANNX6_00000111|09c03211|#X64:/data/compiled/documents/w_info.hdr
infodesc:INFO_DESC_WEIDMANNX6_00000112|09c03212|#X64:/data/compiled/documents/w_info.hdr
infodesc:INFO_DESC_WEIDMANNX6_00000113|09c03213|#X64:/data/compiled/documents/w_info.hdr
infodesc:INFO_DESC_WEIDMANNX6_00000114|09c03214|#X64:/data/compiled/documents/w_info.hdr
infodesc:INFO_DESC_WEIDMANNX6_00000115|09c03215|#X64:/data/compiled/documents/w_info.hdr
infodesc:INFO_DESC_WEIDMANNX6_00000116|09c03216|#X64:/data/compiled/documents/w_info.hdr
infodesc:INFO_DESC_WEIDMANNX6_00000117|09c03217|#X64:/data/compiled/documents/w_info.hdr
infodesc:INFO_DESC_WEIDMANNX6_00000118|09c03218|#X64:/data/compiled/documents/w_info.hdr
infodesc:INFO_DESC_WEIDMANNX6_00000119|09c03219|#X64:/data/compiled/documents/w_info.hdr
infodesc:INFO_DESC_WEIDMANNX6_00000120|09c03231|#X64:/data/compiled/documents/w_info.hdr
infodesc:INFO_DESC_WEIDMANNX6_00000121|09c03232|#X64:/data/compiled/documents/w_info.hdr
infodesc:INFO_DESC_WEIDMANNX6_00000122|09c03233|#X64:/data/compiled/documents/w_info.hdr
infodesc:INFO_DESC_WEIDMANNX6_00000123|09c03234|#X64:/data/compiled/documents/w_info.hdr
infodesc:INFO_DESC_WEIDMANNX6_00000124|09c03235|#X64:/data/compiled/documents/w_info.hdr
infodesc:INFO_DESC_WEIDMANNX6_00000125|09c03236|#X64:/data/compiled/documents/w_info.hdr
infodesc:INFO_DESC_WEIDMANNX6_00000126|09c03237|#X64:/data/compiled/documents/w_info.hdr
infodesc:INFO_DESC_WEIDMANNX6_00000127|09c03238|#X64:/data/compiled/documents/w_info.hdr
infodesc:INFO_DESC_WEIDMANNX6_00000128|09c03239|#X64:/data/compiled/documents/w_info.hdr
infodesc:INFO_DESC_WEIDMANNX6_00000129|09c0323a|#X64:/data/compiled/documents/w_info.hdr
infodesc:INFO_DESC_WEIDMANNX6_00000130|09c03252|#X64:/data/compiled/documents/w_info.hdr
infodesc:INFO_DESC_WEIDMANNX6_00000131|09c03253|#X64:/data/compiled/documents/w_info.hdr
