TUT:TUT_Desc_Combo|2c06b02f|#X64:/data/compiled/documents/w_tutorial.hdr
TUT:TUT_Desc_Jetpack|4c7db561|#X64:/data/compiled/documents/w_tutorial.hdr
TUT:TUT_Desc_Parade_Melee|3a268e93|#X64:/data/compiled/documents/w_tutorial.hdr
TUT:TUT_Desc_Sprint_End|0cb14055|#X64:/data/compiled/documents/w_tutorial.hdr
TUT:TUT_Desc_UseQuickslot|902a078b|#X64:/data/compiled/documents/w_tutorial.hdr
TUT:TUT_PopUp_BecomingBerserker|1bcd28bd|#X64:/data/compiled/documents/w_tutorial.hdr
TUT:TUT_PopUp_BecomingCleric|8904016a|#X64:/data/compiled/documents/w_tutorial.hdr
TUT:TUT_PopUp_BecomingOutlaw|a5ace4b4|#X64:/data/compiled/documents/w_tutorial.hdr
TUT:TUT_PopUp_ComboBar|f4315319|#X64:/data/compiled/documents/w_tutorial.hdr
TUT:TUT_PopUp_Combo|673c0bc4|#X64:/data/compiled/documents/w_tutorial.hdr
TUT:TUT_PopUp_Craft|673d7e64|#X64:/data/compiled/documents/w_tutorial.hdr
TUT:TUT_PopUp_CylinderLock|9ca73777|#X64:/data/compiled/documents/w_tutorial.hdr
TUT:TUT_PopUp_Heal|b590068e|#X64:/data/compiled/documents/w_tutorial.hdr
TUT:TUT_PopUp_KeypadLock|8191ea3b|#X64:/data/compiled/documents/w_tutorial.hdr
TUT:TUT_PopUp_Parry|681fb462|#X64:/data/compiled/documents/w_tutorial.hdr
TUT:TUT_PopUp_PickPocket|bcec77a1|#X64:/data/compiled/documents/w_tutorial.hdr
TUT:TUT_PopUp_Stamina|00e87b21|#X64:/data/compiled/documents/w_tutorial.hdr
TUT:TUT_PopUp_Teach|6869fd99|#X64:/data/compiled/documents/w_tutorial.hdr
TUT:TUT_PopUp_Teleporter|7ba0677a|#X64:/data/compiled/documents/w_tutorial.hdr
TUT:TUT_Tut_LevelUp|f4a014fa|#X64:/data/compiled/documents/w_tutorial.hdr
TUT:TUT_Tut_MagicWeapon|62736408|#X64:/data/compiled/documents/w_tutorial.hdr
TUT:TUT_Tut_QuestLog|cee98a11|#X64:/data/compiled/documents/w_tutorial.hdr
