questdesc:QUEST_DESC_GARTMANNI3_2015-02-11_10-36-56_00|12024f5a|#X64:/data/compiled/documents/w_quest.hdr
questdesc:QUEST_DESC_GARTMANNI3_2015-02-11_10-37-47_00|5eeafffb|#X64:/data/compiled/documents/w_quest.hdr
questdesc:QUEST_DESC_GARTMANNI3_2015-02-11_10-57-56_00|378035dd|#X64:/data/compiled/documents/w_quest.hdr
questdesc:QUEST_DESC_GARTMANNI3_2015-02-11_10-58-51_00|8477b4b9|#X64:/data/compiled/documents/w_quest.hdr
questdesc:QUEST_DESC_GARTMANNI3_2015-02-11_11-00-11_00|831ed569|#X64:/data/compiled/documents/w_quest.hdr
questdesc:QUEST_DESC_GARTMANNI3_2015-02-11_11-00-59_00|836b9a75|#X64:/data/compiled/documents/w_quest.hdr
questdesc:QUEST_DESC_GARTMANNI3_2015-02-11_11-01-34_00|d03ee84f|#X64:/data/compiled/documents/w_quest.hdr
questdesc:QUEST_DESC_GARTMANNI3_2015-02-11_11-04-15_00|b709f9f1|#X64:/data/compiled/documents/w_quest.hdr
questdesc:QUEST_DESC_GARTMANNI3_2015-02-19_11-59-41_00|5062b622|#X64:/data/compiled/documents/w_quest.hdr
questdesc:QUEST_DESC_GARTMANNI3_2015-02-19_12-30-40_00|c71cee57|#X64:/data/compiled/documents/w_quest.hdr
questdesc:QUEST_DESC_GARTMANNI3_2015-02-27_09-53-39_00|b9f18e89|#X64:/data/compiled/documents/w_quest.hdr
questdesc:QUEST_DESC_GARTMANNI3_2015-02-27_09-58-17_00|3aaf748a|#X64:/data/compiled/documents/w_quest.hdr
questdesc:QUEST_DESC_GARTMANNI3_2015-02-27_10-25-40_00|f02b4d98|#X64:/data/compiled/documents/w_quest.hdr
questdesc:QUEST_DESC_GARTMANNI3_2015-02-27_10-28-01_00|d6d22e38|#X64:/data/compiled/documents/w_quest.hdr
questdesc:QUEST_DESC_GARTMANNI3_2015-02-27_10-29-23_00|23f1b4bd|#X64:/data/compiled/documents/w_quest.hdr
questdesc:QUEST_DESC_GARTMANNI3_2015-02-27_10-57-41_00|4ee5d21e|#X64:/data/compiled/documents/w_quest.hdr
questdesc:QUEST_DESC_GARTMANNI3_2015-02-27_11-02-03_00|347cc1d3|#X64:/data/compiled/documents/w_quest.hdr
questdesc:QUEST_DESC_GARTMANNI3_2015-02-27_11-05-04_00|1b6c0477|#X64:/data/compiled/documents/w_quest.hdr
questdesc:QUEST_DESC_GARTMANNI3_2015-12-15_10-52-54_00|86f1f55b|#X64:/data/compiled/documents/w_quest.hdr
questdesc:QUEST_DESC_GARTMANNI3_2016-02-01_13-28-23_00|4136e558|#X64:/data/compiled/documents/w_quest.hdr
questdesc:QUEST_DESC_GARTMANNI3_2016-02-01_13-56-39_00|6c1d4d40|#X64:/data/compiled/documents/w_quest.hdr
questdesc:QUEST_DESC_GARTMANNI3_2016-02-01_13-57-42_00|b925cbdb|#X64:/data/compiled/documents/w_quest.hdr
questdesc:QUEST_DESC_GARTMANNI3_2016-02-01_13-59-33_00|5308b93d|#X64:/data/compiled/documents/w_quest.hdr
questdesc:QUEST_DESC_GARTMANNI3_2016-03-01_12-22-21_00|7b82f4d0|#X64:/data/compiled/documents/w_quest.hdr
questdesc:QUEST_DESC_GARTMANNI3_2016-03-01_12-25-07_00|6250c457|#X64:/data/compiled/documents/w_quest.hdr
questdesc:QUEST_DESC_GARTMANNI3_2017-03-03_10-50-02_00|edb3ac51|#X64:/data/compiled/documents/w_quest.hdr
questdesc:QUEST_DESC_GARTMANNI3_2017-03-10_09-26-52_00|e34b96bf|#X64:/data/compiled/documents/w_quest.hdr
questdesc:QUEST_DESC_GARTMANNI3_2017-03-10_09-33-47_00|e88f5ac1|#X64:/data/compiled/documents/w_quest.hdr
questdesc:QUEST_DESC_GARTMANNI3_2017-03-10_09-34-02_00|353e7799|#X64:/data/compiled/documents/w_quest.hdr
questdesc:QUEST_DESC_GARTMANNI3_2017-03-10_09-34-24_00|3563c15d|#X64:/data/compiled/documents/w_quest.hdr
questdesc:QUEST_DESC_GARTMANNI3_2017-03-10_09-34-36_00|3576f2a0|#X64:/data/compiled/documents/w_quest.hdr
questdesc:QUEST_DESC_GARTMANNI3_2017-03-10_09-34-47_00|35899782|#X64:/data/compiled/documents/w_quest.hdr
questdesc:QUEST_DESC_GARTMANNI3_2017-03-10_09-34-58_00|359c3c64|#X64:/data/compiled/documents/w_quest.hdr
questdesc:QUEST_DESC_GARTMANNI3_2017-03-10_09-35-08_00|823bfea0|#X64:/data/compiled/documents/w_quest.hdr
questdesc:QUEST_DESC_GARTMANNI3_2017-03-10_09-35-22_00|825ce55c|#X64:/data/compiled/documents/w_quest.hdr
questdesc:QUEST_DESC_GARTMANNI3_2017-03-10_09-35-34_00|8270169f|#X64:/data/compiled/documents/w_quest.hdr
questdesc:QUEST_DESC_GARTMANNI3_2017-03-10_09-35-45_00|8282bb81|#X64:/data/compiled/documents/w_quest.hdr
questdesc:QUEST_DESC_GARTMANNI3_2017-03-10_09-35-57_00|8295ecc4|#X64:/data/compiled/documents/w_quest.hdr
questdesc:QUEST_DESC_GARTMANNI3_2017-03-10_09-36-13_00|cf4595fd|#X64:/data/compiled/documents/w_quest.hdr
questdesc:QUEST_DESC_GARTMANNI3_2017-03-10_09-36-24_00|cf583adf|#X64:/data/compiled/documents/w_quest.hdr
questdesc:QUEST_DESC_GARTMANNI3_2017-03-10_09-36-50_00|cf8c52de|#X64:/data/compiled/documents/w_quest.hdr
questdesc:QUEST_DESC_GARTMANNI3_2017-03-10_09-37-00_00|1c2c151a|#X64:/data/compiled/documents/w_quest.hdr
questdesc:QUEST_DESC_GARTMANNI3_2017-03-10_09-37-14_00|1c405f1f|#X64:/data/compiled/documents/w_quest.hdr
questdesc:QUEST_DESC_GARTMANNI3_2017-03-10_09-37-28_00|1c54a924|#X64:/data/compiled/documents/w_quest.hdr
questdesc:QUEST_DESC_GARTMANNI3_2017-03-10_09-37-40_00|1c74771e|#X64:/data/compiled/documents/w_quest.hdr
questdesc:QUEST_DESC_GARTMANNI3_2017-03-10_09-37-50_00|1c868f9f|#X64:/data/compiled/documents/w_quest.hdr
questdesc:QUEST_DESC_GARTMANNI3_2017-03-10_10-39-41_00|17671819|#X64:/data/compiled/documents/w_quest.hdr
questdesc:QUEST_DESC_GARTMANNI3_2017-03-10_13-12-48_00|302f4f1a|#X64:/data/compiled/documents/w_quest.hdr
questdesc:QUEST_DESC_IKENI7_2015-02-18_12-34-37_00|78280073|#X64:/data/compiled/documents/w_quest.hdr
questdesc:QUEST_DESC_IKENI7_2015-02-18_12-37-47_00|5f28cf37|#X64:/data/compiled/documents/w_quest.hdr
questdesc:QUEST_DESC_IKENI7_2015-02-19_07-24-55_00|6a406db7|#X64:/data/compiled/documents/w_quest.hdr
questdesc:QUEST_DESC_IKENI7_2015-02-19_07-25-22_00|b702bbd2|#X64:/data/compiled/documents/w_quest.hdr
questdesc:QUEST_DESC_IKENI7_2015-02-19_07-28-07_00|9dcffef8|#X64:/data/compiled/documents/w_quest.hdr
questdesc:QUEST_DESC_IKENI7_2015-02-19_07-32-04_00|bc32c230|#X64:/data/compiled/documents/w_quest.hdr
questdesc:QUEST_DESC_IKENI7_2015-02-19_07-32-47_00|bc7cc957|#X64:/data/compiled/documents/w_quest.hdr
questdesc:QUEST_DESC_IKENI7_2015-02-19_07-35-36_00|a358dab8|#X64:/data/compiled/documents/w_quest.hdr
questdesc:QUEST_DESC_IKENI7_2015-02-19_07-36-15_00|f02e5a16|#X64:/data/compiled/documents/w_quest.hdr
questdesc:QUEST_DESC_IKENI7_2015-02-19_07-37-20_00|3d37f173|#X64:/data/compiled/documents/w_quest.hdr
questdesc:QUEST_DESC_IKENI7_2015-02-19_07-37-48_00|3d60857d|#X64:/data/compiled/documents/w_quest.hdr
questdesc:QUEST_DESC_IKENI7_2015-02-19_11-58-20_00|cfd32671|#X64:/data/compiled/documents/w_quest.hdr
questdesc:QUEST_DESC_IKENI7_2015-02-19_13-21-48_00|f873b4d3|#X64:/data/compiled/documents/w_quest.hdr
questdesc:QUEST_DESC_IKENI7_2015-02-20_08-41-54_00|d0c84a0e|#X64:/data/compiled/documents/w_quest.hdr
questdesc:QUEST_DESC_IKENI7_2015-02-20_09-57-58_00|8ef44e1a|#X64:/data/compiled/documents/w_quest.hdr
questdesc:QUEST_DESC_IKENI7_2015-02-20_11-29-19_00|c8e39f8f|#X64:/data/compiled/documents/w_quest.hdr
questdesc:QUEST_DESC_IKENI7_2015-02-25_09-59-14_00|b5796399|#X64:/data/compiled/documents/w_quest.hdr
questdesc:QUEST_DESC_IKENI7_2015-02-25_11-11-05_00|0196ca26|#X64:/data/compiled/documents/w_quest.hdr
questdesc:QUEST_DESC_IKENI7_2015-02-25_12-54-02_00|9d95bfeb|#X64:/data/compiled/documents/w_quest.hdr
questdesc:QUEST_DESC_IKENI7_2015-02-27_08-37-24_00|ddc6dab7|#X64:/data/compiled/documents/w_quest.hdr
questdesc:QUEST_DESC_IKENI7_2015-02-27_08-39-03_00|779696d6|#X64:/data/compiled/documents/w_quest.hdr
questdesc:QUEST_DESC_IKENI7_2015-02-27_09-09-56_00|b737c8fc|#X64:/data/compiled/documents/w_quest.hdr
questdesc:QUEST_DESC_IKENI7_2015-02-27_09-10-19_00|ee66be33|#X64:/data/compiled/documents/w_quest.hdr
questdesc:QUEST_DESC_IKENI7_2015-02-27_09-11-04_00|3b4c248e|#X64:/data/compiled/documents/w_quest.hdr
questdesc:QUEST_DESC_IKENI7_2015-02-27_09-11-44_00|3b948692|#X64:/data/compiled/documents/w_quest.hdr
questdesc:QUEST_DESC_IKENI7_2015-02-27_09-12-07_00|88480672|#X64:/data/compiled/documents/w_quest.hdr
questdesc:QUEST_DESC_IKENI7_2015-02-27_09-12-52_00|889fc312|#X64:/data/compiled/documents/w_quest.hdr
questdesc:QUEST_DESC_IKENI7_2015-02-27_09-13-08_00|d542cf94|#X64:/data/compiled/documents/w_quest.hdr
questdesc:QUEST_DESC_IKENI7_2015-02-27_09-38-13_00|2eb903b7|#X64:/data/compiled/documents/w_quest.hdr
questdesc:QUEST_DESC_IKENI7_2015-03-02_08-34-58_00|ffea2295|#X64:/data/compiled/documents/w_quest.hdr
questdesc:QUEST_DESC_IKENI7_2015-03-02_09-16-07_00|c50a7c90|#X64:/data/compiled/documents/w_quest.hdr
questdesc:QUEST_DESC_IKENI7_2015-03-11_09-09-39_00|abcff057|#X64:/data/compiled/documents/w_quest.hdr
questdesc:QUEST_DESC_IKENI7_2015-03-11_09-17-46_00|fe2dbf14|#X64:/data/compiled/documents/w_quest.hdr
questdesc:QUEST_DESC_IKENI7_2015-03-11_10-05-17_00|d8bf4ea7|#X64:/data/compiled/documents/w_quest.hdr
questdesc:QUEST_DESC_IKENI7_2015-03-12_07-33-59_00|ea261ab5|#X64:/data/compiled/documents/w_quest.hdr
questdesc:QUEST_DESC_IKENI7_2015-03-16_09-07-42_00|9ec4e834|#X64:/data/compiled/documents/w_quest.hdr
questdesc:QUEST_DESC_IKENI7_2015-03-16_12-02-42_00|86f475c9|#X64:/data/compiled/documents/w_quest.hdr
questdesc:QUEST_DESC_IKENI7_2015-03-16_12-43-33_00|84e479ee|#X64:/data/compiled/documents/w_quest.hdr
questdesc:QUEST_DESC_IKENI7_2015-03-16_12-46-00_00|6b9b418b|#X64:/data/compiled/documents/w_quest.hdr
questdesc:QUEST_DESC_IKENI7_2015-03-17_09-03-51_00|ba4c8ad1|#X64:/data/compiled/documents/w_quest.hdr
questdesc:QUEST_DESC_IKENI7_2015-03-17_10-23-58_00|f3d1a652|#X64:/data/compiled/documents/w_quest.hdr
questdesc:QUEST_DESC_IKENI7_2015-03-17_10-35-52_00|7a04aa6f|#X64:/data/compiled/documents/w_quest.hdr
questdesc:QUEST_DESC_IKENI7_2015-03-17_10-40-40_00|e5501e48|#X64:/data/compiled/documents/w_quest.hdr
questdesc:QUEST_DESC_IKENI7_2015-03-17_13-34-02_00|38cfa68c|#X64:/data/compiled/documents/w_quest.hdr
questdesc:QUEST_DESC_IKENI7_2015-03-19_11-37-28_00|b68ec8d7|#X64:/data/compiled/documents/w_quest.hdr
questdesc:QUEST_DESC_IKENI7_2015-03-23_08-17-56_00|d4339317|#X64:/data/compiled/documents/w_quest.hdr
questdesc:QUEST_DESC_IKENI7_2015-03-23_08-29-59_00|5a6b869d|#X64:/data/compiled/documents/w_quest.hdr
questdesc:QUEST_DESC_IKENI7_2015-03-24_07-24-07_00|24813bf1|#X64:/data/compiled/documents/w_quest.hdr
questdesc:QUEST_DESC_IKENI7_2015-03-24_07-26-12_00|be85100f|#X64:/data/compiled/documents/w_quest.hdr
questdesc:QUEST_DESC_IKENI7_2015-03-24_07-28-05_00|58691633|#X64:/data/compiled/documents/w_quest.hdr
questdesc:QUEST_DESC_IKENI7_2015-03-26_09-21-05_00|e464a230|#X64:/data/compiled/documents/w_quest.hdr
questdesc:QUEST_DESC_IKENI7_2015-03-30_11-06-08_00|50d3fa2a|#X64:/data/compiled/documents/w_quest.hdr
questdesc:QUEST_DESC_IKENI7_2015-03-30_11-08-57_00|eb2261d0|#X64:/data/compiled/documents/w_quest.hdr
questdesc:QUEST_DESC_IKENI7_2015-03-30_11-42-06_00|cdf141e8|#X64:/data/compiled/documents/w_quest.hdr
questdesc:QUEST_DESC_IKENI7_2015-03-30_11-47-42_00|4f1aa22d|#X64:/data/compiled/documents/w_quest.hdr
questdesc:QUEST_DESC_IKENI7_2015-03-30_11-51-06_00|6d38da08|#X64:/data/compiled/documents/w_quest.hdr
questdesc:QUEST_DESC_IKENI7_2015-04-08_10-00-50_00|54aed906|#X64:/data/compiled/documents/w_quest.hdr
questdesc:QUEST_DESC_IKENI7_2015-04-08_10-01-47_00|a19ad3ed|#X64:/data/compiled/documents/w_quest.hdr
questdesc:QUEST_DESC_IKENI7_2015-04-09_09-53-21_00|c71268f5|#X64:/data/compiled/documents/w_quest.hdr
questdesc:QUEST_DESC_IKENI7_2015-04-10_12-03-06_00|03a36ee5|#X64:/data/compiled/documents/w_quest.hdr
questdesc:QUEST_DESC_IKENI7_2015-04-16_10-31-23_00|02bc16a9|#X64:/data/compiled/documents/w_quest.hdr
questdesc:QUEST_DESC_IKENI7_2015-04-16_10-33-48_00|9cd77f12|#X64:/data/compiled/documents/w_quest.hdr
questdesc:QUEST_DESC_IKENI7_2015-04-17_07-15-39_00|44830ed9|#X64:/data/compiled/documents/w_quest.hdr
questdesc:QUEST_DESC_IKENI7_2015-04-20_07-17-44_00|ee2dda11|#X64:/data/compiled/documents/w_quest.hdr
questdesc:QUEST_DESC_IKENI7_2015-04-20_07-30-18_00|aba5c28d|#X64:/data/compiled/documents/w_quest.hdr
questdesc:QUEST_DESC_IKENI7_2015-04-20_07-42-00_00|31c59567|#X64:/data/compiled/documents/w_quest.hdr
questdesc:QUEST_DESC_IKENI7_2015-04-20_07-44-43_00|cc041610|#X64:/data/compiled/documents/w_quest.hdr
questdesc:QUEST_DESC_IKENI7_2015-04-20_07-48-39_00|ffde3ad9|#X64:/data/compiled/documents/w_quest.hdr
questdesc:QUEST_DESC_IKENI7_2015-04-20_08-01-08_00|37d2f94b|#X64:/data/compiled/documents/w_quest.hdr
questdesc:QUEST_DESC_IKENI7_2015-04-20_08-10-40_00|d75e9067|#X64:/data/compiled/documents/w_quest.hdr
questdesc:QUEST_DESC_IKENI7_2015-04-22_07-33-20_00|3160414b|#X64:/data/compiled/documents/w_quest.hdr
questdesc:QUEST_DESC_IKENI7_2015-04-23_09-55-43_00|fb726677|#X64:/data/compiled/documents/w_quest.hdr
questdesc:QUEST_DESC_IKENI7_2015-04-23_09-56-32_00|4859fe56|#X64:/data/compiled/documents/w_quest.hdr
questdesc:QUEST_DESC_IKENI7_2015-04-23_09-57-06_00|95202318|#X64:/data/compiled/documents/w_quest.hdr
questdesc:QUEST_DESC_IKENI7_2015-04-23_09-57-36_00|95566c9b|#X64:/data/compiled/documents/w_quest.hdr
questdesc:QUEST_DESC_IKENI7_2015-04-29_06-32-40_00|0c18e6f2|#X64:/data/compiled/documents/w_quest.hdr
questdesc:QUEST_DESC_IKENI7_2015-05-06_13-53-36_00|525c9734|#X64:/data/compiled/documents/w_quest.hdr
questdesc:QUEST_DESC_IKENI7_2015-05-06_13-56-08_00|39161cb6|#X64:/data/compiled/documents/w_quest.hdr
questdesc:QUEST_DESC_IKENI7_2015-05-11_07-43-44_00|9f5e5b71|#X64:/data/compiled/documents/w_quest.hdr
questdesc:QUEST_DESC_IKENI7_2015-05-12_09-24-28_00|6b271ab5|#X64:/data/compiled/documents/w_quest.hdr
questdesc:QUEST_DESC_IKENI7_2015-05-12_09-36-04_00|f1370692|#X64:/data/compiled/documents/w_quest.hdr
questdesc:QUEST_DESC_IKENI7_2015-05-12_09-37-04_00|3e314353|#X64:/data/compiled/documents/w_quest.hdr
questdesc:QUEST_DESC_IKENI7_2015-05-12_09-38-36_00|8b62e259|#X64:/data/compiled/documents/w_quest.hdr
questdesc:QUEST_DESC_IKENI7_2015-05-12_09-40-32_00|0fd09fae|#X64:/data/compiled/documents/w_quest.hdr
questdesc:QUEST_DESC_IKENI7_2015-05-22_09-51-25_00|843c7793|#X64:/data/compiled/documents/w_quest.hdr
questdesc:QUEST_DESC_IKENI7_2015-06-03_07-15-05_00|e3f87fef|#X64:/data/compiled/documents/w_quest.hdr
questdesc:QUEST_DESC_IKENI7_2015-06-09_13-00-00_00|c83d6727|#X64:/data/compiled/documents/w_quest.hdr
questdesc:QUEST_DESC_IKENI7_2015-06-09_13-00-38_00|c87813b2|#X64:/data/compiled/documents/w_quest.hdr
questdesc:QUEST_DESC_IKENI7_2015-06-17_10-36-51_00|eb9dcc72|#X64:/data/compiled/documents/w_quest.hdr
questdesc:QUEST_DESC_IKENI7_2015-06-17_13-30-29_00|29ae2cd4|#X64:/data/compiled/documents/w_quest.hdr
questdesc:QUEST_DESC_IKENI7_2015-06-19_08-43-12_00|2a5efc36|#X64:/data/compiled/documents/w_quest.hdr
questdesc:QUEST_DESC_IKENI7_2015-06-24_09-24-34_00|516a7436|#X64:/data/compiled/documents/w_quest.hdr
questdesc:QUEST_DESC_IKENI7_2015-06-24_09-25-52_00|9e87c937|#X64:/data/compiled/documents/w_quest.hdr
questdesc:QUEST_DESC_IKENI7_2015-06-24_11-23-08_00|69444baf|#X64:/data/compiled/documents/w_quest.hdr
questdesc:QUEST_DESC_IKENI7_2015-06-24_11-53-29_00|2e2e87b5|#X64:/data/compiled/documents/w_quest.hdr
questdesc:QUEST_DESC_IKENI7_2015-06-30_10-50-59_00|412f9d71|#X64:/data/compiled/documents/w_quest.hdr
questdesc:QUEST_DESC_IKENI7_2015-06-30_14-08-22_00|1ba87f6e|#X64:/data/compiled/documents/w_quest.hdr
questdesc:QUEST_DESC_IKENI7_2015-07-03_08-25-36_00|e0b0e1b6|#X64:/data/compiled/documents/w_quest.hdr
questdesc:QUEST_DESC_IKENI7_2015-07-03_08-26-37_00|2dabaad8|#X64:/data/compiled/documents/w_quest.hdr
questdesc:QUEST_DESC_IKENI7_2015-07-03_08-31-26_00|98f7ab12|#X64:/data/compiled/documents/w_quest.hdr
questdesc:QUEST_DESC_IKENI7_2015-07-03_08-37-34_00|66e61757|#X64:/data/compiled/documents/w_quest.hdr
questdesc:QUEST_DESC_IKENI7_2015-07-09_08-27-35_00|56df07dd|#X64:/data/compiled/documents/w_quest.hdr
questdesc:QUEST_DESC_IKENI7_2015-07-10_10-25-22_00|92c7e108|#X64:/data/compiled/documents/w_quest.hdr
questdesc:QUEST_DESC_IKENI7_2015-07-10_10-36-51_00|cc39afcc|#X64:/data/compiled/documents/w_quest.hdr
questdesc:QUEST_DESC_IKENI7_2015-07-10_10-38-10_00|65e53ae9|#X64:/data/compiled/documents/w_quest.hdr
questdesc:QUEST_DESC_IKENI7_2015-07-10_10-43-30_00|d1681107|#X64:/data/compiled/documents/w_quest.hdr
questdesc:QUEST_DESC_IKENI7_2015-07-10_10-45-09_00|6b2b306f|#X64:/data/compiled/documents/w_quest.hdr
questdesc:QUEST_DESC_IKENI7_2015-07-14_10-18-28_00|caf432b4|#X64:/data/compiled/documents/w_quest.hdr
questdesc:QUEST_DESC_IKENI7_2015-07-15_09-17-33_00|6c6abef8|#X64:/data/compiled/documents/w_quest.hdr
questdesc:QUEST_DESC_IKENI7_2015-07-15_09-54-46_00|369719dd|#X64:/data/compiled/documents/w_quest.hdr
questdesc:QUEST_DESC_IKENI7_2015-08-14_07-22-02_00|8c53884e|#X64:/data/compiled/documents/w_quest.hdr
questdesc:QUEST_DESC_IKENI7_2015-08-14_07-29-51_00|a7851fb9|#X64:/data/compiled/documents/w_quest.hdr
questdesc:QUEST_DESC_IKENI7_2015-08-14_07-36-59_00|acdca15f|#X64:/data/compiled/documents/w_quest.hdr
questdesc:QUEST_DESC_IKENI7_2015-09-01_11-40-08_00|1adb210c|#X64:/data/compiled/documents/w_quest.hdr
questdesc:QUEST_DESC_IKENI7_2015-09-02_08-15-22_00|bd660511|#X64:/data/compiled/documents/w_quest.hdr
questdesc:QUEST_DESC_IKENI7_2015-09-02_11-53-11_00|3d78f78b|#X64:/data/compiled/documents/w_quest.hdr
questdesc:QUEST_DESC_IKENI7_2015-09-04_09-22-16_00|6571e0d5|#X64:/data/compiled/documents/w_quest.hdr
questdesc:QUEST_DESC_IKENI7_2015-09-08_07-34-16_00|210f32fa|#X64:/data/compiled/documents/w_quest.hdr
questdesc:QUEST_DESC_IKENI7_2015-09-10_08-48-46_00|05c2c31c|#X64:/data/compiled/documents/w_quest.hdr
questdesc:QUEST_DESC_IKENI7_2015-09-10_08-57-10_00|a4d0c773|#X64:/data/compiled/documents/w_quest.hdr
questdesc:QUEST_DESC_IKENI7_2015-09-10_09-01-56_00|3e006ff3|#X64:/data/compiled/documents/w_quest.hdr
questdesc:QUEST_DESC_IKENI7_2015-09-11_08-38-31_00|68cb2156|#X64:/data/compiled/documents/w_quest.hdr
questdesc:QUEST_DESC_IKENI7_2015-09-11_09-51-01_00|2a4b696f|#X64:/data/compiled/documents/w_quest.hdr
questdesc:QUEST_DESC_IKENI7_2015-09-14_11-01-11_00|e039a247|#X64:/data/compiled/documents/w_quest.hdr
questdesc:QUEST_DESC_IKENI7_2015-09-14_11-07-19_00|ae1b71d5|#X64:/data/compiled/documents/w_quest.hdr
questdesc:QUEST_DESC_IKENI7_2015-09-14_11-09-36_00|48327736|#X64:/data/compiled/documents/w_quest.hdr
questdesc:QUEST_DESC_IKENI7_2015-09-15_13-00-14_00|eab5366c|#X64:/data/compiled/documents/w_quest.hdr
questdesc:QUEST_DESC_IKENI7_2015-09-18_09-51-44_00|562eb31d|#X64:/data/compiled/documents/w_quest.hdr
questdesc:QUEST_DESC_IKENI7_2015-09-18_09-53-29_00|f001b982|#X64:/data/compiled/documents/w_quest.hdr
questdesc:QUEST_DESC_IKENI7_2015-09-18_09-55-52_00|8a28a5e0|#X64:/data/compiled/documents/w_quest.hdr
questdesc:QUEST_DESC_IKENI7_2015-09-22_06-38-14_00|eb32b657|#X64:/data/compiled/documents/w_quest.hdr
questdesc:QUEST_DESC_IKENI7_2015-09-22_12-01-15_00|80c88b8b|#X64:/data/compiled/documents/w_quest.hdr
questdesc:QUEST_DESC_IKENI7_2015-09-22_12-15-58_00|a13d5a97|#X64:/data/compiled/documents/w_quest.hdr
questdesc:QUEST_DESC_IKENI7_2015-09-22_12-17-17_00|3ae8e5b4|#X64:/data/compiled/documents/w_quest.hdr
questdesc:QUEST_DESC_IKENI7_2015-09-23_10-11-07_00|b44347ec|#X64:/data/compiled/documents/w_quest.hdr
questdesc:QUEST_DESC_IKENI7_2015-09-25_07-16-57_00|6b2c47de|#X64:/data/compiled/documents/w_quest.hdr
questdesc:QUEST_DESC_IKENI7_2015-09-25_09-06-24_00|86c7a699|#X64:/data/compiled/documents/w_quest.hdr
questdesc:QUEST_DESC_IKENI7_2015-09-28_12-45-25_00|4205239a|#X64:/data/compiled/documents/w_quest.hdr
questdesc:QUEST_DESC_IKENI7_2015-09-30_10-38-08_00|f4c24474|#X64:/data/compiled/documents/w_quest.hdr
questdesc:QUEST_DESC_IKENI7_2015-09-30_10-38-56_00|f51ba637|#X64:/data/compiled/documents/w_quest.hdr
questdesc:QUEST_DESC_IKENI7_2015-10-01_11-13-09_00|62007225|#X64:/data/compiled/documents/w_quest.hdr
questdesc:QUEST_DESC_IKENI7_2015-10-02_11-22-24_00|50c886e3|#X64:/data/compiled/documents/w_quest.hdr
questdesc:QUEST_DESC_IKENI7_2015-10-07_08-01-35_00|4f25b76d|#X64:/data/compiled/documents/w_quest.hdr
questdesc:QUEST_DESC_IKENI7_2015-10-07_08-02-09_00|9bebdc2f|#X64:/data/compiled/documents/w_quest.hdr
questdesc:QUEST_DESC_IKENI7_2015-10-07_13-32-51_00|d22f51eb|#X64:/data/compiled/documents/w_quest.hdr
questdesc:QUEST_DESC_IKENI7_2015-10-09_08-28-14_00|e11a6015|#X64:/data/compiled/documents/w_quest.hdr
questdesc:QUEST_DESC_IKENI7_2015-10-09_12-23-08_00|cd4497ce|#X64:/data/compiled/documents/w_quest.hdr
questdesc:QUEST_DESC_IKENI7_2015-10-13_10-13-32_00|3826a083|#X64:/data/compiled/documents/w_quest.hdr
questdesc:QUEST_DESC_IKENI7_2015-10-14_08-30-51_00|143615eb|#X64:/data/compiled/documents/w_quest.hdr
questdesc:QUEST_DESC_IKENI7_2015-10-14_09-59-02_00|a5368573|#X64:/data/compiled/documents/w_quest.hdr
questdesc:QUEST_DESC_IKENI7_2015-10-14_11-27-09_00|ab88902e|#X64:/data/compiled/documents/w_quest.hdr
questdesc:QUEST_DESC_IKENI7_2015-10-15_12-17-59_00|130ad074|#X64:/data/compiled/documents/w_quest.hdr
questdesc:QUEST_DESC_IKENI7_2015-10-20_08-45-57_00|7f227874|#X64:/data/compiled/documents/w_quest.hdr
questdesc:QUEST_DESC_IKENI7_2015-10-20_11-26-55_00|5caab00b|#X64:/data/compiled/documents/w_quest.hdr
questdesc:QUEST_DESC_IKENI7_2015-10-23_13-21-01_00|d19d1302|#X64:/data/compiled/documents/w_quest.hdr
questdesc:QUEST_DESC_IKENI7_2015-10-27_08-37-52_00|586ba1b7|#X64:/data/compiled/documents/w_quest.hdr
questdesc:QUEST_DESC_IKENI7_2015-10-27_08-39-32_00|f23bea37|#X64:/data/compiled/documents/w_quest.hdr
questdesc:QUEST_DESC_IKENI7_2015-10-27_08-41-10_00|76868f4c|#X64:/data/compiled/documents/w_quest.hdr
questdesc:QUEST_DESC_IKENI7_2015-10-29_09-50-45_00|b8cfd2f7|#X64:/data/compiled/documents/w_quest.hdr
questdesc:QUEST_DESC_IKENI7_2015-10-29_10-09-03_00|3106edad|#X64:/data/compiled/documents/w_quest.hdr
questdesc:QUEST_DESC_IKENI7_2015-10-29_10-36-49_00|0f296257|#X64:/data/compiled/documents/w_quest.hdr
questdesc:QUEST_DESC_IKENI7_2015-11-02_10-58-59_00|ebcf0e34|#X64:/data/compiled/documents/w_quest.hdr
questdesc:QUEST_DESC_IKENI7_2015-11-02_11-01-10_00|376b7c3c|#X64:/data/compiled/documents/w_quest.hdr
questdesc:QUEST_DESC_IKENI7_2015-11-06_11-21-49_00|4da684ee|#X64:/data/compiled/documents/w_quest.hdr
questdesc:QUEST_DESC_IKENI7_2015-11-16_12-25-43_00|c0d6f86e|#X64:/data/compiled/documents/w_quest.hdr
questdesc:QUEST_DESC_IKENI7_2015-11-16_12-30-43_00|2c359d8a|#X64:/data/compiled/documents/w_quest.hdr
questdesc:QUEST_DESC_IKENI7_2016-01-06_09-14-12_00|01119e2d|#X64:/data/compiled/documents/w_quest.hdr
questdesc:QUEST_DESC_IKENI7_2016-01-06_11-58-37_00|4b30ffd5|#X64:/data/compiled/documents/w_quest.hdr
questdesc:QUEST_DESC_IKENI7_2016-01-06_13-00-37_00|4e2b13aa|#X64:/data/compiled/documents/w_quest.hdr
questdesc:QUEST_DESC_IKENI7_2016-01-08_11-04-24_00|18a939ca|#X64:/data/compiled/documents/w_quest.hdr
questdesc:QUEST_DESC_IKENI7_2016-01-08_11-10-43_00|d125c048|#X64:/data/compiled/documents/w_quest.hdr
questdesc:QUEST_DESC_IKENI7_2016-01-09_08-11-27_00|044a49b2|#X64:/data/compiled/documents/w_quest.hdr
questdesc:QUEST_DESC_IKENI7_2016-01-09_08-58-53_00|d05d5e7c|#X64:/data/compiled/documents/w_quest.hdr
questdesc:QUEST_DESC_IKENI7_2016-01-09_09-07-48_00|ea152fdb|#X64:/data/compiled/documents/w_quest.hdr
questdesc:QUEST_DESC_IKENI7_2016-01-09_10-01-17_00|7cfe8889|#X64:/data/compiled/documents/w_quest.hdr
questdesc:QUEST_DESC_IKENI7_2016-01-09_10-11-15_00|693f44a8|#X64:/data/compiled/documents/w_quest.hdr
questdesc:QUEST_DESC_IKENI7_2016-01-13_11-10-47_00|7f8cfbe8|#X64:/data/compiled/documents/w_quest.hdr
questdesc:QUEST_DESC_IKENI7_2016-01-13_11-16-28_00|4d46c3cd|#X64:/data/compiled/documents/w_quest.hdr
questdesc:QUEST_DESC_IKENI7_2016-01-14_07-35-18_00|baffd353|#X64:/data/compiled/documents/w_quest.hdr
questdesc:QUEST_DESC_IKENI7_2016-01-15_13-15-32_00|a72e8a8b|#X64:/data/compiled/documents/w_quest.hdr
questdesc:QUEST_DESC_IKENI7_2016-01-18_09-03-03_00|a1c24d0e|#X64:/data/compiled/documents/w_quest.hdr
questdesc:QUEST_DESC_IKENI7_2016-01-18_09-03-29_00|a1e9c856|#X64:/data/compiled/documents/w_quest.hdr
questdesc:QUEST_DESC_IKENI7_2016-01-18_09-03-57_00|a21ef917|#X64:/data/compiled/documents/w_quest.hdr
questdesc:QUEST_DESC_IKENI7_2016-01-20_13-30-13_00|ad106a03|#X64:/data/compiled/documents/w_quest.hdr
questdesc:QUEST_DESC_IKENI7_2016-01-20_13-33-31_00|94223886|#X64:/data/compiled/documents/w_quest.hdr
questdesc:QUEST_DESC_IKENI7_2016-01-22_08-07-20_00|30c93b6b|#X64:/data/compiled/documents/w_quest.hdr
questdesc:QUEST_DESC_IKENI7_2016-01-22_08-10-34_00|0247b10a|#X64:/data/compiled/documents/w_quest.hdr
questdesc:QUEST_DESC_IKENI7_2016-01-22_08-17-11_00|1cf9842c|#X64:/data/compiled/documents/w_quest.hdr
questdesc:QUEST_DESC_IKENI7_2016-01-22_08-18-11_00|69f3c0ed|#X64:/data/compiled/documents/w_quest.hdr
questdesc:QUEST_DESC_IKENI7_2016-01-22_08-18-50_00|6a3b9690|#X64:/data/compiled/documents/w_quest.hdr
questdesc:QUEST_DESC_IKENI7_2016-01-22_08-20-49_00|ee9e5c51|#X64:/data/compiled/documents/w_quest.hdr
questdesc:QUEST_DESC_IKENI7_2016-01-22_13-49-25_00|ecefa5f2|#X64:/data/compiled/documents/w_quest.hdr
questdesc:QUEST_DESC_IKENI7_2016-01-23_07-22-12_00|d3ad2e09|#X64:/data/compiled/documents/w_quest.hdr
questdesc:QUEST_DESC_IKENI7_2016-01-25_08-47-24_00|cfefdcf6|#X64:/data/compiled/documents/w_quest.hdr
questdesc:QUEST_DESC_IKENI7_2016-01-28_08-09-11_00|a6e661d3|#X64:/data/compiled/documents/w_quest.hdr
questdesc:QUEST_DESC_IKENI7_2016-01-28_08-55-42_00|107d6d18|#X64:/data/compiled/documents/w_quest.hdr
questdesc:QUEST_DESC_IKENI7_2016-01-28_10-02-00_00|f1043fe3|#X64:/data/compiled/documents/w_quest.hdr
questdesc:QUEST_DESC_IKENI7_2016-01-28_10-38-46_00|83f2d756|#X64:/data/compiled/documents/w_quest.hdr
questdesc:QUEST_DESC_IKENI7_2016-01-28_10-40-13_00|082ad789|#X64:/data/compiled/documents/w_quest.hdr
questdesc:QUEST_DESC_IKENI7_2016-01-28_10-40-50_00|0871946a|#X64:/data/compiled/documents/w_quest.hdr
questdesc:QUEST_DESC_IKENI7_2016-01-28_10-41-19_00|55285e90|#X64:/data/compiled/documents/w_quest.hdr
questdesc:QUEST_DESC_IKENI7_2016-02-01_10-02-16_00|5b3512c2|#X64:/data/compiled/documents/w_quest.hdr
questdesc:QUEST_DESC_IKENI7_2016-02-01_12-42-29_00|1465462c|#X64:/data/compiled/documents/w_quest.hdr
questdesc:QUEST_DESC_IKENI7_2016-02-01_13-52-08_00|048ceecb|#X64:/data/compiled/documents/w_quest.hdr
questdesc:QUEST_DESC_IKENI7_2016-02-01_13-53-00_00|5182c884|#X64:/data/compiled/documents/w_quest.hdr
questdesc:QUEST_DESC_IKENI7_2016-02-01_13-53-58_00|51e1a611|#X64:/data/compiled/documents/w_quest.hdr
questdesc:QUEST_DESC_IKENI7_2016-02-02_08-17-23_00|b2c1680e|#X64:/data/compiled/documents/w_quest.hdr
questdesc:QUEST_DESC_IKENI7_2016-02-02_14-02-06_00|baac4846|#X64:/data/compiled/documents/w_quest.hdr
questdesc:QUEST_DESC_IKENI7_2016-02-03_10-23-03_00|1f5d4ea3|#X64:/data/compiled/documents/w_quest.hdr
questdesc:QUEST_DESC_IKENI7_2016-02-03_14-07-06_00|8aee818c|#X64:/data/compiled/documents/w_quest.hdr
questdesc:QUEST_DESC_IKENI7_2016-02-04_13-19-24_00|5c9c608f|#X64:/data/compiled/documents/w_quest.hdr
questdesc:QUEST_DESC_IKENI7_2016-02-05_10-01-55_00|4bfed1a8|#X64:/data/compiled/documents/w_quest.hdr
questdesc:QUEST_DESC_IKENI7_2016-02-11_14-30-55_00|d1b86bab|#X64:/data/compiled/documents/w_quest.hdr
questdesc:QUEST_DESC_IKENI7_2016-02-25_09-44-18_00|f930f6b8|#X64:/data/compiled/documents/w_quest.hdr
questdesc:QUEST_DESC_IKENI7_2016-03-03_12-58-29_00|7977c076|#X64:/data/compiled/documents/w_quest.hdr
questdesc:QUEST_DESC_IKENI7_2016-03-03_15-26-14_00|26c8a54e|#X64:/data/compiled/documents/w_quest.hdr
questdesc:QUEST_DESC_IKENI7_2016-03-04_09-00-09_00|5a84cd2e|#X64:/data/compiled/documents/w_quest.hdr
questdesc:QUEST_DESC_IKENI7_2016-03-04_13-53-41_00|4c1df94d|#X64:/data/compiled/documents/w_quest.hdr
questdesc:QUEST_DESC_IKENI7_2016-03-10_08-43-42_00|ec78e4ce|#X64:/data/compiled/documents/w_quest.hdr
questdesc:QUEST_DESC_IKENI7_2016-03-10_08-53-27_00|d8994692|#X64:/data/compiled/documents/w_quest.hdr
questdesc:QUEST_DESC_IKENI7_2016-03-10_09-00-26_00|586b6caa|#X64:/data/compiled/documents/w_quest.hdr
questdesc:QUEST_DESC_IKENI7_2016-03-11_08-38-27_00|d057d616|#X64:/data/compiled/documents/w_quest.hdr
questdesc:QUEST_DESC_IKENI7_2016-03-11_08-52-44_00|db209f31|#X64:/data/compiled/documents/w_quest.hdr
questdesc:QUEST_DESC_IKENI7_2016-03-11_10-21-03_00|2e2021a1|#X64:/data/compiled/documents/w_quest.hdr
questdesc:QUEST_DESC_IKENI7_2016-03-11_15-44-52_00|0221456f|#X64:/data/compiled/documents/w_quest.hdr
questdesc:QUEST_DESC_IKENI7_2016-03-14_14-58-02_00|0c041e31|#X64:/data/compiled/documents/w_quest.hdr
questdesc:QUEST_DESC_IKENI7_2016-04-28_13-24-39_00|9476c119|#X64:/data/compiled/documents/w_quest.hdr
questdesc:QUEST_DESC_IKENI7_2016-05-18_07-30-04_00|a8591711|#X64:/data/compiled/documents/w_quest.hdr
questdesc:QUEST_DESC_IKENI7_2016-05-20_07-47-57_00|7016a27a|#X64:/data/compiled/documents/w_quest.hdr
questdesc:QUEST_DESC_IKENI7_2016-05-20_07-55-30_00|c23bf630|#X64:/data/compiled/documents/w_quest.hdr
questdesc:QUEST_DESC_IKENI7_2016-06-07_13-19-44_00|7bb24598|#X64:/data/compiled/documents/w_quest.hdr
questdesc:QUEST_DESC_IKENI7_2016-06-15_09-06-49_00|d7e9507d|#X64:/data/compiled/documents/w_quest.hdr
questdesc:QUEST_DESC_IKENI7_2016-06-15_09-23-37_00|c96b12b9|#X64:/data/compiled/documents/w_quest.hdr
questdesc:QUEST_DESC_IKENI7_2016-06-15_09-43-20_00|a1d8cd53|#X64:/data/compiled/documents/w_quest.hdr
questdesc:QUEST_DESC_IKENI7_2016-06-15_09-45-18_00|3bbf915c|#X64:/data/compiled/documents/w_quest.hdr
questdesc:QUEST_DESC_IKENI7_2016-06-15_09-56-41_00|752e15da|#X64:/data/compiled/documents/w_quest.hdr
questdesc:QUEST_DESC_IKENI7_2016-06-15_09-59-54_00|5c3089c1|#X64:/data/compiled/documents/w_quest.hdr
questdesc:QUEST_DESC_IKENI7_2016-06-15_10-22-43_00|dd7e580d|#X64:/data/compiled/documents/w_quest.hdr
questdesc:QUEST_DESC_IKENI7_2016-06-15_10-33-32_00|16a7c4cd|#X64:/data/compiled/documents/w_quest.hdr
questdesc:QUEST_DESC_IKENI7_2016-06-15_10-38-44_00|979e25d5|#X64:/data/compiled/documents/w_quest.hdr
questdesc:QUEST_DESC_IKENI7_2016-06-15_11-51-44_00|5954b771|#X64:/data/compiled/documents/w_quest.hdr
questdesc:QUEST_DESC_IKENI7_2016-06-15_12-09-17_00|27b361d5|#X64:/data/compiled/documents/w_quest.hdr
questdesc:QUEST_DESC_IKENI7_2017-01-13_13-09-41_00|0103880d|#X64:/data/compiled/documents/w_quest.hdr
questdesc:QUEST_DESC_IKENI7_2017-01-13_13-15-06_00|b916c5cb|#X64:/data/compiled/documents/w_quest.hdr
questdesc:QUEST_DESC_IKENI7_2017-01-13_13-18-21_00|a026ef2b|#X64:/data/compiled/documents/w_quest.hdr
questdesc:QUEST_DESC_IKENI7_2017-01-13_13-22-21_00|be8b5786|#X64:/data/compiled/documents/w_quest.hdr
questdesc:QUEST_DESC_IKENI7_2017-02-16_17-15-35_00|c3c909d5|#X64:/data/compiled/documents/w_quest.hdr
questdesc:QUEST_DESC_IKENI7_2017-02-27_13-38-36_00|fdb0f4d9|#X64:/data/compiled/documents/w_quest.hdr
questdesc:QUEST_DESC_IKENI7_2017-02-27_13-42-21_00|1c0086ce|#X64:/data/compiled/documents/w_quest.hdr
questdesc:QUEST_DESC_IKENI7_2017-02-27_13-44-08_00|b5d4a5f5|#X64:/data/compiled/documents/w_quest.hdr
questdesc:QUEST_DESC_PANKRATZI7_2015-02-06_12-39-29_00|68934bda|#X64:/data/compiled/documents/w_quest.hdr
questdesc:QUEST_DESC_PANKRATZI7_2015-02-06_12-40-10_00|9ff1f608|#X64:/data/compiled/documents/w_quest.hdr
questdesc:QUEST_DESC_PANKRATZI7_2015-02-06_13-43-46_00|8b24d135|#X64:/data/compiled/documents/w_quest.hdr
questdesc:QUEST_DESC_PANKRATZI7_2015-02-06_14-10-31_00|e366570a|#X64:/data/compiled/documents/w_quest.hdr
questdesc:QUEST_DESC_PANKRATZI7_2015-02-06_15-21-55_00|20d35c53|#X64:/data/compiled/documents/w_quest.hdr
questdesc:QUEST_DESC_PANKRATZI7_2015-02-09_09-27-34_00|6776b73c|#X64:/data/compiled/documents/w_quest.hdr
questdesc:QUEST_DESC_PANKRATZI7_2015-02-09_12-33-13_00|88bd9910|#X64:/data/compiled/documents/w_quest.hdr
questdesc:QUEST_DESC_PANKRATZI7_2015-02-09_12-37-08_00|bc973178|#X64:/data/compiled/documents/w_quest.hdr
questdesc:QUEST_DESC_PANKRATZI7_2015-02-09_14-07-38_00|001d1e9a|#X64:/data/compiled/documents/w_quest.hdr
questdesc:QUEST_DESC_PANKRATZI7_2015-02-09_14-13-25_00|b86242d3|#X64:/data/compiled/documents/w_quest.hdr
questdesc:QUEST_DESC_PANKRATZI7_2015-02-09_14-29-51_00|72b59c39|#X64:/data/compiled/documents/w_quest.hdr
questdesc:QUEST_DESC_PANKRATZI7_2015-02-10_14-08-38_00|be003f73|#X64:/data/compiled/documents/w_quest.hdr
questdesc:QUEST_DESC_PANKRATZI7_2015-02-10_14-23-40_00|15ae6ee9|#X64:/data/compiled/documents/w_quest.hdr
questdesc:QUEST_DESC_PANKRATZI7_2015-02-10_14-41-28_00|541dd12f|#X64:/data/compiled/documents/w_quest.hdr
questdesc:QUEST_DESC_PANKRATZI7_2015-02-10_14-57-56_00|0e724357|#X64:/data/compiled/documents/w_quest.hdr
questdesc:QUEST_DESC_PANKRATZI7_2015-02-10_14-58-13_00|5b2278f1|#X64:/data/compiled/documents/w_quest.hdr
questdesc:QUEST_DESC_PANKRATZI7_2015-02-10_14-58-41_00|5b57a9b2|#X64:/data/compiled/documents/w_quest.hdr
questdesc:QUEST_DESC_PANKRATZI7_2015-02-10_14-59-03_00|a80a9d31|#X64:/data/compiled/documents/w_quest.hdr
questdesc:QUEST_DESC_PANKRATZI7_2015-02-10_14-59-26_00|a8307356|#X64:/data/compiled/documents/w_quest.hdr
questdesc:QUEST_DESC_PANKRATZI7_2015-02-10_14-59-45_00|a85417f7|#X64:/data/compiled/documents/w_quest.hdr
questdesc:QUEST_DESC_PANKRATZI7_2015-02-10_15-00-04_00|5a006f85|#X64:/data/compiled/documents/w_quest.hdr
questdesc:QUEST_DESC_PANKRATZI7_2015-02-10_15-00-38_00|5a38ea8c|#X64:/data/compiled/documents/w_quest.hdr
questdesc:QUEST_DESC_PANKRATZI7_2015-02-10_15-13-19_00|2d45d10f|#X64:/data/compiled/documents/w_quest.hdr
questdesc:QUEST_DESC_PANKRATZI7_2015-02-11_10-40-34_00|46684068|#X64:/data/compiled/documents/w_quest.hdr
questdesc:QUEST_DESC_PANKRATZI7_2015-02-11_11-11-19_00|d2861c8a|#X64:/data/compiled/documents/w_quest.hdr
questdesc:QUEST_DESC_PANKRATZI7_2015-02-11_11-11-41_00|d2b80305|#X64:/data/compiled/documents/w_quest.hdr
questdesc:QUEST_DESC_PANKRATZI7_2015-02-11_11-11-54_00|d2cbc0a9|#X64:/data/compiled/documents/w_quest.hdr
questdesc:QUEST_DESC_PANKRATZI7_2015-02-11_11-12-08_00|1f6db469|#X64:/data/compiled/documents/w_quest.hdr
questdesc:QUEST_DESC_PANKRATZI7_2015-02-11_11-12-20_00|1f8d8263|#X64:/data/compiled/documents/w_quest.hdr
questdesc:QUEST_DESC_PANKRATZI7_2015-02-20_09-57-59_00|d88c427f|#X64:/data/compiled/documents/w_quest.hdr
questdesc:QUEST_DESC_PANKRATZI7_2015-02-20_16-19-18_00|3a6d7bf6|#X64:/data/compiled/documents/w_quest.hdr
questdesc:QUEST_DESC_PANKRATZI7_2015-02-20_16-49-15_00|ff315576|#X64:/data/compiled/documents/w_quest.hdr
questdesc:QUEST_DESC_PANKRATZI7_2015-02-23_13-53-46_00|ffc9fcd5|#X64:/data/compiled/documents/w_quest.hdr
questdesc:QUEST_DESC_PANKRATZI7_2015-02-23_13-55-03_00|99746f30|#X64:/data/compiled/documents/w_quest.hdr
questdesc:QUEST_DESC_PANKRATZI7_2015-02-23_14-42-19_00|ca63d7f4|#X64:/data/compiled/documents/w_quest.hdr
questdesc:QUEST_DESC_PANKRATZI7_2015-03-19_14-38-32_00|594eef3a|#X64:/data/compiled/documents/w_quest.hdr
questdesc:QUEST_DESC_PANKRATZI7_2015-04-20_09-57-04_00|f09955d7|#X64:/data/compiled/documents/w_quest.hdr
questdesc:QUEST_DESC_PANKRATZI7_2015-04-20_11-15-43_00|0aed8aad|#X64:/data/compiled/documents/w_quest.hdr
questdesc:QUEST_DESC_PANKRATZI7_2015-04-22_11-35-24_00|820ba2d0|#X64:/data/compiled/documents/w_quest.hdr
questdesc:QUEST_DESC_PANKRATZI7_2015-04-22_11-38-44_00|691e8a15|#X64:/data/compiled/documents/w_quest.hdr
questdesc:QUEST_DESC_PANKRATZI7_2015-04-22_12-12-54_00|c6da1d6f|#X64:/data/compiled/documents/w_quest.hdr
questdesc:QUEST_DESC_PANKRATZI7_2015-04-22_12-13-25_00|139e9d0e|#X64:/data/compiled/documents/w_quest.hdr
questdesc:QUEST_DESC_PANKRATZI7_2015-04-22_12-13-52_00|13d3416e|#X64:/data/compiled/documents/w_quest.hdr
questdesc:QUEST_DESC_PANKRATZI7_2015-04-22_12-37-26_00|200bc635|#X64:/data/compiled/documents/w_quest.hdr
questdesc:QUEST_DESC_PANKRATZI7_2015-04-23_11-44-56_00|70e9a6b6|#X64:/data/compiled/documents/w_quest.hdr
questdesc:QUEST_DESC_PANKRATZI7_2015-04-23_11-48-02_00|a475edb1|#X64:/data/compiled/documents/w_quest.hdr
questdesc:QUEST_DESC_PANKRATZI7_2015-04-27_12-15-57_00|3aa5a85a|#X64:/data/compiled/documents/w_quest.hdr
questdesc:QUEST_DESC_PANKRATZI7_2015-04-27_12-16-14_00|8755ddf4|#X64:/data/compiled/documents/w_quest.hdr
questdesc:QUEST_DESC_PANKRATZI7_2015-04-27_12-16-26_00|87690f37|#X64:/data/compiled/documents/w_quest.hdr
questdesc:QUEST_DESC_PANKRATZI7_2015-04-27_12-16-53_00|879db397|#X64:/data/compiled/documents/w_quest.hdr
questdesc:QUEST_DESC_PANKRATZI7_2015-04-27_12-16-56_00|879f58ba|#X64:/data/compiled/documents/w_quest.hdr
questdesc:QUEST_DESC_PANKRATZI7_2015-04-27_12-17-08_00|d44033b8|#X64:/data/compiled/documents/w_quest.hdr
questdesc:QUEST_DESC_PANKRATZI7_2015-05-12_13-50-22_00|b2b5128d|#X64:/data/compiled/documents/w_quest.hdr
questdesc:QUEST_DESC_PANKRATZI7_2015-05-12_13-52-31_00|4cbb182f|#X64:/data/compiled/documents/w_quest.hdr
questdesc:QUEST_DESC_PANKRATZI7_2015-05-12_13-58-14_00|1a75f8d6|#X64:/data/compiled/documents/w_quest.hdr
questdesc:QUEST_DESC_PANKRATZI7_2015-05-12_14-00-08_00|1955948d|#X64:/data/compiled/documents/w_quest.hdr
questdesc:QUEST_DESC_PANKRATZI7_2015-05-12_14-01-25_00|66725d2d|#X64:/data/compiled/documents/w_quest.hdr
questdesc:QUEST_DESC_PANKRATZI7_2015-05-12_14-06-13_00|e7425baf|#X64:/data/compiled/documents/w_quest.hdr
questdesc:QUEST_DESC_PANKRATZI7_2015-05-12_14-09-01_00|ce1de0af|#X64:/data/compiled/documents/w_quest.hdr
questdesc:QUEST_DESC_PANKRATZI7_2015-05-12_14-18-36_00|6d9e8037|#X64:/data/compiled/documents/w_quest.hdr
questdesc:QUEST_DESC_PANKRATZI7_2015-05-12_14-21-27_00|3ef71fb1|#X64:/data/compiled/documents/w_quest.hdr
questdesc:QUEST_DESC_PANKRATZI7_2015-05-12_14-25-39_00|72f343f8|#X64:/data/compiled/documents/w_quest.hdr
questdesc:QUEST_DESC_PANKRATZI7_2015-05-12_14-30-06_00|de19fa6e|#X64:/data/compiled/documents/w_quest.hdr
questdesc:QUEST_DESC_PANKRATZI7_2015-05-12_14-33-11_00|c5180b4d|#X64:/data/compiled/documents/w_quest.hdr
questdesc:QUEST_DESC_PANKRATZI7_2015-05-12_14-36-35_00|ac2d2416|#X64:/data/compiled/documents/w_quest.hdr
questdesc:QUEST_DESC_PANKRATZI7_2015-05-12_15-26-52_00|c4186c35|#X64:/data/compiled/documents/w_quest.hdr
questdesc:QUEST_DESC_PANKRATZI7_2015-05-12_15-29-35_00|aae49699|#X64:/data/compiled/documents/w_quest.hdr
questdesc:QUEST_DESC_PANKRATZI7_2015-05-12_15-32-51_00|7c70c1b1|#X64:/data/compiled/documents/w_quest.hdr
questdesc:QUEST_DESC_PANKRATZI7_2015-05-12_15-35-17_00|631a6036|#X64:/data/compiled/documents/w_quest.hdr
questdesc:QUEST_DESC_PANKRATZI7_2015-05-12_15-36-52_00|b05a4116|#X64:/data/compiled/documents/w_quest.hdr
questdesc:QUEST_DESC_PANKRATZI7_2015-05-12_15-38-28_00|4a1bbb5b|#X64:/data/compiled/documents/w_quest.hdr
questdesc:QUEST_DESC_PANKRATZI7_2015-05-12_15-39-54_00|974a101b|#X64:/data/compiled/documents/w_quest.hdr
questdesc:QUEST_DESC_PANKRATZI7_2015-05-12_15-42-19_00|686e9796|#X64:/data/compiled/documents/w_quest.hdr
questdesc:QUEST_DESC_PANKRATZI7_2015-05-12_15-43-38_00|b58c78f8|#X64:/data/compiled/documents/w_quest.hdr
questdesc:QUEST_DESC_PANKRATZI7_2015-05-12_15-44-58_00|02aae6bb|#X64:/data/compiled/documents/w_quest.hdr
questdesc:QUEST_DESC_PANKRATZI7_2015-05-12_15-48-06_00|36384678|#X64:/data/compiled/documents/w_quest.hdr
questdesc:QUEST_DESC_PANKRATZI7_2015-05-12_15-49-19_00|834640dd|#X64:/data/compiled/documents/w_quest.hdr
questdesc:QUEST_DESC_PANKRATZI7_2015-05-12_15-51-16_00|07b48a93|#X64:/data/compiled/documents/w_quest.hdr
questdesc:QUEST_DESC_PANKRATZI7_2015-06-10_11-56-26_00|e5f6a134|#X64:/data/compiled/documents/w_quest.hdr
questdesc:QUEST_DESC_PANKRATZI7_2015-06-11_08-55-56_00|7f7efa1d|#X64:/data/compiled/documents/w_quest.hdr
questdesc:QUEST_DESC_PANKRATZI7_2015-06-11_09-30-19_00|29dbf4d6|#X64:/data/compiled/documents/w_quest.hdr
questdesc:QUEST_DESC_PANKRATZI7_2015-06-19_12-20-09_00|219310d6|#X64:/data/compiled/documents/w_quest.hdr
questdesc:QUEST_DESC_PANKRATZI7_2015-08-14_08-35-43_00|ad6efafc|#X64:/data/compiled/documents/w_quest.hdr
questdesc:QUEST_DESC_PANKRATZI7_2015-08-18_15-44-03_00|032758fa|#X64:/data/compiled/documents/w_quest.hdr
questdesc:QUEST_DESC_PANKRATZI7_2015-08-21_14-00-20_00|29f6044a|#X64:/data/compiled/documents/w_quest.hdr
questdesc:QUEST_DESC_PANKRATZI7_2015-08-24_12-41-41_00|0e244c33|#X64:/data/compiled/documents/w_quest.hdr
questdesc:QUEST_DESC_PANKRATZI7_2015-08-26_13-16-55_00|6d1eeb7d|#X64:/data/compiled/documents/w_quest.hdr
questdesc:QUEST_DESC_PANKRATZI7_2015-08-26_13-17-27_00|b9e3f77d|#X64:/data/compiled/documents/w_quest.hdr
questdesc:QUEST_DESC_PANKRATZI7_2015-08-26_13-17-46_00|ba079c1e|#X64:/data/compiled/documents/w_quest.hdr
questdesc:QUEST_DESC_PANKRATZI7_2015-08-26_15-08-38_00|22c42681|#X64:/data/compiled/documents/w_quest.hdr
questdesc:QUEST_DESC_PANKRATZI7_2015-09-04_12-44-42_00|8ac84176|#X64:/data/compiled/documents/w_quest.hdr
questdesc:QUEST_DESC_PANKRATZI7_2015-09-04_15-33-48_00|5daf2d7d|#X64:/data/compiled/documents/w_quest.hdr
questdesc:QUEST_DESC_PANKRATZI7_2015-09-07_15-56-33_00|0b29d39f|#X64:/data/compiled/documents/w_quest.hdr
questdesc:QUEST_DESC_PANKRATZI7_2015-09-24_11-17-43_00|1f67e798|#X64:/data/compiled/documents/w_quest.hdr
questdesc:QUEST_DESC_PANKRATZI7_2015-09-24_11-52-41_00|4f8af295|#X64:/data/compiled/documents/w_quest.hdr
questdesc:QUEST_DESC_PANKRATZI7_2015-09-24_11-53-00_00|9c3c40f1|#X64:/data/compiled/documents/w_quest.hdr
questdesc:QUEST_DESC_PANKRATZI7_2015-09-24_11-53-16_00|9c51a3b8|#X64:/data/compiled/documents/w_quest.hdr
questdesc:QUEST_DESC_PANKRATZI7_2015-09-24_12-15-30_00|896a4193|#X64:/data/compiled/documents/w_quest.hdr
questdesc:QUEST_DESC_PANKRATZI7_2015-09-25_12-32-08_00|ca2c5818|#X64:/data/compiled/documents/w_quest.hdr
questdesc:QUEST_DESC_PANKRATZI7_2015-09-25_12-49-37_00|d17b9362|#X64:/data/compiled/documents/w_quest.hdr
questdesc:QUEST_DESC_PANKRATZI7_2015-09-25_12-50-09_00|08bc14b9|#X64:/data/compiled/documents/w_quest.hdr
questdesc:QUEST_DESC_PANKRATZI7_2015-09-25_12-50-28_00|08dfb95a|#X64:/data/compiled/documents/w_quest.hdr
questdesc:QUEST_DESC_PANKRATZI7_2015-09-28_14-12-11_00|e7e92ef5|#X64:/data/compiled/documents/w_quest.hdr
questdesc:QUEST_DESC_PANKRATZI7_2015-09-30_13-41-22_00|1c047231|#X64:/data/compiled/documents/w_quest.hdr
questdesc:QUEST_DESC_PANKRATZI7_2015-10-01_13-24-16_00|ecf9816b|#X64:/data/compiled/documents/w_quest.hdr
questdesc:QUEST_DESC_PANKRATZI7_2015-10-01_13-29-18_00|6dddc9f2|#X64:/data/compiled/documents/w_quest.hdr
questdesc:QUEST_DESC_PANKRATZI7_2015-10-01_13-31-00_00|f2373d42|#X64:/data/compiled/documents/w_quest.hdr
questdesc:QUEST_DESC_PANKRATZI7_2015-10-01_13-33-42_00|8c75318a|#X64:/data/compiled/documents/w_quest.hdr
questdesc:QUEST_DESC_PANKRATZI7_2015-10-01_13-35-33_00|26581eec|#X64:/data/compiled/documents/w_quest.hdr
questdesc:QUEST_DESC_PANKRATZI7_2015-10-01_13-38-52_00|0d6a79d0|#X64:/data/compiled/documents/w_quest.hdr
questdesc:QUEST_DESC_PANKRATZI7_2015-10-01_13-41-04_00|de7b43a7|#X64:/data/compiled/documents/w_quest.hdr
questdesc:QUEST_DESC_PANKRATZI7_2015-10-01_13-43-37_00|78a7abcf|#X64:/data/compiled/documents/w_quest.hdr
questdesc:QUEST_DESC_PANKRATZI7_2015-10-01_13-45-24_00|128867ad|#X64:/data/compiled/documents/w_quest.hdr
questdesc:QUEST_DESC_PANKRATZI7_2015-10-01_13-46-40_00|5fa4a3ec|#X64:/data/compiled/documents/w_quest.hdr
questdesc:QUEST_DESC_PANKRATZI7_2015-10-01_13-51-45_00|cb0606ed|#X64:/data/compiled/documents/w_quest.hdr
questdesc:QUEST_DESC_PANKRATZI7_2015-10-01_13-56-01_00|4b9ea32a|#X64:/data/compiled/documents/w_quest.hdr
questdesc:QUEST_DESC_PANKRATZI7_2015-10-01_13-57-16_00|98adb651|#X64:/data/compiled/documents/w_quest.hdr
questdesc:QUEST_DESC_PANKRATZI7_2015-10-08_08-53-48_00|1f6d887d|#X64:/data/compiled/documents/w_quest.hdr
questdesc:QUEST_DESC_PANKRATZI7_2015-10-20_11-54-01_00|d0b67127|#X64:/data/compiled/documents/w_quest.hdr
questdesc:QUEST_DESC_PANKRATZI7_2015-11-03_14-26-24_00|35fcc4b0|#X64:/data/compiled/documents/w_quest.hdr
questdesc:QUEST_DESC_PANKRATZI7_2015-11-06_13-32-00_00|d841cf69|#X64:/data/compiled/documents/w_quest.hdr
questdesc:QUEST_DESC_PANKRATZI7_2015-11-06_13-43-25_00|11a4cff2|#X64:/data/compiled/documents/w_quest.hdr
questdesc:QUEST_DESC_PANKRATZI7_2015-11-23_16-02-07_00|a803318f|#X64:/data/compiled/documents/w_quest.hdr
questdesc:QUEST_DESC_PANKRATZI7_2015-11-24_09-58-03_00|e9499c99|#X64:/data/compiled/documents/w_quest.hdr
questdesc:QUEST_DESC_PANKRATZI7_2015-11-24_13-28-00_00|919fc74e|#X64:/data/compiled/documents/w_quest.hdr
questdesc:QUEST_DESC_PANKRATZI7_2015-11-24_13-49-12_00|b730df14|#X64:/data/compiled/documents/w_quest.hdr
questdesc:QUEST_DESC_PANKRATZI7_2015-11-24_13-55-03_00|6f7834d1|#X64:/data/compiled/documents/w_quest.hdr
questdesc:QUEST_DESC_PANKRATZI7_2015-11-24_13-58-07_00|56691c98|#X64:/data/compiled/documents/w_quest.hdr
questdesc:QUEST_DESC_PANKRATZI7_2015-11-24_13-58-30_00|569b8f74|#X64:/data/compiled/documents/w_quest.hdr
questdesc:QUEST_DESC_PANKRATZI7_2015-11-24_13-58-59_00|56c4afdf|#X64:/data/compiled/documents/w_quest.hdr
questdesc:QUEST_DESC_PANKRATZI7_2015-11-24_14-01-03_00|a250aa89|#X64:/data/compiled/documents/w_quest.hdr
questdesc:QUEST_DESC_PANKRATZI7_2015-11-25_10-44-37_00|79b3f454|#X64:/data/compiled/documents/w_quest.hdr
questdesc:QUEST_DESC_PANKRATZI7_2015-12-09_09-35-17_00|4c7b68bd|#X64:/data/compiled/documents/w_quest.hdr
questdesc:QUEST_DESC_PANKRATZI7_2015-12-09_10-24-13_00|743ac0af|#X64:/data/compiled/documents/w_quest.hdr
questdesc:QUEST_DESC_PANKRATZI7_2015-12-10_13-06-07_00|b2a440ed|#X64:/data/compiled/documents/w_quest.hdr
questdesc:QUEST_DESC_PANKRATZI7_2015-12-14_16-15-26_00|9bab5715|#X64:/data/compiled/documents/w_quest.hdr
questdesc:QUEST_DESC_PANKRATZI7_2015-12-16_15-34-01_00|c1c15710|#X64:/data/compiled/documents/w_quest.hdr
questdesc:QUEST_DESC_PANKRATZI7_2015-12-16_15-41-46_00|c75f9597|#X64:/data/compiled/documents/w_quest.hdr
questdesc:QUEST_DESC_PANKRATZI7_2015-12-16_15-42-11_00|1420caf0|#X64:/data/compiled/documents/w_quest.hdr
questdesc:QUEST_DESC_PANKRATZI7_2015-12-16_15-42-35_00|14472d76|#X64:/data/compiled/documents/w_quest.hdr
questdesc:QUEST_DESC_PANKRATZI7_2015-12-16_15-42-38_00|1448d299|#X64:/data/compiled/documents/w_quest.hdr
questdesc:QUEST_DESC_PANKRATZI7_2015-12-16_15-42-41_00|14571473|#X64:/data/compiled/documents/w_quest.hdr
questdesc:QUEST_DESC_PANKRATZI7_2015-12-16_15-43-22_00|612dac93|#X64:/data/compiled/documents/w_quest.hdr
questdesc:QUEST_DESC_PANKRATZI7_2015-12-16_15-44-52_00|ae5e32d7|#X64:/data/compiled/documents/w_quest.hdr
questdesc:QUEST_DESC_PANKRATZI7_2016-01-06_13-34-53_00|9092ecd3|#X64:/data/compiled/documents/w_quest.hdr
questdesc:QUEST_DESC_PANKRATZI7_2016-01-25_12-48-14_00|d38cb7b5|#X64:/data/compiled/documents/w_quest.hdr
questdesc:QUEST_DESC_PANKRATZI7_2016-01-25_12-49-26_00|209a25b9|#X64:/data/compiled/documents/w_quest.hdr
questdesc:QUEST_DESC_PANKRATZI7_2016-01-25_12-49-31_00|20a98055|#X64:/data/compiled/documents/w_quest.hdr
questdesc:QUEST_DESC_PANKRATZI7_2016-01-25_12-53-00_00|3ed712cc|#X64:/data/compiled/documents/w_quest.hdr
questdesc:QUEST_DESC_PANKRATZI7_2016-01-25_12-54-19_00|8be85777|#X64:/data/compiled/documents/w_quest.hdr
questdesc:QUEST_DESC_PANKRATZI7_2016-01-25_12-54-48_00|8c1e1499|#X64:/data/compiled/documents/w_quest.hdr
questdesc:QUEST_DESC_PANKRATZI7_2016-01-25_12-55-20_00|d8efbd50|#X64:/data/compiled/documents/w_quest.hdr
questdesc:QUEST_DESC_PANKRATZI7_2016-01-25_12-55-52_00|d9271f95|#X64:/data/compiled/documents/w_quest.hdr
questdesc:QUEST_DESC_PANKRATZI7_2016-01-25_12-56-19_00|25dcd0f9|#X64:/data/compiled/documents/w_quest.hdr
questdesc:QUEST_DESC_PANKRATZI7_2016-01-25_12-56-56_00|26238dda|#X64:/data/compiled/documents/w_quest.hdr
questdesc:QUEST_DESC_PANKRATZI7_2016-01-25_12-57-42_00|73098096|#X64:/data/compiled/documents/w_quest.hdr
questdesc:QUEST_DESC_PANKRATZI7_2016-01-25_13-01-21_00|0bc8bf69|#X64:/data/compiled/documents/w_quest.hdr
questdesc:QUEST_DESC_PANKRATZI7_2016-01-25_13-02-08_00|58a2a1cf|#X64:/data/compiled/documents/w_quest.hdr
questdesc:QUEST_DESC_PANKRATZI7_2016-01-25_13-02-35_00|58d7462f|#X64:/data/compiled/documents/w_quest.hdr
questdesc:QUEST_DESC_PANKRATZI7_2016-01-29_16-45-03_00|3a31c718|#X64:/data/compiled/documents/w_quest.hdr
questdesc:QUEST_DESC_PANKRATZI7_2016-02-05_15-41-48_00|5ac1ef77|#X64:/data/compiled/documents/w_quest.hdr
questdesc:QUEST_DESC_PANKRATZI7_2016-02-08_13-20-26_00|1b26b971|#X64:/data/compiled/documents/w_quest.hdr
questdesc:QUEST_DESC_PANKRATZI7_2016-02-11_07-46-12_00|5be80c11|#X64:/data/compiled/documents/w_quest.hdr
questdesc:QUEST_DESC_PANKRATZI7_2016-03-03_09-46-35_00|d3d603ba|#X64:/data/compiled/documents/w_quest.hdr
questdesc:QUEST_DESC_PANKRATZI7_2016-03-03_09-47-10_00|20a95194|#X64:/data/compiled/documents/w_quest.hdr
questdesc:QUEST_DESC_PANKRATZI7_2016-03-03_09-47-26_00|20beb45b|#X64:/data/compiled/documents/w_quest.hdr
questdesc:QUEST_DESC_PANKRATZI7_2016-03-03_09-47-50_00|20f1b398|#X64:/data/compiled/documents/w_quest.hdr
questdesc:QUEST_DESC_PANKRATZI7_2016-03-03_09-48-05_00|6d9433b9|#X64:/data/compiled/documents/w_quest.hdr
questdesc:QUEST_DESC_PANKRATZI7_2016-03-03_09-48-21_00|6db63337|#X64:/data/compiled/documents/w_quest.hdr
questdesc:QUEST_DESC_PANKRATZI7_2016-03-03_09-48-36_00|6dcb099d|#X64:/data/compiled/documents/w_quest.hdr
questdesc:QUEST_DESC_PANKRATZI7_2016-03-03_09-48-54_00|6dee21dd|#X64:/data/compiled/documents/w_quest.hdr
questdesc:QUEST_DESC_PANKRATZI7_2016-03-03_09-49-18_00|baa22e1e|#X64:/data/compiled/documents/w_quest.hdr
questdesc:QUEST_DESC_PANKRATZI7_2016-03-03_09-49-37_00|bac5d2bf|#X64:/data/compiled/documents/w_quest.hdr
questdesc:QUEST_DESC_PANKRATZI7_2016-03-03_09-49-53_00|bae7d23d|#X64:/data/compiled/documents/w_quest.hdr
questdesc:QUEST_DESC_PANKRATZI7_2016-03-03_09-50-15_00|f2163b13|#X64:/data/compiled/documents/w_quest.hdr
questdesc:QUEST_DESC_PANKRATZI7_2016-03-03_09-50-31_00|f2383a91|#X64:/data/compiled/documents/w_quest.hdr
questdesc:QUEST_DESC_PANKRATZI7_2016-03-03_09-50-45_00|f24c8496|#X64:/data/compiled/documents/w_quest.hdr
questdesc:QUEST_DESC_PANKRATZI7_2016-03-03_09-50-58_00|f260423a|#X64:/data/compiled/documents/w_quest.hdr
questdesc:QUEST_DESC_PANKRATZI7_2016-03-03_09-51-12_00|3f0ed2b1|#X64:/data/compiled/documents/w_quest.hdr
questdesc:QUEST_DESC_PANKRATZI7_2016-03-03_09-51-27_00|3f23a917|#X64:/data/compiled/documents/w_quest.hdr
questdesc:QUEST_DESC_PANKRATZI7_2016-03-03_09-51-42_00|3f451c34|#X64:/data/compiled/documents/w_quest.hdr
questdesc:QUEST_DESC_PANKRATZI7_2016-03-03_09-51-56_00|3f596639|#X64:/data/compiled/documents/w_quest.hdr
questdesc:QUEST_DESC_PANKRATZI7_2016-03-03_09-52-10_00|8c07f6b0|#X64:/data/compiled/documents/w_quest.hdr
questdesc:QUEST_DESC_PANKRATZI7_2016-03-15_15-05-02_00|24cd422f|#X64:/data/compiled/documents/w_quest.hdr
questdesc:QUEST_DESC_PANKRATZI7_2016-03-15_15-39-38_00|1db5479f|#X64:/data/compiled/documents/w_quest.hdr
questdesc:QUEST_DESC_PANKRATZI7_2016-03-15_15-39-44_00|1dc52e9c|#X64:/data/compiled/documents/w_quest.hdr
questdesc:QUEST_DESC_PANKRATZI7_2016-03-15_15-39-50_00|1dd51599|#X64:/data/compiled/documents/w_quest.hdr
questdesc:QUEST_DESC_PANKRATZI7_2016-03-15_15-39-58_00|1dd978a1|#X64:/data/compiled/documents/w_quest.hdr
questdesc:QUEST_DESC_PANKRATZI7_2016-03-15_15-40-04_00|54f27eb0|#X64:/data/compiled/documents/w_quest.hdr
questdesc:QUEST_DESC_PANKRATZI7_2016-03-17_07-37-26_00|a5241cdd|#X64:/data/compiled/documents/w_quest.hdr
questdesc:QUEST_DESC_PANKRATZI7_2016-04-06_12-54-31_00|89862d53|#X64:/data/compiled/documents/w_quest.hdr
questdesc:QUEST_DESC_PANKRATZI7_2016-04-06_12-54-38_00|898a03fa|#X64:/data/compiled/documents/w_quest.hdr
questdesc:QUEST_DESC_PANKRATZI7_2016-04-06_12-54-41_00|899845d4|#X64:/data/compiled/documents/w_quest.hdr
questdesc:QUEST_DESC_PANKRATZI7_2016-04-06_12-54-44_00|8999eaf7|#X64:/data/compiled/documents/w_quest.hdr
questdesc:QUEST_DESC_PANKRATZI7_2016-05-23_07-38-33_00|085d2c5b|#X64:/data/compiled/documents/w_quest.hdr
questdesc:QUEST_DESC_PANKRATZI7_2016-08-25_11-55-40_00|2a7d6658|#X64:/data/compiled/documents/w_quest.hdr
questdesc:QUEST_DESC_PANKRATZI7_2016-08-25_11-56-33_00|77672fbb|#X64:/data/compiled/documents/w_quest.hdr
questdesc:QUEST_DESC_PANKRATZI7_2016-08-25_11-56-50_00|7789bb9a|#X64:/data/compiled/documents/w_quest.hdr
questdesc:QUEST_DESC_PANKRATZI7_2016-08-25_11-57-03_00|c42b22f9|#X64:/data/compiled/documents/w_quest.hdr
questdesc:QUEST_DESC_PANKRATZI7_2016-08-25_11-57-13_00|c43d3b7a|#X64:/data/compiled/documents/w_quest.hdr
questdesc:QUEST_DESC_PANKRATZI7_2016-08-25_11-57-35_00|c462853e|#X64:/data/compiled/documents/w_quest.hdr
questdesc:QUEST_DESC_PANKRATZI7_2017-01-12_06-41-01_00|caebf02a|#X64:/data/compiled/documents/w_quest.hdr
questdesc:QUEST_DESC_PANKRATZI7_2017-04-26_14-44-38_00|ccb82ade|#X64:/data/compiled/documents/w_quest.hdr
questdesc:QUEST_DESC_PANKRATZI7_2017-04-27_06-22-35_00|2c55d8f9|#X64:/data/compiled/documents/w_quest.hdr
questdesc:QUEST_DESC_PANKRATZI7_2017-05-11_10-20-03_00|f401fee7|#X64:/data/compiled/documents/w_quest.hdr
questdesc:QUEST_DESC_WEIDMANNFX8_2016-05-25_06-37-44_00|5375e71b|#X64:/data/compiled/documents/w_quest.hdr
questdesc:QUEST_DESC_WEIDMANNFX8_2016-06-15_13-37-59_00|9dbcab9f|#X64:/data/compiled/documents/w_quest.hdr
questdesc:QUEST_DESC_WEIDMANNI5_2016-09-27_11-51-02_00|0562d5fb|#X64:/data/compiled/documents/w_quest.hdr
questdesc:QUEST_DESC_WEIDMANNI5_2017-01-06_09-32-27_00|9e49e61e|#X64:/data/compiled/documents/w_quest.hdr
questdesc:QUEST_DESC_WEIDMANNI5_2017-02-15_14-38-41_00|d5866efd|#X64:/data/compiled/documents/w_quest.hdr
questdesc:QUEST_DESC_WEIDMANNX6_2015-02-12_08-49-56_00|2e295133|#X64:/data/compiled/documents/w_quest.hdr
questdesc:QUEST_DESC_WEIDMANNX6_2015-02-12_08-53-19_00|4c46fcad|#X64:/data/compiled/documents/w_quest.hdr
questdesc:QUEST_DESC_WEIDMANNX6_2015-02-12_08-53-45_00|4c7b14ac|#X64:/data/compiled/documents/w_quest.hdr
questdesc:QUEST_DESC_WEIDMANNX6_2015-02-12_08-55-23_00|e64a446a|#X64:/data/compiled/documents/w_quest.hdr
questdesc:QUEST_DESC_WEIDMANNX6_2015-02-12_08-55-53_00|e6808ded|#X64:/data/compiled/documents/w_quest.hdr
questdesc:QUEST_DESC_WEIDMANNX6_2015-02-12_09-00-43_00|cc4cae63|#X64:/data/compiled/documents/w_quest.hdr
questdesc:QUEST_DESC_WEIDMANNX6_2015-02-12_09-01-04_00|18ff1581|#X64:/data/compiled/documents/w_quest.hdr
questdesc:QUEST_DESC_WEIDMANNX6_2015-02-12_09-02-43_00|664127e5|#X64:/data/compiled/documents/w_quest.hdr
questdesc:QUEST_DESC_WEIDMANNX6_2015-02-12_09-03-03_00|b2f302a2|#X64:/data/compiled/documents/w_quest.hdr
questdesc:QUEST_DESC_WEIDMANNX6_2015-02-12_09-05-00_00|4ce5d701|#X64:/data/compiled/documents/w_quest.hdr
questdesc:QUEST_DESC_WEIDMANNX6_2015-02-12_09-05-44_00|4d306a89|#X64:/data/compiled/documents/w_quest.hdr
questdesc:QUEST_DESC_WEIDMANNX6_2015-02-12_09-06-51_00|9a3b1aa8|#X64:/data/compiled/documents/w_quest.hdr
questdesc:QUEST_DESC_WEIDMANNX6_2015-02-12_09-14-03_00|ec2f1444|#X64:/data/compiled/documents/w_quest.hdr
questdesc:QUEST_DESC_WEIDMANNX6_2015-02-12_09-14-21_00|ec522c84|#X64:/data/compiled/documents/w_quest.hdr
questdesc:QUEST_DESC_WEIDMANNX6_2015-02-12_09-14-37_00|ec678f4b|#X64:/data/compiled/documents/w_quest.hdr
questdesc:QUEST_DESC_WEIDMANNX6_2015-02-12_10-04-38_00|6123e1e3|#X64:/data/compiled/documents/w_quest.hdr
questdesc:QUEST_DESC_WEIDMANNX6_2015-02-12_10-05-07_00|ade748c0|#X64:/data/compiled/documents/w_quest.hdr
questdesc:QUEST_DESC_WEIDMANNX6_2015-02-12_10-05-24_00|ae09d49f|#X64:/data/compiled/documents/w_quest.hdr
questdesc:QUEST_DESC_WEIDMANNX6_2015-02-12_10-06-07_00|fae18581|#X64:/data/compiled/documents/w_quest.hdr
questdesc:QUEST_DESC_WEIDMANNX6_2015-02-12_10-12-26_00|b35e0bff|#X64:/data/compiled/documents/w_quest.hdr
questdesc:QUEST_DESC_WEIDMANNX6_2015-02-12_10-31-34_00|3ef878bf|#X64:/data/compiled/documents/w_quest.hdr
questdesc:QUEST_DESC_WEIDMANNX6_2015-02-12_10-35-50_00|73036b41|#X64:/data/compiled/documents/w_quest.hdr
questdesc:QUEST_DESC_WEIDMANNX6_2015-02-12_10-36-03_00|bfa4d2a0|#X64:/data/compiled/documents/w_quest.hdr
questdesc:QUEST_DESC_WEIDMANNX6_2015-02-12_10-37-06_00|0ca0b484|#X64:/data/compiled/documents/w_quest.hdr
questdesc:QUEST_DESC_WEIDMANNX6_2015-02-12_10-46-34_00|ac1d7d65|#X64:/data/compiled/documents/w_quest.hdr
questdesc:QUEST_DESC_WEIDMANNX6_2015-02-12_10-46-52_00|ac4095a5|#X64:/data/compiled/documents/w_quest.hdr
questdesc:QUEST_DESC_WEIDMANNX6_2015-02-12_10-54-02_00|fe33767f|#X64:/data/compiled/documents/w_quest.hdr
questdesc:QUEST_DESC_WEIDMANNX6_2015-02-12_10-58-59_00|327abaaf|#X64:/data/compiled/documents/w_quest.hdr
questdesc:QUEST_DESC_WEIDMANNX6_2015-02-12_11-03-00_00|17f989b8|#X64:/data/compiled/documents/w_quest.hdr
questdesc:QUEST_DESC_WEIDMANNX6_2015-02-12_11-03-17_00|180f78e0|#X64:/data/compiled/documents/w_quest.hdr
questdesc:QUEST_DESC_WEIDMANNX6_2015-02-12_11-03-53_00|1855a960|#X64:/data/compiled/documents/w_quest.hdr
questdesc:QUEST_DESC_WEIDMANNX6_2015-02-12_11-10-55_00|1da9e0c0|#X64:/data/compiled/documents/w_quest.hdr
questdesc:QUEST_DESC_WEIDMANNX6_2015-02-12_11-32-43_00|900ed2c1|#X64:/data/compiled/documents/w_quest.hdr
questdesc:QUEST_DESC_WEIDMANNX6_2015-02-12_11-33-06_00|dcc252a1|#X64:/data/compiled/documents/w_quest.hdr
questdesc:QUEST_DESC_WEIDMANNX6_2015-02-12_12-44-35_00|1a3eb286|#X64:/data/compiled/documents/w_quest.hdr
questdesc:QUEST_DESC_WEIDMANNX6_2015-02-12_12-55-45_00|538cdca9|#X64:/data/compiled/documents/w_quest.hdr
questdesc:QUEST_DESC_WEIDMANNX6_2015-02-12_12-56-06_00|a03f43c7|#X64:/data/compiled/documents/w_quest.hdr
questdesc:QUEST_DESC_WEIDMANNX6_2015-02-12_13-33-50_00|e52ea522|#X64:/data/compiled/documents/w_quest.hdr
questdesc:QUEST_DESC_WEIDMANNX6_2015-02-12_13-41-35_00|375a8d64|#X64:/data/compiled/documents/w_quest.hdr
questdesc:QUEST_DESC_WEIDMANNX6_2015-02-12_13-41-54_00|377e3205|#X64:/data/compiled/documents/w_quest.hdr
questdesc:QUEST_DESC_WEIDMANNX6_2015-02-12_13-42-11_00|842e679f|#X64:/data/compiled/documents/w_quest.hdr
questdesc:QUEST_DESC_WEIDMANNX6_2015-02-12_13-42-32_00|84532502|#X64:/data/compiled/documents/w_quest.hdr
questdesc:QUEST_DESC_WEIDMANNX6_2015-02-12_13-42-47_00|8467fb68|#X64:/data/compiled/documents/w_quest.hdr
questdesc:QUEST_DESC_WEIDMANNX6_2015-02-12_13-46-43_00|b84ebce8|#X64:/data/compiled/documents/w_quest.hdr
questdesc:QUEST_DESC_WEIDMANNX6_2015-02-12_13-49-55_00|9f50a46e|#X64:/data/compiled/documents/w_quest.hdr
questdesc:QUEST_DESC_WEIDMANNX6_2015-02-12_13-51-10_00|2375735e|#X64:/data/compiled/documents/w_quest.hdr
questdesc:QUEST_DESC_WEIDMANNX6_2015-02-12_13-59-32_00|8b6ca32a|#X64:/data/compiled/documents/w_quest.hdr
questdesc:QUEST_DESC_WEIDMANNX6_2015-02-12_14-00-40_00|3d72e8dc|#X64:/data/compiled/documents/w_quest.hdr
questdesc:QUEST_DESC_WEIDMANNX6_2015-02-12_14-01-02_00|8a25dc5b|#X64:/data/compiled/documents/w_quest.hdr
questdesc:QUEST_DESC_WEIDMANNX6_2015-02-12_14-01-32_00|8a5c25de|#X64:/data/compiled/documents/w_quest.hdr
questdesc:QUEST_DESC_WEIDMANNX6_2015-02-12_14-05-14_00|be2200a2|#X64:/data/compiled/documents/w_quest.hdr
questdesc:QUEST_DESC_WEIDMANNX6_2015-02-12_14-05-31_00|be448c81|#X64:/data/compiled/documents/w_quest.hdr
questdesc:QUEST_DESC_WEIDMANNX6_2015-02-12_14-05-44_00|be584a25|#X64:/data/compiled/documents/w_quest.hdr
questdesc:QUEST_DESC_WEIDMANNX6_2015-02-13_12-39-22_00|fe2b5947|#X64:/data/compiled/documents/w_quest.hdr
questdesc:QUEST_DESC_WEIDMANNX6_2015-02-13_12-39-52_00|fe61a2ca|#X64:/data/compiled/documents/w_quest.hdr
questdesc:QUEST_DESC_WEIDMANNX6_2015-02-13_12-40-19_00|3592c985|#X64:/data/compiled/documents/w_quest.hdr
questdesc:QUEST_DESC_WEIDMANNX6_2015-02-13_12-40-43_00|35c5c8c2|#X64:/data/compiled/documents/w_quest.hdr
questdesc:QUEST_DESC_WEIDMANNX6_2015-02-16_13-59-51_00|c90c6dcf|#X64:/data/compiled/documents/w_quest.hdr
questdesc:QUEST_DESC_WEIDMANNX6_2015-02-16_14-03-52_00|61f0f666|#X64:/data/compiled/documents/w_quest.hdr
questdesc:QUEST_DESC_WEIDMANNX6_2015-02-16_14-05-59_00|fbe9468f|#X64:/data/compiled/documents/w_quest.hdr
questdesc:QUEST_DESC_WEIDMANNX6_2015-02-23_13-03-18_00|aac46aa5|#X64:/data/compiled/documents/w_quest.hdr
questdesc:QUEST_DESC_WEIDMANNX6_2015-02-24_13-13-33_00|e686bc24|#X64:/data/compiled/documents/w_quest.hdr
questdesc:QUEST_DESC_WEIDMANNX6_2015-02-24_13-28-17_00|5389c14c|#X64:/data/compiled/documents/w_quest.hdr
questdesc:QUEST_DESC_WEIDMANNX6_2015-02-25_13-36-35_00|f5593e6c|#X64:/data/compiled/documents/w_quest.hdr
questdesc:QUEST_DESC_WEIDMANNX6_2015-03-20_11-28-39_00|1a52e8ab|#X64:/data/compiled/documents/w_quest.hdr
questdesc:QUEST_DESC_WEIDMANNX6_2015-03-20_11-30-19_00|9e9ea682|#X64:/data/compiled/documents/w_quest.hdr
questdesc:QUEST_DESC_WEIDMANNX6_2015-03-25_14-19-46_00|1416a6d1|#X64:/data/compiled/documents/w_quest.hdr
questdesc:QUEST_DESC_WEIDMANNX6_2015-03-26_09-22-54_00|c3c8fc0f|#X64:/data/compiled/documents/w_quest.hdr
questdesc:QUEST_DESC_WEIDMANNX6_2015-04-02_11-29-19_00|9b9bba0b|#X64:/data/compiled/documents/w_quest.hdr
questdesc:QUEST_DESC_WEIDMANNX6_2015-04-08_08-00-19_00|8173692c|#X64:/data/compiled/documents/w_quest.hdr
questdesc:QUEST_DESC_WEIDMANNX6_2015-04-08_10-52-48_00|1deef46e|#X64:/data/compiled/documents/w_quest.hdr
questdesc:QUEST_DESC_WEIDMANNX6_2015-04-08_11-19-55_00|8bda4eb0|#X64:/data/compiled/documents/w_quest.hdr
questdesc:QUEST_DESC_WEIDMANNX6_2015-04-09_07-56-02_00|37d8874f|#X64:/data/compiled/documents/w_quest.hdr
questdesc:QUEST_DESC_WEIDMANNX6_2015-04-09_08-37-29_00|b081b318|#X64:/data/compiled/documents/w_quest.hdr
questdesc:QUEST_DESC_WEIDMANNX6_2015-04-09_11-43-46_00|d20fde2e|#X64:/data/compiled/documents/w_quest.hdr
questdesc:QUEST_DESC_WEIDMANNX6_2015-04-14_10-05-16_00|652133a4|#X64:/data/compiled/documents/w_quest.hdr
questdesc:QUEST_DESC_WEIDMANNX6_2015-04-16_12-05-20_00|0c033723|#X64:/data/compiled/documents/w_quest.hdr
questdesc:QUEST_DESC_WEIDMANNX6_2015-04-16_12-15-14_00|f8352507|#X64:/data/compiled/documents/w_quest.hdr
questdesc:QUEST_DESC_WEIDMANNX6_2015-04-16_12-45-02_00|bce77267|#X64:/data/compiled/documents/w_quest.hdr
questdesc:QUEST_DESC_WEIDMANNX6_2015-04-16_13-06-05_00|5ce691e8|#X64:/data/compiled/documents/w_quest.hdr
questdesc:QUEST_DESC_WEIDMANNX6_2015-04-16_13-34-08_00|87b93c2c|#X64:/data/compiled/documents/w_quest.hdr
questdesc:QUEST_DESC_WEIDMANNX6_2015-04-21_08-29-25_00|59ba4d6f|#X64:/data/compiled/documents/w_quest.hdr
questdesc:QUEST_DESC_WEIDMANNX6_2015-04-21_08-32-57_00|2b5bdb4e|#X64:/data/compiled/documents/w_quest.hdr
questdesc:QUEST_DESC_WEIDMANNX6_2015-04-22_13-56-15_00|f805e66b|#X64:/data/compiled/documents/w_quest.hdr
questdesc:QUEST_DESC_WEIDMANNX6_2015-05-07_11-27-25_00|9ac77cec|#X64:/data/compiled/documents/w_quest.hdr
questdesc:QUEST_DESC_WEIDMANNX6_2015-05-07_12-37-50_00|8b476e8c|#X64:/data/compiled/documents/w_quest.hdr
questdesc:QUEST_DESC_WEIDMANNX6_2015-05-07_12-40-06_00|5c5a69e7|#X64:/data/compiled/documents/w_quest.hdr
questdesc:QUEST_DESC_WEIDMANNX6_2015-05-07_12-54-22_00|7ca7314a|#X64:/data/compiled/documents/w_quest.hdr
questdesc:QUEST_DESC_WEIDMANNX6_2015-05-07_15-07-56_00|d2a4ed92|#X64:/data/compiled/documents/w_quest.hdr
questdesc:QUEST_DESC_WEIDMANNX6_2015-05-08_08-50-02_00|2adbc84a|#X64:/data/compiled/documents/w_quest.hdr
questdesc:QUEST_DESC_WEIDMANNX6_2015-05-18_13-39-26_00|b3b2bd14|#X64:/data/compiled/documents/w_quest.hdr
questdesc:QUEST_DESC_WEIDMANNX6_2015-05-18_13-41-09_00|3800200e|#X64:/data/compiled/documents/w_quest.hdr
questdesc:QUEST_DESC_WEIDMANNX6_2015-05-18_13-42-15_00|850a43cc|#X64:/data/compiled/documents/w_quest.hdr
questdesc:QUEST_DESC_WEIDMANNX6_2015-05-18_13-44-05_00|1eeca4cd|#X64:/data/compiled/documents/w_quest.hdr
questdesc:QUEST_DESC_WEIDMANNX6_2015-05-19_13-13-08_00|5c8d980d|#X64:/data/compiled/documents/w_quest.hdr
questdesc:QUEST_DESC_WEIDMANNX6_2015-05-22_11-16-32_00|4b412265|#X64:/data/compiled/documents/w_quest.hdr
questdesc:QUEST_DESC_WEIDMANNX6_2015-06-02_13-06-37_00|fccbe04a|#X64:/data/compiled/documents/w_quest.hdr
questdesc:QUEST_DESC_WEIDMANNX6_2015-06-02_13-07-02_00|498d15a3|#X64:/data/compiled/documents/w_quest.hdr
questdesc:QUEST_DESC_WEIDMANNX6_2015-06-04_08-36-25_00|ef146110|#X64:/data/compiled/documents/w_quest.hdr
questdesc:QUEST_DESC_WEIDMANNX6_2015-06-04_12-06-48_00|9792070d|#X64:/data/compiled/documents/w_quest.hdr
questdesc:QUEST_DESC_WEIDMANNX6_2015-06-04_12-13-58_00|9cf73e2c|#X64:/data/compiled/documents/w_quest.hdr
questdesc:QUEST_DESC_WEIDMANNX6_2015-06-04_12-14-15_00|e9a773c6|#X64:/data/compiled/documents/w_quest.hdr
questdesc:QUEST_DESC_WEIDMANNX6_2015-06-05_13-51-39_00|07500e2f|#X64:/data/compiled/documents/w_quest.hdr
questdesc:QUEST_DESC_WEIDMANNX6_2015-06-05_13-52-02_00|54102ac6|#X64:/data/compiled/documents/w_quest.hdr
questdesc:QUEST_DESC_WEIDMANNX6_2015-06-12_07-55-34_00|1326efaf|#X64:/data/compiled/documents/w_quest.hdr
questdesc:QUEST_DESC_WEIDMANNX6_2015-06-24_12-22-35_00|b2997369|#X64:/data/compiled/documents/w_quest.hdr
questdesc:QUEST_DESC_WEIDMANNX6_2015-06-24_12-25-45_00|999a422d|#X64:/data/compiled/documents/w_quest.hdr
questdesc:QUEST_DESC_WEIDMANNX6_2015-06-24_12-36-34_00|d2c3aeed|#X64:/data/compiled/documents/w_quest.hdr
questdesc:QUEST_DESC_WEIDMANNX6_2015-06-24_12-38-24_00|6ca60fee|#X64:/data/compiled/documents/w_quest.hdr
questdesc:QUEST_DESC_WEIDMANNX6_2015-06-25_12-51-17_00|79a0a68c|#X64:/data/compiled/documents/w_quest.hdr
questdesc:QUEST_DESC_WEIDMANNX6_2015-06-29_13-51-21_00|bb362bec|#X64:/data/compiled/documents/w_quest.hdr
questdesc:QUEST_DESC_WEIDMANNX6_2015-07-07_10-16-18_00|75dab28d|#X64:/data/compiled/documents/w_quest.hdr
questdesc:QUEST_DESC_WEIDMANNX6_2015-07-07_10-17-11_00|c2d118a7|#X64:/data/compiled/documents/w_quest.hdr
questdesc:QUEST_DESC_WEIDMANNX6_2015-07-07_10-18-02_00|0fb9c948|#X64:/data/compiled/documents/w_quest.hdr
questdesc:QUEST_DESC_WEIDMANNX6_2015-07-07_10-18-33_00|0ff09f2c|#X64:/data/compiled/documents/w_quest.hdr
questdesc:QUEST_DESC_WEIDMANNX6_2015-07-22_11-35-42_00|ef46f3a9|#X64:/data/compiled/documents/w_quest.hdr
questdesc:QUEST_DESC_WEIDMANNX6_2015-07-22_11-36-39_00|3c32ee90|#X64:/data/compiled/documents/w_quest.hdr
questdesc:QUEST_DESC_WEIDMANNX6_2015-07-22_11-39-03_00|22e8110a|#X64:/data/compiled/documents/w_quest.hdr
questdesc:QUEST_DESC_WEIDMANNX6_2015-07-27_07-39-20_00|42c87df3|#X64:/data/compiled/documents/w_quest.hdr
questdesc:QUEST_DESC_WEIDMANNX6_2015-07-27_08-12-14_00|5367d50e|#X64:/data/compiled/documents/w_quest.hdr
questdesc:QUEST_DESC_WEIDMANNX6_2015-07-27_08-15-40_00|3a8aa350|#X64:/data/compiled/documents/w_quest.hdr
questdesc:QUEST_DESC_WEIDMANNX6_2015-08-26_13-37-14_00|daccaa91|#X64:/data/compiled/documents/w_quest.hdr
questdesc:QUEST_DESC_WEIDMANNX6_2015-08-26_13-38-07_00|27b673f4|#X64:/data/compiled/documents/w_quest.hdr
questdesc:QUEST_DESC_WEIDMANNX6_2015-08-26_13-43-55_00|936e7ad3|#X64:/data/compiled/documents/w_quest.hdr
questdesc:QUEST_DESC_WEIDMANNX6_2015-08-31_12-40-27_00|56a50cca|#X64:/data/compiled/documents/w_quest.hdr
questdesc:QUEST_DESC_WEIDMANNX6_2015-09-01_13-21-57_00|29d0f36b|#X64:/data/compiled/documents/w_quest.hdr
questdesc:QUEST_DESC_WEIDMANNX6_2015-09-01_13-29-04_00|9146b9cb|#X64:/data/compiled/documents/w_quest.hdr
questdesc:QUEST_DESC_WEIDMANNX6_2015-09-01_13-29-42_00|918e030d|#X64:/data/compiled/documents/w_quest.hdr
questdesc:QUEST_DESC_WEIDMANNX6_2015-09-07_14-18-25_00|38742fb3|#X64:/data/compiled/documents/w_quest.hdr
questdesc:QUEST_DESC_WEIDMANNX6_2015-09-08_10-49-57_00|89a01259|#X64:/data/compiled/documents/w_quest.hdr
questdesc:QUEST_DESC_WEIDMANNX6_2015-09-10_09-42-03_00|cdb60f8a|#X64:/data/compiled/documents/w_quest.hdr
questdesc:QUEST_DESC_WEIDMANNX6_2015-09-11_11-43-13_00|cf299a86|#X64:/data/compiled/documents/w_quest.hdr
questdesc:QUEST_DESC_WEIDMANNX6_2015-09-11_12-02-12_00|d5320f01|#X64:/data/compiled/documents/w_quest.hdr
questdesc:QUEST_DESC_WEIDMANNX6_2015-09-11_12-11-03_00|74681b01|#X64:/data/compiled/documents/w_quest.hdr
questdesc:QUEST_DESC_WEIDMANNX6_2015-09-15_09-54-19_00|e0dcf039|#X64:/data/compiled/documents/w_quest.hdr
questdesc:QUEST_DESC_WEIDMANNX6_2015-09-15_11-37-51_00|549427ef|#X64:/data/compiled/documents/w_quest.hdr
questdesc:QUEST_DESC_WEIDMANNX6_2015-09-17_14-30-08_00|e443a12f|#X64:/data/compiled/documents/w_quest.hdr
questdesc:QUEST_DESC_WEIDMANNX6_2015-09-17_14-31-18_00|314ff671|#X64:/data/compiled/documents/w_quest.hdr
questdesc:QUEST_DESC_WEIDMANNX6_2015-09-17_14-33-06_00|cb313eb0|#X64:/data/compiled/documents/w_quest.hdr
questdesc:QUEST_DESC_WEIDMANNX6_2015-09-17_14-33-32_00|cb6556af|#X64:/data/compiled/documents/w_quest.hdr
questdesc:QUEST_DESC_WEIDMANNX6_2015-09-22_08-58-48_00|5e142c5c|#X64:/data/compiled/documents/w_quest.hdr
questdesc:QUEST_DESC_WEIDMANNX6_2015-09-22_09-01-29_00|a9da4730|#X64:/data/compiled/documents/w_quest.hdr
questdesc:QUEST_DESC_WEIDMANNX6_2015-10-01_09-35-02_00|017cc183|#X64:/data/compiled/documents/w_quest.hdr
questdesc:QUEST_DESC_WEIDMANNX6_2015-10-07_11-50-39_00|9a99c0e9|#X64:/data/compiled/documents/w_quest.hdr
questdesc:QUEST_DESC_WEIDMANNX6_2015-10-09_08-50-01_00|d00a6a06|#X64:/data/compiled/documents/w_quest.hdr
questdesc:QUEST_DESC_WEIDMANNX6_2015-10-12_07-25-44_00|980e8848|#X64:/data/compiled/documents/w_quest.hdr
questdesc:QUEST_DESC_WEIDMANNX6_2015-10-12_07-28-48_00|7eff700f|#X64:/data/compiled/documents/w_quest.hdr
questdesc:QUEST_DESC_WEIDMANNX6_2015-10-12_07-29-30_00|cbe33147|#X64:/data/compiled/documents/w_quest.hdr
questdesc:QUEST_DESC_WEIDMANNX6_2015-10-12_07-30-04_00|0324cb60|#X64:/data/compiled/documents/w_quest.hdr
questdesc:QUEST_DESC_WEIDMANNX6_2015-10-12_14-27-08_00|aaf9d328|#X64:/data/compiled/documents/w_quest.hdr
questdesc:QUEST_DESC_WEIDMANNX6_2015-10-21_14-10-52_00|9018b55f|#X64:/data/compiled/documents/w_quest.hdr
questdesc:QUEST_DESC_WEIDMANNX6_2015-10-23_11-55-30_00|547c4e83|#X64:/data/compiled/documents/w_quest.hdr
questdesc:QUEST_DESC_WEIDMANNX6_2015-10-23_12-01-06_00|8721c4fe|#X64:/data/compiled/documents/w_quest.hdr
questdesc:QUEST_DESC_WEIDMANNX6_2015-10-23_12-03-56_00|2170b905|#X64:/data/compiled/documents/w_quest.hdr
questdesc:QUEST_DESC_WEIDMANNX6_2015-10-26_08-55-56_00|d9ae28f4|#X64:/data/compiled/documents/w_quest.hdr
questdesc:QUEST_DESC_WEIDMANNX6_2015-10-27_10-07-37_00|8a9d0b2a|#X64:/data/compiled/documents/w_quest.hdr
questdesc:QUEST_DESC_WEIDMANNX6_2015-10-27_10-09-13_00|246b2226|#X64:/data/compiled/documents/w_quest.hdr
questdesc:QUEST_DESC_WEIDMANNX6_2015-10-27_10-10-32_00|5c0478df|#X64:/data/compiled/documents/w_quest.hdr
questdesc:QUEST_DESC_WEIDMANNX6_2015-10-29_11-03-22_00|f967e5e3|#X64:/data/compiled/documents/w_quest.hdr
questdesc:QUEST_DESC_WEIDMANNX6_2015-11-02_14-51-13_00|72e62c21|#X64:/data/compiled/documents/w_quest.hdr
questdesc:QUEST_DESC_WEIDMANNX6_2015-11-02_14-52-54_00|c0295747|#X64:/data/compiled/documents/w_quest.hdr
questdesc:QUEST_DESC_WEIDMANNX6_2015-11-12_09-05-47_00|d3d6cbcc|#X64:/data/compiled/documents/w_quest.hdr
questdesc:QUEST_DESC_WEIDMANNX6_2015-12-10_08-28-53_00|fcc5948c|#X64:/data/compiled/documents/w_quest.hdr
questdesc:QUEST_DESC_WEIDMANNX6_2016-01-06_10-05-19_00|54dba6c6|#X64:/data/compiled/documents/w_quest.hdr
questdesc:QUEST_DESC_WEIDMANNX6_2016-01-06_11-45-26_00|09fdfec9|#X64:/data/compiled/documents/w_quest.hdr
questdesc:QUEST_DESC_WEIDMANNX6_2016-01-06_11-49-11_00|3dd21b67|#X64:/data/compiled/documents/w_quest.hdr
questdesc:QUEST_DESC_WEIDMANNX6_2016-01-07_12-58-32_00|30a80b8c|#X64:/data/compiled/documents/w_quest.hdr
questdesc:QUEST_DESC_WEIDMANNX6_2016-01-07_13-00-49_00|2fad7d68|#X64:/data/compiled/documents/w_quest.hdr
questdesc:QUEST_DESC_WEIDMANNX6_2016-01-07_13-00-49_01|2fad7d69|#X64:/data/compiled/documents/w_quest.hdr
questdesc:QUEST_DESC_WEIDMANNX6_2016-01-07_13-00-49_02|2fad7d6a|#X64:/data/compiled/documents/w_quest.hdr
questdesc:QUEST_DESC_WEIDMANNX6_2016-01-07_13-00-49_03|2fad7d6b|#X64:/data/compiled/documents/w_quest.hdr
questdesc:QUEST_DESC_WEIDMANNX6_2016-01-08_11-33-37_00|2298684a|#X64:/data/compiled/documents/w_quest.hdr
questdesc:QUEST_DESC_WEIDMANNX6_2016-01-11_11-07-54_00|a1855fa4|#X64:/data/compiled/documents/w_quest.hdr
questdesc:QUEST_DESC_WEIDMANNX6_2016-01-11_11-08-23_00|ee48c681|#X64:/data/compiled/documents/w_quest.hdr
questdesc:QUEST_DESC_WEIDMANNX6_2016-01-11_11-11-36_00|bfc6afbf|#X64:/data/compiled/documents/w_quest.hdr
questdesc:QUEST_DESC_WEIDMANNX6_2016-01-13_09-46-28_00|3f144531|#X64:/data/compiled/documents/w_quest.hdr
questdesc:QUEST_DESC_WEIDMANNX6_2016-01-13_13-05-29_00|ae308fc8|#X64:/data/compiled/documents/w_quest.hdr
questdesc:QUEST_DESC_WEIDMANNX6_2016-01-18_08-36-52_00|dbd60df1|#X64:/data/compiled/documents/w_quest.hdr
questdesc:QUEST_DESC_WEIDMANNX6_2016-01-18_08-45-00_00|7ac212ca|#X64:/data/compiled/documents/w_quest.hdr
questdesc:QUEST_DESC_WEIDMANNX6_2016-01-18_08-45-05_00|7ac4d0af|#X64:/data/compiled/documents/w_quest.hdr
questdesc:QUEST_DESC_WEIDMANNX6_2016-01-18_08-45-12_00|7ad5440d|#X64:/data/compiled/documents/w_quest.hdr
questdesc:QUEST_DESC_WEIDMANNX6_2016-01-25_14-50-27_00|a89e4d6a|#X64:/data/compiled/documents/w_quest.hdr
questdesc:QUEST_DESC_WEIDMANNX6_2016-01-25_14-51-33_00|f5a87128|#X64:/data/compiled/documents/w_quest.hdr
questdesc:QUEST_DESC_WEIDMANNX6_2016-01-25_14-55-06_00|295cbfcc|#X64:/data/compiled/documents/w_quest.hdr
questdesc:QUEST_DESC_WEIDMANNX6_2016-01-27_14-24-05_00|b65a8b09|#X64:/data/compiled/documents/w_quest.hdr
questdesc:QUEST_DESC_WEIDMANNX6_2016-01-27_14-26-35_00|50854e0e|#X64:/data/compiled/documents/w_quest.hdr
questdesc:QUEST_DESC_WEIDMANNX6_2016-01-29_09-18-24_00|2bbb8133|#X64:/data/compiled/documents/w_quest.hdr
questdesc:QUEST_DESC_WEIDMANNX6_2016-01-29_09-42-15_00|22920730|#X64:/data/compiled/documents/w_quest.hdr
questdesc:QUEST_DESC_WEIDMANNX6_2016-01-29_09-42-15_01|22920731|#X64:/data/compiled/documents/w_quest.hdr
questdesc:QUEST_DESC_WEIDMANNX6_2016-01-29_09-42-15_02|22920732|#X64:/data/compiled/documents/w_quest.hdr
questdesc:QUEST_DESC_WEIDMANNX6_2016-01-29_09-42-15_03|22920733|#X64:/data/compiled/documents/w_quest.hdr
questdesc:QUEST_DESC_WEIDMANNX6_2016-01-29_11-47-55_00|08c5c532|#X64:/data/compiled/documents/w_quest.hdr
questdesc:QUEST_DESC_WEIDMANNX6_2016-01-30_10-52-50_00|e0ffff60|#X64:/data/compiled/documents/w_quest.hdr
questdesc:QUEST_DESC_WEIDMANNX6_2016-02-01_10-32-37_00|b22f7dc2|#X64:/data/compiled/documents/w_quest.hdr
questdesc:QUEST_DESC_WEIDMANNX6_2016-02-01_14-47-44_00|2f8f3a4a|#X64:/data/compiled/documents/w_quest.hdr
questdesc:QUEST_DESC_WEIDMANNX6_2016-02-01_14-50-45_00|00f9f245|#X64:/data/compiled/documents/w_quest.hdr
questdesc:QUEST_DESC_WEIDMANNX6_2016-02-01_15-00-33_00|67a829be|#X64:/data/compiled/documents/w_quest.hdr
questdesc:QUEST_DESC_WEIDMANNX6_2016-02-25_09-51-41_00|90c6b72c|#X64:/data/compiled/documents/w_quest.hdr
questdesc:QUEST_DESC_WEIDMANNX6_2016-02-25_09-55-34_00|c49f36d2|#X64:/data/compiled/documents/w_quest.hdr
questdesc:QUEST_DESC_WEIDMANNX6_2016-02-25_09-55-34_01|c49f36d3|#X64:/data/compiled/documents/w_quest.hdr
questdesc:QUEST_DESC_WEIDMANNX6_2016-02-25_09-55-34_02|c49f36d4|#X64:/data/compiled/documents/w_quest.hdr
questdesc:QUEST_DESC_WEIDMANNX6_2016-02-25_09-55-34_03|c49f36d5|#X64:/data/compiled/documents/w_quest.hdr
questdesc:QUEST_DESC_WEIDMANNX6_2016-02-26_09-13-57_00|c9284972|#X64:/data/compiled/documents/w_quest.hdr
questdesc:QUEST_DESC_WEIDMANNX6_2016-03-04_08-50-41_00|86179268|#X64:/data/compiled/documents/w_quest.hdr
questdesc:QUEST_DESC_WEIDMANNX6_2016-03-04_08-52-04_00|1fc54f09|#X64:/data/compiled/documents/w_quest.hdr
questdesc:QUEST_DESC_WEIDMANNX6_2016-03-04_10-14-52_00|6e140303|#X64:/data/compiled/documents/w_quest.hdr
questdesc:QUEST_DESC_WEIDMANNX6_2016-03-08_10-37-45_00|6af215ae|#X64:/data/compiled/documents/w_quest.hdr
questdesc:QUEST_DESC_WEIDMANNX6_2016-03-08_10-37-46_00|6af2a20f|#X64:/data/compiled/documents/w_quest.hdr
questdesc:QUEST_DESC_WEIDMANNX6_2016-03-09_09-34-04_00|721bdf6f|#X64:/data/compiled/documents/w_quest.hdr
questdesc:QUEST_DESC_WEIDMANNX6_2016-03-09_09-34-05_00|721c6bd0|#X64:/data/compiled/documents/w_quest.hdr
questdesc:QUEST_DESC_WEIDMANNX6_2016-03-09_09-34-05_01|721c6bd1|#X64:/data/compiled/documents/w_quest.hdr
questdesc:QUEST_DESC_WEIDMANNX6_2016-03-09_09-34-05_02|721c6bd2|#X64:/data/compiled/documents/w_quest.hdr
questdesc:QUEST_DESC_WEIDMANNX6_2016-03-09_09-34-05_03|721c6bd3|#X64:/data/compiled/documents/w_quest.hdr
questdesc:QUEST_DESC_WEIDMANNX6_2016-03-09_09-34-05_04|721c6bd4|#X64:/data/compiled/documents/w_quest.hdr
questdesc:QUEST_DESC_WEIDMANNX6_2016-03-09_09-34-05_05|721c6bd5|#X64:/data/compiled/documents/w_quest.hdr
