quest:QUEST_GARTMANNI3_2015-02-03_12-04-28_00|a31f3999|#X64:/data/compiled/documents/w_quest.hdr
quest:QUEST_GARTMANNI3_2015-02-03_12-45-18_00|a10eb15d|#X64:/data/compiled/documents/w_quest.hdr
quest:QUEST_GARTMANNI3_2015-02-03_12-55-25_00|8d60f99c|#X64:/data/compiled/documents/w_quest.hdr
quest:QUEST_GARTMANNI3_2015-02-03_12-57-53_00|278aa3df|#X64:/data/compiled/documents/w_quest.hdr
quest:QUEST_GARTMANNI3_2015-02-03_13-00-12_00|732b74ef|#X64:/data/compiled/documents/w_quest.hdr
quest:QUEST_GARTMANNI3_2015-02-03_13-04-07_00|a7050d57|#X64:/data/compiled/documents/w_quest.hdr
quest:QUEST_GARTMANNI3_2015-02-06_11-34-28_00|51f7439e|#X64:/data/compiled/documents/w_quest.hdr
quest:QUEST_GARTMANNI3_2015-02-11_10-59-10_00|55a21a97|#X64:/data/compiled/documents/w_quest.hdr
quest:QUEST_GARTMANNI3_2015-02-19_12-00-01_00|8688b193|#X64:/data/compiled/documents/w_quest.hdr
quest:QUEST_GARTMANNI3_2015-02-19_12-27-42_00|7a2cf301|#X64:/data/compiled/documents/w_quest.hdr
quest:QUEST_GARTMANNI3_2015-02-27_09-53-11_00|3e421201|#X64:/data/compiled/documents/w_quest.hdr
quest:QUEST_GARTMANNI3_2015-02-27_09-56-39_00|25595c4e|#X64:/data/compiled/documents/w_quest.hdr
quest:QUEST_GARTMANNI3_2015-02-27_10-24-46_00|27ad729f|#X64:/data/compiled/documents/w_quest.hdr
quest:QUEST_GARTMANNI3_2015-02-27_10-27-46_00|0e9c28e2|#X64:/data/compiled/documents/w_quest.hdr
quest:QUEST_GARTMANNI3_2015-02-27_10-36-42_00|ade18f7e|#X64:/data/compiled/documents/w_quest.hdr
quest:QUEST_GARTMANNI3_2015-02-27_10-57-54_00|d372a744|#X64:/data/compiled/documents/w_quest.hdr
quest:QUEST_GARTMANNI3_2015-02-27_11-01-40_00|6c425975|#X64:/data/compiled/documents/w_quest.hdr
quest:QUEST_GARTMANNI3_2015-02-27_11-05-14_00|9ff7347a|#X64:/data/compiled/documents/w_quest.hdr
quest:QUEST_GARTMANNI3_2015-12-15_10-53-09_00|580d8cfe|#X64:/data/compiled/documents/w_quest.hdr
quest:QUEST_GARTMANNI3_2016-02-01_13-28-45_00|c5d5469e|#X64:/data/compiled/documents/w_quest.hdr
quest:QUEST_GARTMANNI3_2016-02-01_13-56-36_00|f094bf9f|#X64:/data/compiled/documents/w_quest.hdr
quest:QUEST_GARTMANNI3_2016-02-01_13-57-50_00|3dafe31c|#X64:/data/compiled/documents/w_quest.hdr
quest:QUEST_GARTMANNI3_2016-02-01_13-59-39_00|d7851b05|#X64:/data/compiled/documents/w_quest.hdr
quest:QUEST_GARTMANNI3_2016-03-01_12-22-30_00|000d9872|#X64:/data/compiled/documents/w_quest.hdr
quest:QUEST_GARTMANNI3_2016-03-01_12-25-13_00|e6d9c2d6|#X64:/data/compiled/documents/w_quest.hdr
quest:QUEST_GARTMANNI3_2016-03-01_12-29-16_00|1ac45afd|#X64:/data/compiled/documents/w_quest.hdr
quest:QUEST_GARTMANNI3_2017-03-03_10-49-42_00|3aff73bf|#X64:/data/compiled/documents/w_quest.hdr
quest:QUEST_GARTMANNI3_2017-03-10_09-26-10_00|677b337b|#X64:/data/compiled/documents/w_quest.hdr
quest:QUEST_GARTMANNI3_2017-03-10_09-33-29_00|6ce55a03|#X64:/data/compiled/documents/w_quest.hdr
quest:QUEST_GARTMANNI3_2017-03-10_09-33-29_01|6ce55a04|#X64:/data/compiled/documents/w_quest.hdr
quest:QUEST_GARTMANNI3_2017-03-10_09-33-29_02|6ce55a05|#X64:/data/compiled/documents/w_quest.hdr
quest:QUEST_GARTMANNI3_2017-03-10_09-33-29_03|6ce55a06|#X64:/data/compiled/documents/w_quest.hdr
quest:QUEST_GARTMANNI3_2017-03-10_09-33-29_04|6ce55a07|#X64:/data/compiled/documents/w_quest.hdr
quest:QUEST_GARTMANNI3_2017-03-10_09-33-29_05|6ce55a08|#X64:/data/compiled/documents/w_quest.hdr
quest:QUEST_GARTMANNI3_2017-03-10_09-33-29_06|6ce55a09|#X64:/data/compiled/documents/w_quest.hdr
quest:QUEST_GARTMANNI3_2017-03-10_09-33-29_07|6ce55a0a|#X64:/data/compiled/documents/w_quest.hdr
quest:QUEST_GARTMANNI3_2017-03-10_09-33-29_08|6ce55a0b|#X64:/data/compiled/documents/w_quest.hdr
quest:QUEST_GARTMANNI3_2017-03-10_09-33-29_09|6ce55a0c|#X64:/data/compiled/documents/w_quest.hdr
quest:QUEST_GARTMANNI3_2017-03-10_09-33-29_10|6ce55a24|#X64:/data/compiled/documents/w_quest.hdr
quest:QUEST_GARTMANNI3_2017-03-10_09-33-29_11|6ce55a25|#X64:/data/compiled/documents/w_quest.hdr
quest:QUEST_GARTMANNI3_2017-03-10_09-33-29_12|6ce55a26|#X64:/data/compiled/documents/w_quest.hdr
quest:QUEST_GARTMANNI3_2017-03-10_09-33-29_13|6ce55a27|#X64:/data/compiled/documents/w_quest.hdr
quest:QUEST_GARTMANNI3_2017-03-10_09-33-29_14|6ce55a28|#X64:/data/compiled/documents/w_quest.hdr
quest:QUEST_GARTMANNI3_2017-03-10_09-33-29_15|6ce55a29|#X64:/data/compiled/documents/w_quest.hdr
quest:QUEST_GARTMANNI3_2017-03-10_09-33-29_16|6ce55a2a|#X64:/data/compiled/documents/w_quest.hdr
quest:QUEST_GARTMANNI3_2017-03-10_09-33-29_17|6ce55a2b|#X64:/data/compiled/documents/w_quest.hdr
quest:QUEST_GARTMANNI3_2017-03-10_09-33-29_18|6ce55a2c|#X64:/data/compiled/documents/w_quest.hdr
quest:QUEST_GARTMANNI3_2017-03-10_10-39-26_00|9bbebc7e|#X64:/data/compiled/documents/w_quest.hdr
quest:QUEST_GARTMANNI3_2017-03-10_13-12-07_00|b45f7837|#X64:/data/compiled/documents/w_quest.hdr
quest:QUEST_IKENI7_2015-01-15_12-17-00_00|60ec50e8|#X64:/data/compiled/documents/w_quest.hdr
quest:QUEST_IKENI7_2015-01-15_12-18-32_00|ae1defee|#X64:/data/compiled/documents/w_quest.hdr
quest:QUEST_IKENI7_2015-01-15_14-10-10_00|4e3be264|#X64:/data/compiled/documents/w_quest.hdr
quest:QUEST_IKENI7_2015-01-16_11-20-41_00|7df3e347|#X64:/data/compiled/documents/w_quest.hdr
quest:QUEST_IKENI7_2015-01-16_12-28-08_00|e98bcf13|#X64:/data/compiled/documents/w_quest.hdr
quest:QUEST_IKENI7_2015-01-16_14-26-44_00|57f2a853|#X64:/data/compiled/documents/w_quest.hdr
quest:QUEST_IKENI7_2015-01-19_10-09-48_00|4452be57|#X64:/data/compiled/documents/w_quest.hdr
quest:QUEST_IKENI7_2015-01-19_10-32-26_00|ee1b49ef|#X64:/data/compiled/documents/w_quest.hdr
quest:QUEST_IKENI7_2015-01-20_09-49-21_00|051d5332|#X64:/data/compiled/documents/w_quest.hdr
quest:QUEST_IKENI7_2015-01-20_13-02-10_00|a6490000|#X64:/data/compiled/documents/w_quest.hdr
quest:QUEST_IKENI7_2015-01-20_13-04-27_00|405368aa|#X64:/data/compiled/documents/w_quest.hdr
quest:QUEST_IKENI7_2015-01-20_14-01-07_00|5d4b1286|#X64:/data/compiled/documents/w_quest.hdr
quest:QUEST_IKENI7_2015-01-20_14-20-07_00|e8d47f87|#X64:/data/compiled/documents/w_quest.hdr
quest:QUEST_IKENI7_2015-01-22_14-58-08_00|b42a8395|#X64:/data/compiled/documents/w_quest.hdr
quest:QUEST_IKENI7_2015-01-22_15-02-07_00|4d0df36a|#X64:/data/compiled/documents/w_quest.hdr
quest:QUEST_IKENI7_2015-01-23_09-00-43_00|8d8c432c|#X64:/data/compiled/documents/w_quest.hdr
quest:QUEST_IKENI7_2015-01-23_09-04-11_00|c13dd3eb|#X64:/data/compiled/documents/w_quest.hdr
quest:QUEST_IKENI7_2015-01-23_09-07-02_00|a81afe0e|#X64:/data/compiled/documents/w_quest.hdr
quest:QUEST_IKENI7_2015-01-23_09-08-29_00|f53d4278|#X64:/data/compiled/documents/w_quest.hdr
quest:QUEST_IKENI7_2015-01-26_10-18-25_00|30979d70|#X64:/data/compiled/documents/w_quest.hdr
quest:QUEST_IKENI7_2015-01-26_11-30-25_00|a553f24b|#X64:/data/compiled/documents/w_quest.hdr
quest:QUEST_IKENI7_2015-01-27_12-13-58_00|07608814|#X64:/data/compiled/documents/w_quest.hdr
quest:QUEST_IKENI7_2015-01-27_14-53-20_00|c042514f|#X64:/data/compiled/documents/w_quest.hdr
quest:QUEST_IKENI7_2015-01-28_12-20-39_00|5bef0b92|#X64:/data/compiled/documents/w_quest.hdr
quest:QUEST_IKENI7_2015-01-29_14-28-50_00|1b545ef6|#X64:/data/compiled/documents/w_quest.hdr
quest:QUEST_IKENI7_2015-01-29_14-31-50_00|ecbe8a90|#X64:/data/compiled/documents/w_quest.hdr
quest:QUEST_IKENI7_2015-01-30_07-21-19_00|f7e5254e|#X64:/data/compiled/documents/w_quest.hdr
quest:QUEST_IKENI7_2015-01-30_10-35-09_00|8110920c|#X64:/data/compiled/documents/w_quest.hdr
quest:QUEST_IKENI7_2015-01-30_11-23-25_00|ff06d448|#X64:/data/compiled/documents/w_quest.hdr
quest:QUEST_IKENI7_2015-02-03_08-02-30_00|b9172088|#X64:/data/compiled/documents/w_quest.hdr
quest:QUEST_IKENI7_2015-02-04_09-29-18_00|ffbc4039|#X64:/data/compiled/documents/w_quest.hdr
quest:QUEST_IKENI7_2015-02-04_09-30-25_00|374265af|#X64:/data/compiled/documents/w_quest.hdr
quest:QUEST_IKENI7_2015-02-04_12-11-08_00|14a92a29|#X64:/data/compiled/documents/w_quest.hdr
quest:QUEST_IKENI7_2015-02-04_13-46-01_00|5e58930b|#X64:/data/compiled/documents/w_quest.hdr
quest:QUEST_IKENI7_2015-02-04_14-28-27_00|23fb6f34|#X64:/data/compiled/documents/w_quest.hdr
quest:QUEST_IKENI7_2015-02-04_14-51-25_00|cde82bce|#X64:/data/compiled/documents/w_quest.hdr
quest:QUEST_IKENI7_2015-02-05_09-05-14_00|42ac7b70|#X64:/data/compiled/documents/w_quest.hdr
quest:QUEST_IKENI7_2015-02-05_10-52-07_00|59f4154c|#X64:/data/compiled/documents/w_quest.hdr
quest:QUEST_IKENI7_2015-02-05_11-07-26_00|41bc526e|#X64:/data/compiled/documents/w_quest.hdr
quest:QUEST_IKENI7_2015-02-05_12-07-16_00|45b4cb0e|#X64:/data/compiled/documents/w_quest.hdr
quest:QUEST_IKENI7_2015-02-06_11-51-12_00|6072cdc9|#X64:/data/compiled/documents/w_quest.hdr
quest:QUEST_IKENI7_2015-02-06_12-07-42_00|9547ec8e|#X64:/data/compiled/documents/w_quest.hdr
quest:QUEST_IKENI7_2015-02-18_12-34-03_00|4cd52bee|#X64:/data/compiled/documents/w_quest.hdr
quest:QUEST_IKENI7_2015-02-18_12-37-37_00|33fc5d38|#X64:/data/compiled/documents/w_quest.hdr
quest:QUEST_IKENI7_2015-02-19_11-57-54_00|57f70b39|#X64:/data/compiled/documents/w_quest.hdr
quest:QUEST_IKENI7_2015-02-19_13-21-54_00|cd694252|#X64:/data/compiled/documents/w_quest.hdr
quest:QUEST_IKENI7_2015-02-20_08-41-48_00|a59e0993|#X64:/data/compiled/documents/w_quest.hdr
quest:QUEST_IKENI7_2015-02-20_09-56-50_00|16db54d3|#X64:/data/compiled/documents/w_quest.hdr
quest:QUEST_IKENI7_2015-02-20_11-28-56_00|5115c631|#X64:/data/compiled/documents/w_quest.hdr
quest:QUEST_IKENI7_2015-02-25_09-59-02_00|8a4bd8d8|#X64:/data/compiled/documents/w_quest.hdr
quest:QUEST_IKENI7_2015-02-25_11-10-50_00|89d9f087|#X64:/data/compiled/documents/w_quest.hdr
quest:QUEST_IKENI7_2015-02-25_12-53-47_00|25cc4995|#X64:/data/compiled/documents/w_quest.hdr
quest:QUEST_IKENI7_2015-02-27_08-37-10_00|b2983734|#X64:/data/compiled/documents/w_quest.hdr
quest:QUEST_IKENI7_2015-02-27_08-38-47_00|ffcc941f|#X64:/data/compiled/documents/w_quest.hdr
quest:QUEST_IKENI7_2015-02-27_09-09-47_00|8c0be35e|#X64:/data/compiled/documents/w_quest.hdr
quest:QUEST_IKENI7_2015-02-27_09-10-25_00|c35c4bb2|#X64:/data/compiled/documents/w_quest.hdr
quest:QUEST_IKENI7_2015-02-27_09-10-55_00|c3929535|#X64:/data/compiled/documents/w_quest.hdr
quest:QUEST_IKENI7_2015-02-27_09-11-29_00|1058b9f7|#X64:/data/compiled/documents/w_quest.hdr
quest:QUEST_IKENI7_2015-02-27_09-12-00_00|5d29d64d|#X64:/data/compiled/documents/w_quest.hdr
quest:QUEST_IKENI7_2015-02-27_09-12-43_00|5d73dd74|#X64:/data/compiled/documents/w_quest.hdr
quest:QUEST_IKENI7_2015-02-27_09-13-18_00|aa3a8e97|#X64:/data/compiled/documents/w_quest.hdr
quest:QUEST_IKENI7_2015-02-27_09-38-00_00|038aec95|#X64:/data/compiled/documents/w_quest.hdr
quest:QUEST_IKENI7_2015-03-02_08-35-05_00|216de630|#X64:/data/compiled/documents/w_quest.hdr
quest:QUEST_IKENI7_2015-03-02_09-16-18_00|9a02c7f4|#X64:/data/compiled/documents/w_quest.hdr
quest:QUEST_IKENI7_2015-03-11_09-09-27_00|80a26596|#X64:/data/compiled/documents/w_quest.hdr
quest:QUEST_IKENI7_2015-03-11_09-17-38_00|d30265d7|#X64:/data/compiled/documents/w_quest.hdr
quest:QUEST_IKENI7_2015-03-11_10-05-25_00|adb5f4e8|#X64:/data/compiled/documents/w_quest.hdr
quest:QUEST_IKENI7_2015-03-12_07-33-49_00|bef9a8b6|#X64:/data/compiled/documents/w_quest.hdr
quest:QUEST_IKENI7_2015-03-16_09-07-00_00|736113f0|#X64:/data/compiled/documents/w_quest.hdr
quest:QUEST_IKENI7_2015-03-16_12-02-27_00|5bb8a92e|#X64:/data/compiled/documents/w_quest.hdr
quest:QUEST_IKENI7_2015-03-16_12-43-23_00|59b807ef|#X64:/data/compiled/documents/w_quest.hdr
quest:QUEST_IKENI7_2015-03-16_12-44-30_00|a6c2b80e|#X64:/data/compiled/documents/w_quest.hdr
quest:QUEST_IKENI7_2015-03-17_09-03-00_00|8ed72a6d|#X64:/data/compiled/documents/w_quest.hdr
quest:QUEST_IKENI7_2015-03-17_09-03-40_00|8f1f8c71|#X64:/data/compiled/documents/w_quest.hdr
quest:QUEST_IKENI7_2015-03-17_10-22-53_00|7bba522e|#X64:/data/compiled/documents/w_quest.hdr
quest:QUEST_IKENI7_2015-03-17_10-34-42_00|01ddfbaf|#X64:/data/compiled/documents/w_quest.hdr
quest:QUEST_IKENI7_2015-03-17_10-40-06_00|b9f0ad0c|#X64:/data/compiled/documents/w_quest.hdr
quest:QUEST_IKENI7_2015-03-17_13-33-45_00|c1051774|#X64:/data/compiled/documents/w_quest.hdr
quest:QUEST_IKENI7_2015-03-19_11-37-19_00|8b62e339|#X64:/data/compiled/documents/w_quest.hdr
quest:QUEST_IKENI7_2015-03-23_08-17-47_00|a907ad79|#X64:/data/compiled/documents/w_quest.hdr
quest:QUEST_IKENI7_2015-03-23_08-28-34_00|e2300177|#X64:/data/compiled/documents/w_quest.hdr
quest:QUEST_IKENI7_2015-03-24_07-23-49_00|acb62078|#X64:/data/compiled/documents/w_quest.hdr
quest:QUEST_IKENI7_2015-03-24_07-26-04_00|9359b6d2|#X64:/data/compiled/documents/w_quest.hdr
quest:QUEST_IKENI7_2015-03-24_07-27-53_00|e0ade1b7|#X64:/data/compiled/documents/w_quest.hdr
quest:QUEST_IKENI7_2015-03-26_09-20-54_00|6ca9fa15|#X64:/data/compiled/documents/w_quest.hdr
quest:QUEST_IKENI7_2015-03-30_11-06-18_00|25cbb92d|#X64:/data/compiled/documents/w_quest.hdr
quest:QUEST_IKENI7_2015-03-30_11-08-32_00|bfe1196b|#X64:/data/compiled/documents/w_quest.hdr
quest:QUEST_IKENI7_2015-03-30_11-42-17_00|a2e98d4c|#X64:/data/compiled/documents/w_quest.hdr
quest:QUEST_IKENI7_2015-03-30_11-47-48_00|240392f5|#X64:/data/compiled/documents/w_quest.hdr
quest:QUEST_IKENI7_2015-03-30_11-51-17_00|4231256c|#X64:/data/compiled/documents/w_quest.hdr
quest:QUEST_IKENI7_2015-04-08_10-00-40_00|29826707|#X64:/data/compiled/documents/w_quest.hdr
quest:QUEST_IKENI7_2015-04-08_10-01-53_00|7690616c|#X64:/data/compiled/documents/w_quest.hdr
quest:QUEST_IKENI7_2015-04-09_09-53-00_00|9bd35214|#X64:/data/compiled/documents/w_quest.hdr
quest:QUEST_IKENI7_2015-04-10_12-02-52_00|8be721a7|#X64:/data/compiled/documents/w_quest.hdr
quest:QUEST_IKENI7_2015-04-16_10-31-48_00|d7c8ac12|#X64:/data/compiled/documents/w_quest.hdr
quest:QUEST_IKENI7_2015-04-16_10-33-38_00|71ab0d13|#X64:/data/compiled/documents/w_quest.hdr
quest:QUEST_IKENI7_2015-04-17_07-15-34_00|1965f776|#X64:/data/compiled/documents/w_quest.hdr
quest:QUEST_IKENI7_2015-04-20_07-18-18_00|0fd9a555|#X64:/data/compiled/documents/w_quest.hdr
quest:QUEST_IKENI7_2015-04-20_07-30-25_00|809bdc6d|#X64:/data/compiled/documents/w_quest.hdr
quest:QUEST_IKENI7_2015-04-20_07-41-28_00|b9d99332|#X64:/data/compiled/documents/w_quest.hdr
quest:QUEST_IKENI7_2015-04-20_07-45-21_00|edbeaf8f|#X64:/data/compiled/documents/w_quest.hdr
quest:QUEST_IKENI7_2015-04-20_07-48-31_00|d4bf7e53|#X64:/data/compiled/documents/w_quest.hdr
quest:QUEST_IKENI7_2015-04-20_08-00-51_00|c01506ea|#X64:/data/compiled/documents/w_quest.hdr
quest:QUEST_IKENI7_2015-04-20_08-10-27_00|ac23dc8e|#X64:/data/compiled/documents/w_quest.hdr
quest:QUEST_IKENI7_2015-04-22_07-33-30_00|0658004e|#X64:/data/compiled/documents/w_quest.hdr
quest:QUEST_IKENI7_2015-04-23_09-55-51_00|d0690cb8|#X64:/data/compiled/documents/w_quest.hdr
quest:QUEST_IKENI7_2015-04-23_09-56-36_00|1d41d65c|#X64:/data/compiled/documents/w_quest.hdr
quest:QUEST_IKENI7_2015-04-23_09-57-11_00|6a152436|#X64:/data/compiled/documents/w_quest.hdr
quest:QUEST_IKENI7_2015-04-23_09-57-45_00|6a4d9f3d|#X64:/data/compiled/documents/w_quest.hdr
quest:QUEST_IKENI7_2015-04-29_06-32-22_00|e0db7534|#X64:/data/compiled/documents/w_quest.hdr
quest:QUEST_IKENI7_2015-05-06_13-52-40_00|da56cf30|#X64:/data/compiled/documents/w_quest.hdr
quest:QUEST_IKENI7_2015-05-06_13-55-59_00|c15c8d5d|#X64:/data/compiled/documents/w_quest.hdr
quest:QUEST_IKENI7_2015-05-11_07-43-34_00|7431e972|#X64:/data/compiled/documents/w_quest.hdr
quest:QUEST_IKENI7_2015-05-12_09-24-16_00|3ff98ff4|#X64:/data/compiled/documents/w_quest.hdr
quest:QUEST_IKENI7_2015-05-12_09-36-11_00|c62d2072|#X64:/data/compiled/documents/w_quest.hdr
quest:QUEST_IKENI7_2015-05-12_09-36-51_00|c6758276|#X64:/data/compiled/documents/w_quest.hdr
quest:QUEST_IKENI7_2015-05-12_09-38-44_00|6059889a|#X64:/data/compiled/documents/w_quest.hdr
quest:QUEST_IKENI7_2015-05-12_09-40-37_00|e4b90415|#X64:/data/compiled/documents/w_quest.hdr
quest:QUEST_IKENI7_2015-05-22_09-51-15_00|59100594|#X64:/data/compiled/documents/w_quest.hdr
quest:QUEST_IKENI7_2015-06-03_07-14-54_00|6c3dd7d4|#X64:/data/compiled/documents/w_quest.hdr
quest:QUEST_IKENI7_2015-06-09_12-59-48_00|eb7a8cc2|#X64:/data/compiled/documents/w_quest.hdr
quest:QUEST_IKENI7_2015-06-09_13-00-28_00|9d4ba1b3|#X64:/data/compiled/documents/w_quest.hdr
quest:QUEST_IKENI7_2015-06-17_10-36-41_00|c0715a73|#X64:/data/compiled/documents/w_quest.hdr
quest:QUEST_IKENI7_2015-06-17_13-30-36_00|fea446b4|#X64:/data/compiled/documents/w_quest.hdr
quest:QUEST_IKENI7_2015-06-19_08-42-52_00|b292c7fb|#X64:/data/compiled/documents/w_quest.hdr
quest:QUEST_IKENI7_2015-06-24_09-24-42_00|26611a77|#X64:/data/compiled/documents/w_quest.hdr
quest:QUEST_IKENI7_2015-06-24_09-25-35_00|734ae3da|#X64:/data/compiled/documents/w_quest.hdr
quest:QUEST_IKENI7_2015-06-24_11-22-48_00|f1781774|#X64:/data/compiled/documents/w_quest.hdr
quest:QUEST_IKENI7_2015-06-24_11-52-48_00|b63d9617|#X64:/data/compiled/documents/w_quest.hdr
quest:QUEST_IKENI7_2015-06-30_10-50-45_00|1600f9ee|#X64:/data/compiled/documents/w_quest.hdr
quest:QUEST_IKENI7_2015-06-30_14-07-52_00|a3ca32b2|#X64:/data/compiled/documents/w_quest.hdr
quest:QUEST_IKENI7_2015-07-03_08-24-42_00|68ac3274|#X64:/data/compiled/documents/w_quest.hdr
quest:QUEST_IKENI7_2015-07-03_08-26-30_00|028d7ab3|#X64:/data/compiled/documents/w_quest.hdr
quest:QUEST_IKENI7_2015-07-03_08-31-01_00|6db662ad|#X64:/data/compiled/documents/w_quest.hdr
quest:QUEST_IKENI7_2015-07-03_08-37-45_00|3bde62bb|#X64:/data/compiled/documents/w_quest.hdr
quest:QUEST_IKENI7_2015-07-09_08-27-19_00|2ba2aee1|#X64:/data/compiled/documents/w_quest.hdr
quest:QUEST_IKENI7_2015-07-10_10-25-08_00|678ca0ce|#X64:/data/compiled/documents/w_quest.hdr
quest:QUEST_IKENI7_2015-07-10_10-36-44_00|a10ee2f0|#X64:/data/compiled/documents/w_quest.hdr
quest:QUEST_IKENI7_2015-07-10_10-38-23_00|3ade9f0f|#X64:/data/compiled/documents/w_quest.hdr
quest:QUEST_IKENI7_2015-07-10_10-43-53_00|a6738dae|#X64:/data/compiled/documents/w_quest.hdr
quest:QUEST_IKENI7_2015-07-10_10-45-01_00|400c73e9|#X64:/data/compiled/documents/w_quest.hdr
quest:QUEST_IKENI7_2015-07-14_10-18-34_00|9fe9c033|#X64:/data/compiled/documents/w_quest.hdr
quest:QUEST_IKENI7_2015-07-15_09-17-29_00|4141973f|#X64:/data/compiled/documents/w_quest.hdr
quest:QUEST_IKENI7_2015-07-15_09-54-52_00|0b8ca75c|#X64:/data/compiled/documents/w_quest.hdr
quest:QUEST_IKENI7_2015-08-14_07-21-45_00|1488f936|#X64:/data/compiled/documents/w_quest.hdr
quest:QUEST_IKENI7_2015-08-14_07-29-15_00|7c2495bb|#X64:/data/compiled/documents/w_quest.hdr
quest:QUEST_IKENI7_2015-08-14_07-33-39_00|9aaf609c|#X64:/data/compiled/documents/w_quest.hdr
quest:QUEST_IKENI7_2015-09-01_11-39-37_00|b880d298|#X64:/data/compiled/documents/w_quest.hdr
quest:QUEST_IKENI7_2015-09-02_08-15-29_00|924f823a|#X64:/data/compiled/documents/w_quest.hdr
quest:QUEST_IKENI7_2015-09-02_11-53-30_00|128242ae|#X64:/data/compiled/documents/w_quest.hdr
quest:QUEST_IKENI7_2015-09-04_09-22-07_00|3a45fb37|#X64:/data/compiled/documents/w_quest.hdr
quest:QUEST_IKENI7_2015-09-08_07-34-27_00|f6077e5e|#X64:/data/compiled/documents/w_quest.hdr
quest:QUEST_IKENI7_2015-09-10_08-49-02_00|275812d7|#X64:/data/compiled/documents/w_quest.hdr
quest:QUEST_IKENI7_2015-09-10_08-57-16_00|79b9b83b|#X64:/data/compiled/documents/w_quest.hdr
quest:QUEST_IKENI7_2015-09-10_09-02-01_00|5f831acc|#X64:/data/compiled/documents/w_quest.hdr
quest:QUEST_IKENI7_2015-09-11_08-38-19_00|3d90f9de|#X64:/data/compiled/documents/w_quest.hdr
quest:QUEST_IKENI7_2015-09-11_09-50-54_00|b292f2d8|#X64:/data/compiled/documents/w_quest.hdr
quest:QUEST_IKENI7_2015-09-14_11-00-31_00|68493d0a|#X64:/data/compiled/documents/w_quest.hdr
quest:QUEST_IKENI7_2015-09-14_11-03-43_00|4f4b2490|#X64:/data/compiled/documents/w_quest.hdr
quest:QUEST_IKENI7_2015-09-14_11-08-46_00|d02ff978|#X64:/data/compiled/documents/w_quest.hdr
quest:QUEST_IKENI7_2015-09-15_13-00-00_00|bf8692e9|#X64:/data/compiled/documents/w_quest.hdr
quest:QUEST_IKENI7_2015-09-18_09-51-21_00|2aee837a|#X64:/data/compiled/documents/w_quest.hdr
quest:QUEST_IKENI7_2015-09-18_09-53-07_00|c4c21640|#X64:/data/compiled/documents/w_quest.hdr
quest:QUEST_IKENI7_2015-09-18_09-54-45_00|12039c43|#X64:/data/compiled/documents/w_quest.hdr
quest:QUEST_IKENI7_2015-09-22_06-38-20_00|c02843d6|#X64:/data/compiled/documents/w_quest.hdr
quest:QUEST_IKENI7_2015-09-22_12-01-09_00|559e4b10|#X64:/data/compiled/documents/w_quest.hdr
quest:QUEST_IKENI7_2015-09-22_12-15-52_00|761fb6d3|#X64:/data/compiled/documents/w_quest.hdr
quest:QUEST_IKENI7_2015-09-22_12-17-06_00|0fbbe754|#X64:/data/compiled/documents/w_quest.hdr
quest:QUEST_IKENI7_2015-09-23_10-10-58_00|3c89b893|#X64:/data/compiled/documents/w_quest.hdr
quest:QUEST_IKENI7_2015-09-25_07-17-13_00|8cc19799|#X64:/data/compiled/documents/w_quest.hdr
quest:QUEST_IKENI7_2015-09-25_09-05-15_00|0ea1843a|#X64:/data/compiled/documents/w_quest.hdr
quest:QUEST_IKENI7_2015-09-28_12-45-15_00|16d8b19b|#X64:/data/compiled/documents/w_quest.hdr
quest:QUEST_IKENI7_2015-09-30_10-35-35_00|e2edd913|#X64:/data/compiled/documents/w_quest.hdr
quest:QUEST_IKENI7_2015-09-30_10-38-48_00|c9f04cfa|#X64:/data/compiled/documents/w_quest.hdr
quest:QUEST_IKENI7_2015-10-01_11-12-18_00|e9fd6806|#X64:/data/compiled/documents/w_quest.hdr
quest:QUEST_IKENI7_2015-10-02_11-21-59_00|d8ecf80c|#X64:/data/compiled/documents/w_quest.hdr
quest:QUEST_IKENI7_2015-10-07_08-01-42_00|241bd14d|#X64:/data/compiled/documents/w_quest.hdr
quest:QUEST_IKENI7_2015-10-07_08-02-23_00|70f2696d|#X64:/data/compiled/documents/w_quest.hdr
quest:QUEST_IKENI7_2015-10-07_13-32-43_00|a703f8ae|#X64:/data/compiled/documents/w_quest.hdr
quest:QUEST_IKENI7_2015-10-09_08-26-04_00|1bf97494|#X64:/data/compiled/documents/w_quest.hdr
quest:QUEST_IKENI7_2015-10-09_12-23-16_00|a23b3e0f|#X64:/data/compiled/documents/w_quest.hdr
quest:QUEST_IKENI7_2015-10-13_10-13-23_00|0cfabae5|#X64:/data/compiled/documents/w_quest.hdr
quest:QUEST_IKENI7_2015-10-14_08-30-34_00|e8f9308e|#X64:/data/compiled/documents/w_quest.hdr
quest:QUEST_IKENI7_2015-10-14_09-58-55_00|2d7e0edc|#X64:/data/compiled/documents/w_quest.hdr
quest:QUEST_IKENI7_2015-10-14_11-26-29_00|33982af1|#X64:/data/compiled/documents/w_quest.hdr
quest:QUEST_IKENI7_2015-10-15_12-17-50_00|e7eb878d|#X64:/data/compiled/documents/w_quest.hdr
quest:QUEST_IKENI7_2015-10-20_08-45-47_00|53f60675|#X64:/data/compiled/documents/w_quest.hdr
quest:QUEST_IKENI7_2015-10-20_11-26-46_00|317eca6d|#X64:/data/compiled/documents/w_quest.hdr
quest:QUEST_IKENI7_2015-10-23_13-20-37_00|59c2108c|#X64:/data/compiled/documents/w_quest.hdr
quest:QUEST_IKENI7_2015-10-27_08-38-07_00|79f3c85a|#X64:/data/compiled/documents/w_quest.hdr
quest:QUEST_IKENI7_2015-10-27_08-39-37_00|c7244e9e|#X64:/data/compiled/documents/w_quest.hdr
quest:QUEST_IKENI7_2015-10-27_08-42-35_00|988d6176|#X64:/data/compiled/documents/w_quest.hdr
quest:QUEST_IKENI7_2015-10-29_09-50-32_00|8da1bbd5|#X64:/data/compiled/documents/w_quest.hdr
quest:QUEST_IKENI7_2015-10-29_10-07-51_00|6c517c70|#X64:/data/compiled/documents/w_quest.hdr
quest:QUEST_IKENI7_2015-10-29_10-36-32_00|e3f919b1|#X64:/data/compiled/documents/w_quest.hdr
quest:QUEST_IKENI7_2015-11-02_10-57-54_00|73b7ba10|#X64:/data/compiled/documents/w_quest.hdr
quest:QUEST_IKENI7_2015-11-02_11-01-42_00|0c888503|#X64:/data/compiled/documents/w_quest.hdr
quest:QUEST_IKENI7_2015-11-06_11-20-36_00|d57e310b|#X64:/data/compiled/documents/w_quest.hdr
quest:QUEST_IKENI7_2015-11-16_12-25-23_00|95986dee|#X64:/data/compiled/documents/w_quest.hdr
quest:QUEST_IKENI7_2015-11-16_12-30-25_00|00f82bcc|#X64:/data/compiled/documents/w_quest.hdr
quest:QUEST_IKENI7_2016-01-06_09-12-33_00|3c278890|#X64:/data/compiled/documents/w_quest.hdr
quest:QUEST_IKENI7_2016-01-06_11-58-12_00|1fefb770|#X64:/data/compiled/documents/w_quest.hdr
quest:QUEST_IKENI7_2016-01-06_13-00-31_00|230d6fe6|#X64:/data/compiled/documents/w_quest.hdr
quest:QUEST_IKENI7_2016-01-08_11-03-54_00|a0caed0e|#X64:/data/compiled/documents/w_quest.hdr
quest:QUEST_IKENI7_2016-01-08_11-10-08_00|a5c5c2ab|#X64:/data/compiled/documents/w_quest.hdr
quest:QUEST_IKENI7_2016-01-09_08-10-13_00|8c21696e|#X64:/data/compiled/documents/w_quest.hdr
quest:QUEST_IKENI7_2016-01-09_08-58-40_00|a52f475a|#X64:/data/compiled/documents/w_quest.hdr
quest:QUEST_IKENI7_2016-01-09_09-07-28_00|bed6a55b|#X64:/data/compiled/documents/w_quest.hdr
quest:QUEST_IKENI7_2016-01-09_10-01-07_00|51d2168a|#X64:/data/compiled/documents/w_quest.hdr
quest:QUEST_IKENI7_2016-01-09_10-10-39_00|f15110ef|#X64:/data/compiled/documents/w_quest.hdr
quest:QUEST_IKENI7_2016-01-13_10-50-48_00|016ff12e|#X64:/data/compiled/documents/w_quest.hdr
quest:QUEST_IKENI7_2016-01-13_11-14-49_00|885cae30|#X64:/data/compiled/documents/w_quest.hdr
quest:QUEST_IKENI7_2016-01-14_07-33-26_00|f6020012|#X64:/data/compiled/documents/w_quest.hdr
quest:QUEST_IKENI7_2016-01-15_13-02-27_00|a8d44b4d|#X64:/data/compiled/documents/w_quest.hdr
quest:QUEST_IKENI7_2016-01-18_09-02-48_00|29f8d6b8|#X64:/data/compiled/documents/w_quest.hdr
quest:QUEST_IKENI7_2016-01-18_09-03-20_00|76ca7f6f|#X64:/data/compiled/documents/w_quest.hdr
quest:QUEST_IKENI7_2016-01-18_09-03-47_00|76f28718|#X64:/data/compiled/documents/w_quest.hdr
quest:QUEST_IKENI7_2016-01-20_13-29-43_00|4ab6a7f0|#X64:/data/compiled/documents/w_quest.hdr
quest:QUEST_IKENI7_2016-01-20_13-33-23_00|68f6df49|#X64:/data/compiled/documents/w_quest.hdr
quest:QUEST_IKENI7_2016-01-22_08-05-43_00|6be03e90|#X64:/data/compiled/documents/w_quest.hdr
quest:QUEST_IKENI7_2016-01-22_08-09-01_00|9f7fb6ce|#X64:/data/compiled/documents/w_quest.hdr
quest:QUEST_IKENI7_2016-01-22_08-16-57_00|a5309a37|#X64:/data/compiled/documents/w_quest.hdr
quest:QUEST_IKENI7_2016-01-22_08-18-03_00|3ec867b0|#X64:/data/compiled/documents/w_quest.hdr
quest:QUEST_IKENI7_2016-01-22_08-18-42_00|3f103d53|#X64:/data/compiled/documents/w_quest.hdr
quest:QUEST_IKENI7_2016-01-22_08-20-41_00|c37f9fcb|#X64:/data/compiled/documents/w_quest.hdr
quest:QUEST_IKENI7_2016-01-22_13-48-13_00|74c7de70|#X64:/data/compiled/documents/w_quest.hdr
quest:QUEST_IKENI7_2016-01-23_07-22-32_00|a8b7058d|#X64:/data/compiled/documents/w_quest.hdr
quest:QUEST_IKENI7_2016-01-23_07-44-59_00|1b57307a|#X64:/data/compiled/documents/w_quest.hdr
quest:QUEST_IKENI7_2016-01-23_07-47-30_00|021cc652|#X64:/data/compiled/documents/w_quest.hdr
quest:QUEST_IKENI7_2016-01-25_08-47-07_00|a4b2f799|#X64:/data/compiled/documents/w_quest.hdr
quest:QUEST_IKENI7_2016-01-28_08-08-51_00|2f1a2d98|#X64:/data/compiled/documents/w_quest.hdr
quest:QUEST_IKENI7_2016-01-28_08-55-31_00|e5506eb8|#X64:/data/compiled/documents/w_quest.hdr
quest:QUEST_IKENI7_2016-01-28_10-01-52_00|794b3ceb|#X64:/data/compiled/documents/w_quest.hdr
quest:QUEST_IKENI7_2016-01-28_10-38-35_00|58c5d8f6|#X64:/data/compiled/documents/w_quest.hdr
quest:QUEST_IKENI7_2016-01-28_10-39-43_00|a5d11576|#X64:/data/compiled/documents/w_quest.hdr
quest:QUEST_IKENI7_2016-01-28_10-40-41_00|dd45aecc|#X64:/data/compiled/documents/w_quest.hdr
quest:QUEST_IKENI7_2016-01-28_10-41-10_00|2a0915a9|#X64:/data/compiled/documents/w_quest.hdr
quest:QUEST_IKENI7_2016-02-01_10-02-26_00|302cd1c5|#X64:/data/compiled/documents/w_quest.hdr
quest:QUEST_IKENI7_2016-02-01_12-42-12_00|e934fd86|#X64:/data/compiled/documents/w_quest.hdr
quest:QUEST_IKENI7_2016-02-01_13-51-58_00|8cd2d311|#X64:/data/compiled/documents/w_quest.hdr
quest:QUEST_IKENI7_2016-02-01_13-52-55_00|d9cb6aaf|#X64:/data/compiled/documents/w_quest.hdr
quest:QUEST_IKENI7_2016-02-01_13-54-04_00|7364dd4b|#X64:/data/compiled/documents/w_quest.hdr
quest:QUEST_IKENI7_2016-02-02_08-17-01_00|8781c4cc|#X64:/data/compiled/documents/w_quest.hdr
quest:QUEST_IKENI7_2016-02-02_14-01-54_00|42f113ca|#X64:/data/compiled/documents/w_quest.hdr
quest:QUEST_IKENI7_2016-02-03_10-22-43_00|a7911a68|#X64:/data/compiled/documents/w_quest.hdr
quest:QUEST_IKENI7_2016-02-03_14-06-58_00|13357e94|#X64:/data/compiled/documents/w_quest.hdr
quest:QUEST_IKENI7_2016-02-04_13-19-13_00|316f622f|#X64:/data/compiled/documents/w_quest.hdr
quest:QUEST_IKENI7_2016-02-05_10-01-45_00|20d25fa9|#X64:/data/compiled/documents/w_quest.hdr
quest:QUEST_IKENI7_2016-02-11_14-30-12_00|a6540b06|#X64:/data/compiled/documents/w_quest.hdr
quest:QUEST_IKENI7_2016-02-25_09-44-09_00|ce05111a|#X64:/data/compiled/documents/w_quest.hdr
quest:QUEST_IKENI7_2016-03-03_12-58-09_00|4e3935f6|#X64:/data/compiled/documents/w_quest.hdr
quest:QUEST_IKENI7_2016-03-03_15-26-00_00|fb9a01cb|#X64:/data/compiled/documents/w_quest.hdr
quest:QUEST_IKENI7_2016-03-04_08-59-55_00|7dcd76be|#X64:/data/compiled/documents/w_quest.hdr
quest:QUEST_IKENI7_2016-03-04_13-53-30_00|20f0faed|#X64:/data/compiled/documents/w_quest.hdr
quest:QUEST_IKENI7_2016-03-10_08-43-34_00|c14d8b91|#X64:/data/compiled/documents/w_quest.hdr
quest:QUEST_IKENI7_2016-03-10_08-53-18_00|ad6d60f4|#X64:/data/compiled/documents/w_quest.hdr
quest:QUEST_IKENI7_2016-03-10_09-00-19_00|2d409fce|#X64:/data/compiled/documents/w_quest.hdr
quest:QUEST_IKENI7_2016-03-11_08-38-14_00|a529bef4|#X64:/data/compiled/documents/w_quest.hdr
quest:QUEST_IKENI7_2016-03-11_08-39-16_00|f2251477|#X64:/data/compiled/documents/w_quest.hdr
quest:QUEST_IKENI7_2016-03-11_08-39-22_00|f234fb74|#X64:/data/compiled/documents/w_quest.hdr
quest:QUEST_IKENI7_2016-03-11_08-39-28_00|f23845ba|#X64:/data/compiled/documents/w_quest.hdr
quest:QUEST_IKENI7_2016-03-11_08-39-34_00|f2482cb7|#X64:/data/compiled/documents/w_quest.hdr
quest:QUEST_IKENI7_2016-03-11_08-39-41_00|f258a015|#X64:/data/compiled/documents/w_quest.hdr
quest:QUEST_IKENI7_2016-03-11_08-39-47_00|f25bea5b|#X64:/data/compiled/documents/w_quest.hdr
quest:QUEST_IKENI7_2016-03-11_08-39-53_00|f26bd158|#X64:/data/compiled/documents/w_quest.hdr
quest:QUEST_IKENI7_2016-03-11_08-40-01_00|2985f029|#X64:/data/compiled/documents/w_quest.hdr
quest:QUEST_IKENI7_2016-03-11_08-52-29_00|afe4d296|#X64:/data/compiled/documents/w_quest.hdr
quest:QUEST_IKENI7_2016-03-11_10-21-09_00|03091269|#X64:/data/compiled/documents/w_quest.hdr
quest:QUEST_IKENI7_2016-03-11_15-44-36_00|d6e4ec73|#X64:/data/compiled/documents/w_quest.hdr
quest:QUEST_IKENI7_2016-03-14_14-57-54_00|944b1b39|#X64:/data/compiled/documents/w_quest.hdr
quest:QUEST_IKENI7_2016-04-28_13-24-30_00|69577832|#X64:/data/compiled/documents/w_quest.hdr
quest:QUEST_IKENI7_2016-05-18_07-29-56_00|46249ec2|#X64:/data/compiled/documents/w_quest.hdr
quest:QUEST_IKENI7_2016-05-20_07-47-38_00|44d8a45b|#X64:/data/compiled/documents/w_quest.hdr
quest:QUEST_IKENI7_2016-05-20_07-55-04_00|96ed84b3|#X64:/data/compiled/documents/w_quest.hdr
quest:QUEST_IKENI7_2016-06-07_13-19-33_00|50854738|#X64:/data/compiled/documents/w_quest.hdr
quest:QUEST_IKENI7_2016-06-14_07-34-49_00|802bd05d|#X64:/data/compiled/documents/w_quest.hdr
quest:QUEST_IKENI7_2016-06-14_07-39-05_00|00c46c9a|#X64:/data/compiled/documents/w_quest.hdr
quest:QUEST_IKENI7_2016-06-14_07-42-11_00|d23e7f31|#X64:/data/compiled/documents/w_quest.hdr
quest:QUEST_IKENI7_2016-06-14_07-42-56_00|d2899f1a|#X64:/data/compiled/documents/w_quest.hdr
quest:QUEST_IKENI7_2016-06-14_07-50-26_00|24a0b0f6|#X64:/data/compiled/documents/w_quest.hdr
quest:QUEST_IKENI7_2016-06-14_07-50-56_00|24d6fa79|#X64:/data/compiled/documents/w_quest.hdr
quest:QUEST_IKENI7_2016-06-14_07-51-39_00|71aeab5b|#X64:/data/compiled/documents/w_quest.hdr
quest:QUEST_IKENI7_2016-06-14_07-56-56_00|f2b466ff|#X64:/data/compiled/documents/w_quest.hdr
quest:QUEST_IKENI7_2016-06-14_08-01-21_00|d859988e|#X64:/data/compiled/documents/w_quest.hdr
quest:QUEST_IKENI7_2016-06-15_09-06-35_00|acbaacfa|#X64:/data/compiled/documents/w_quest.hdr
quest:QUEST_IKENI7_2016-06-15_09-59-43_00|31038b61|#X64:/data/compiled/documents/w_quest.hdr
quest:QUEST_IKENI7_2016-06-15_10-33-23_00|eb7bdf2f|#X64:/data/compiled/documents/w_quest.hdr
quest:QUEST_IKENI7_2016-06-15_10-37-30_00|1f754591|#X64:/data/compiled/documents/w_quest.hdr
quest:QUEST_IKENI7_2016-06-15_10-42-21_00|8ac25e8d|#X64:/data/compiled/documents/w_quest.hdr
quest:QUEST_IKENI7_2016-06-15_11-51-18_00|2e0645f4|#X64:/data/compiled/documents/w_quest.hdr
quest:QUEST_IKENI7_2016-06-15_12-07-08_00|629302b5|#X64:/data/compiled/documents/w_quest.hdr
quest:QUEST_IKENI7_2016-06-15_12-09-02_00|fc8431f1|#X64:/data/compiled/documents/w_quest.hdr
quest:QUEST_IKENI7_2016-08-25_09-27-53_00|26063120|#X64:/data/compiled/documents/w_quest.hdr
quest:QUEST_IKENI7_2017-01-13_13-09-18_00|d5b6bbb3|#X64:/data/compiled/documents/w_quest.hdr
quest:QUEST_IKENI7_2017-01-13_13-14-57_00|415d3672|#X64:/data/compiled/documents/w_quest.hdr
quest:QUEST_IKENI7_2017-01-13_13-17-42_00|2837164f|#X64:/data/compiled/documents/w_quest.hdr
quest:QUEST_IKENI7_2017-01-13_13-19-31_00|c218eaef|#X64:/data/compiled/documents/w_quest.hdr
quest:QUEST_IKENI7_2017-02-16_17-13-25_00|fea81e54|#X64:/data/compiled/documents/w_quest.hdr
quest:QUEST_IKENI7_2017-02-27_13-38-19_00|d2740f7c|#X64:/data/compiled/documents/w_quest.hdr
quest:QUEST_IKENI7_2017-02-27_13-39-58_00|1fb621e0|#X64:/data/compiled/documents/w_quest.hdr
quest:QUEST_IKENI7_2017-02-27_13-43-59_00|3e1b169c|#X64:/data/compiled/documents/w_quest.hdr
quest:QUEST_PANKRATZI7_2015-02-04_15-32-20_00|3f916b0d|#X64:/data/compiled/documents/w_quest.hdr
quest:QUEST_PANKRATZI7_2015-02-05_14-31-07_00|3dcb4c51|#X64:/data/compiled/documents/w_quest.hdr
quest:QUEST_PANKRATZI7_2015-02-06_13-43-23_00|0f781292|#X64:/data/compiled/documents/w_quest.hdr
quest:QUEST_PANKRATZI7_2015-02-06_14-10-20_00|67ccc9aa|#X64:/data/compiled/documents/w_quest.hdr
quest:QUEST_PANKRATZI7_2015-02-06_15-21-17_00|a5052a93|#X64:/data/compiled/documents/w_quest.hdr
quest:QUEST_PANKRATZI7_2015-02-09_09-27-14_00|ebcb9dbc|#X64:/data/compiled/documents/w_quest.hdr
quest:QUEST_PANKRATZI7_2015-02-09_12-32-14_00|c03d0032|#X64:/data/compiled/documents/w_quest.hdr
quest:QUEST_PANKRATZI7_2015-02-09_12-36-59_00|f471131f|#X64:/data/compiled/documents/w_quest.hdr
quest:QUEST_PANKRATZI7_2015-02-09_14-07-13_00|846f4735|#X64:/data/compiled/documents/w_quest.hdr
quest:QUEST_PANKRATZI7_2015-02-09_14-12-42_00|f003a973|#X64:/data/compiled/documents/w_quest.hdr
quest:QUEST_PANKRATZI7_2015-02-09_14-29-24_00|f6fa0f5b|#X64:/data/compiled/documents/w_quest.hdr
quest:QUEST_PANKRATZI7_2015-02-10_14-06-48_00|a896f5f4|#X64:/data/compiled/documents/w_quest.hdr
quest:QUEST_PANKRATZI7_2015-02-10_14-13-57_00|adfba0b2|#X64:/data/compiled/documents/w_quest.hdr
quest:QUEST_PANKRATZI7_2015-02-10_14-38-17_00|071a1835|#X64:/data/compiled/documents/w_quest.hdr
quest:QUEST_PANKRATZI7_2015-02-10_14-41-16_00|d883b76e|#X64:/data/compiled/documents/w_quest.hdr
quest:QUEST_PANKRATZI7_2015-02-10_14-57-41_00|92d68473|#X64:/data/compiled/documents/w_quest.hdr
quest:QUEST_PANKRATZI7_2015-02-10_14-58-20_00|dfac03d1|#X64:/data/compiled/documents/w_quest.hdr
quest:QUEST_PANKRATZI7_2015-02-10_14-58-32_00|dfbf3514|#X64:/data/compiled/documents/w_quest.hdr
quest:QUEST_PANKRATZI7_2015-02-10_14-58-55_00|dfe50b39|#X64:/data/compiled/documents/w_quest.hdr
quest:QUEST_PANKRATZI7_2015-02-10_14-59-17_00|2c97feb8|#X64:/data/compiled/documents/w_quest.hdr
quest:QUEST_PANKRATZI7_2015-02-10_14-59-37_00|2cbc2fba|#X64:/data/compiled/documents/w_quest.hdr
quest:QUEST_PANKRATZI7_2015-02-10_14-59-57_00|2ce060bc|#X64:/data/compiled/documents/w_quest.hdr
quest:QUEST_PANKRATZI7_2015-02-10_15-00-16_00|de8cb84a|#X64:/data/compiled/documents/w_quest.hdr
quest:QUEST_PANKRATZI7_2015-02-10_15-11-45_00|17fe870e|#X64:/data/compiled/documents/w_quest.hdr
quest:QUEST_PANKRATZI7_2015-02-10_15-13-46_00|b1f38cf1|#X64:/data/compiled/documents/w_quest.hdr
quest:QUEST_PANKRATZI7_2015-02-11_10-40-05_00|caab9ac8|#X64:/data/compiled/documents/w_quest.hdr
quest:QUEST_PANKRATZI7_2015-02-11_10-50-49_00|b7380331|#X64:/data/compiled/documents/w_quest.hdr
quest:QUEST_PANKRATZI7_2015-02-11_10-50-57_00|b74902f0|#X64:/data/compiled/documents/w_quest.hdr
quest:QUEST_PANKRATZI7_2015-02-11_10-51-04_00|03e72009|#X64:/data/compiled/documents/w_quest.hdr
quest:QUEST_PANKRATZI7_2015-02-11_10-51-11_00|03f79367|#X64:/data/compiled/documents/w_quest.hdr
quest:QUEST_PANKRATZI7_2015-02-11_10-51-21_00|0409abe8|#X64:/data/compiled/documents/w_quest.hdr
quest:QUEST_PANKRATZI7_2015-02-20_09-57-45_00|5cf10ffc|#X64:/data/compiled/documents/w_quest.hdr
quest:QUEST_PANKRATZI7_2015-02-20_16-18-41_00|721ec993|#X64:/data/compiled/documents/w_quest.hdr
quest:QUEST_PANKRATZI7_2015-02-20_16-46-42_00|9cf05b15|#X64:/data/compiled/documents/w_quest.hdr
quest:QUEST_PANKRATZI7_2015-02-23_13-53-22_00|841cb1d1|#X64:/data/compiled/documents/w_quest.hdr
quest:QUEST_PANKRATZI7_2015-02-23_13-54-48_00|d13e69da|#X64:/data/compiled/documents/w_quest.hdr
quest:QUEST_PANKRATZI7_2015-02-23_14-41-53_00|0227ca73|#X64:/data/compiled/documents/w_quest.hdr
quest:QUEST_PANKRATZI7_2015-03-19_14-38-13_00|dda4621b|#X64:/data/compiled/documents/w_quest.hdr
quest:QUEST_PANKRATZI7_2015-04-20_09-56-29_00|283f1f7f|#X64:/data/compiled/documents/w_quest.hdr
quest:QUEST_PANKRATZI7_2015-04-20_11-16-03_00|dc187cec|#X64:/data/compiled/documents/w_quest.hdr
quest:QUEST_PANKRATZI7_2015-04-22_11-35-15_00|06732e32|#X64:/data/compiled/documents/w_quest.hdr
quest:QUEST_PANKRATZI7_2015-04-22_11-38-29_00|ed762e7a|#X64:/data/compiled/documents/w_quest.hdr
quest:QUEST_PANKRATZI7_2015-04-22_12-12-44_00|4b411c70|#X64:/data/compiled/documents/w_quest.hdr
quest:QUEST_PANKRATZI7_2015-04-22_12-13-15_00|98059c0f|#X64:/data/compiled/documents/w_quest.hdr
quest:QUEST_PANKRATZI7_2015-04-22_12-13-44_00|983b5931|#X64:/data/compiled/documents/w_quest.hdr
quest:QUEST_PANKRATZI7_2015-04-22_12-37-12_00|a47093b2|#X64:/data/compiled/documents/w_quest.hdr
quest:QUEST_PANKRATZI7_2015-04-23_11-44-40_00|f54d5b71|#X64:/data/compiled/documents/w_quest.hdr
quest:QUEST_PANKRATZI7_2015-04-23_11-47-53_00|dc4fcf58|#X64:/data/compiled/documents/w_quest.hdr
quest:QUEST_PANKRATZI7_2015-04-27_12-14-51_00|722138d5|#X64:/data/compiled/documents/w_quest.hdr
quest:QUEST_PANKRATZI7_2015-04-27_12-15-07_00|bec44557|#X64:/data/compiled/documents/w_quest.hdr
quest:QUEST_PANKRATZI7_2015-04-27_12-15-19_00|bed7769a|#X64:/data/compiled/documents/w_quest.hdr
quest:QUEST_PANKRATZI7_2015-04-27_12-15-26_00|bee7e9f8|#X64:/data/compiled/documents/w_quest.hdr
quest:QUEST_PANKRATZI7_2015-04-27_12-15-36_00|befa0279|#X64:/data/compiled/documents/w_quest.hdr
quest:QUEST_PANKRATZI7_2015-04-27_12-17-43_00|58feef59|#X64:/data/compiled/documents/w_quest.hdr
quest:QUEST_PANKRATZI7_2015-05-12_13-50-13_00|371c9def|#X64:/data/compiled/documents/w_quest.hdr
quest:QUEST_PANKRATZI7_2015-05-12_13-52-22_00|d122a391|#X64:/data/compiled/documents/w_quest.hdr
quest:QUEST_PANKRATZI7_2015-05-12_13-57-43_00|522a90b9|#X64:/data/compiled/documents/w_quest.hdr
quest:QUEST_PANKRATZI7_2015-05-12_14-00-03_00|9dcbee2a|#X64:/data/compiled/documents/w_quest.hdr
quest:QUEST_PANKRATZI7_2015-05-12_14-01-20_00|eae8b6ca|#X64:/data/compiled/documents/w_quest.hdr
quest:QUEST_PANKRATZI7_2015-05-12_14-06-07_00|6bab8c34|#X64:/data/compiled/documents/w_quest.hdr
quest:QUEST_PANKRATZI7_2015-05-12_14-08-50_00|05f6a994|#X64:/data/compiled/documents/w_quest.hdr
quest:QUEST_PANKRATZI7_2015-05-12_14-18-20_00|f20234f2|#X64:/data/compiled/documents/w_quest.hdr
quest:QUEST_PANKRATZI7_2015-05-12_14-21-33_00|c3801e30|#X64:/data/compiled/documents/w_quest.hdr
quest:QUEST_PANKRATZI7_2015-05-12_14-25-23_00|f756f8b3|#X64:/data/compiled/documents/w_quest.hdr
quest:QUEST_PANKRATZI7_2015-05-12_14-29-49_00|2b6766ff|#X64:/data/compiled/documents/w_quest.hdr
quest:QUEST_PANKRATZI7_2015-05-12_14-33-03_00|49802310|#X64:/data/compiled/documents/w_quest.hdr
quest:QUEST_PANKRATZI7_2015-05-12_14-35-59_00|e3d2615d|#X64:/data/compiled/documents/w_quest.hdr
quest:QUEST_PANKRATZI7_2015-05-12_15-26-44_00|488083f8|#X64:/data/compiled/documents/w_quest.hdr
quest:QUEST_PANKRATZI7_2015-05-12_15-29-28_00|2f4d3abd|#X64:/data/compiled/documents/w_quest.hdr
quest:QUEST_PANKRATZI7_2015-05-12_15-32-45_00|00d9f236|#X64:/data/compiled/documents/w_quest.hdr
quest:QUEST_PANKRATZI7_2015-05-12_15-35-09_00|e78277f9|#X64:/data/compiled/documents/w_quest.hdr
quest:QUEST_PANKRATZI7_2015-05-12_15-36-43_00|34c1cc78|#X64:/data/compiled/documents/w_quest.hdr
quest:QUEST_PANKRATZI7_2015-05-12_15-38-21_00|ce90fc36|#X64:/data/compiled/documents/w_quest.hdr
quest:QUEST_PANKRATZI7_2015-05-12_15-39-48_00|1bb340a0|#X64:/data/compiled/documents/w_quest.hdr
quest:QUEST_PANKRATZI7_2015-05-12_15-42-10_00|ece2bfaf|#X64:/data/compiled/documents/w_quest.hdr
quest:QUEST_PANKRATZI7_2015-05-12_15-43-32_00|3a024634|#X64:/data/compiled/documents/w_quest.hdr
quest:QUEST_PANKRATZI7_2015-05-12_15-44-50_00|871f9b35|#X64:/data/compiled/documents/w_quest.hdr
quest:QUEST_PANKRATZI7_2015-05-12_15-47-58_00|6e12b480|#X64:/data/compiled/documents/w_quest.hdr
quest:QUEST_PANKRATZI7_2015-05-12_15-49-11_00|07baf557|#X64:/data/compiled/documents/w_quest.hdr
quest:QUEST_PANKRATZI7_2015-05-12_15-51-08_00|8c1ca256|#X64:/data/compiled/documents/w_quest.hdr
quest:QUEST_PANKRATZI7_2015-06-10_11-56-06_00|6a4b87b4|#X64:/data/compiled/documents/w_quest.hdr
quest:QUEST_PANKRATZI7_2015-06-11_08-56-08_00|5098ec9d|#X64:/data/compiled/documents/w_quest.hdr
quest:QUEST_PANKRATZI7_2015-06-11_09-29-58_00|77272fe3|#X64:/data/compiled/documents/w_quest.hdr
quest:QUEST_PANKRATZI7_2015-06-19_12-20-21_00|a62bf652|#X64:/data/compiled/documents/w_quest.hdr
quest:QUEST_PANKRATZI7_2015-08-14_08-34-58_00|e502ac23|#X64:/data/compiled/documents/w_quest.hdr
quest:QUEST_PANKRATZI7_2015-08-18_15-43-52_00|3b0021df|#X64:/data/compiled/documents/w_quest.hdr
quest:QUEST_PANKRATZI7_2015-08-21_14-00-08_00|ae4f4dd2|#X64:/data/compiled/documents/w_quest.hdr
quest:QUEST_PANKRATZI7_2015-08-24_12-36-14_00|270a1a39|#X64:/data/compiled/documents/w_quest.hdr
quest:QUEST_PANKRATZI7_2015-08-26_13-16-47_00|f1870340|#X64:/data/compiled/documents/w_quest.hdr
quest:QUEST_PANKRATZI7_2015-08-26_13-17-15_00|3e49ddbc|#X64:/data/compiled/documents/w_quest.hdr
quest:QUEST_PANKRATZI7_2015-08-26_13-17-38_00|3e6fb3e1|#X64:/data/compiled/documents/w_quest.hdr
quest:QUEST_PANKRATZI7_2015-08-26_15-08-12_00|a715c2bb|#X64:/data/compiled/documents/w_quest.hdr
quest:QUEST_PANKRATZI7_2015-09-04_12-44-32_00|0f2f4077|#X64:/data/compiled/documents/w_quest.hdr
quest:QUEST_PANKRATZI7_2015-09-04_15-33-37_00|e215a01d|#X64:/data/compiled/documents/w_quest.hdr
quest:QUEST_PANKRATZI7_2015-09-07_15-57-08_00|dc699c44|#X64:/data/compiled/documents/w_quest.hdr
quest:QUEST_PANKRATZI7_2015-09-24_11-17-52_00|a3f28b3a|#X64:/data/compiled/documents/w_quest.hdr
quest:QUEST_PANKRATZI7_2015-09-24_11-52-36_00|d3f4af7b|#X64:/data/compiled/documents/w_quest.hdr
quest:QUEST_PANKRATZI7_2015-09-24_11-52-53_00|d4173b5a|#X64:/data/compiled/documents/w_quest.hdr
quest:QUEST_PANKRATZI7_2015-09-24_11-53-10_00|20c770f4|#X64:/data/compiled/documents/w_quest.hdr
quest:QUEST_PANKRATZI7_2015-09-24_12-15-06_00|0db059d8|#X64:/data/compiled/documents/w_quest.hdr
quest:QUEST_PANKRATZI7_2015-09-25_12-32-17_00|4eb6fbba|#X64:/data/compiled/documents/w_quest.hdr
quest:QUEST_PANKRATZI7_2015-09-25_12-49-28_00|55e31ec4|#X64:/data/compiled/documents/w_quest.hdr
quest:QUEST_PANKRATZI7_2015-09-25_12-50-01_00|8d30c933|#X64:/data/compiled/documents/w_quest.hdr
quest:QUEST_PANKRATZI7_2015-09-25_12-50-21_00|8d54fa35|#X64:/data/compiled/documents/w_quest.hdr
quest:QUEST_PANKRATZI7_2015-09-28_14-11-10_00|1f677d55|#X64:/data/compiled/documents/w_quest.hdr
quest:QUEST_PANKRATZI7_2015-09-30_13-40-49_00|53ab549b|#X64:/data/compiled/documents/w_quest.hdr
quest:QUEST_PANKRATZI7_2015-10-01_13-23-26_00|248a74ad|#X64:/data/compiled/documents/w_quest.hdr
quest:QUEST_PANKRATZI7_2015-10-01_13-29-10_00|f2527e6c|#X64:/data/compiled/documents/w_quest.hdr
quest:QUEST_PANKRATZI7_2015-10-01_13-30-52_00|2a11ab4a|#X64:/data/compiled/documents/w_quest.hdr
quest:QUEST_PANKRATZI7_2015-10-01_13-33-23_00|10caa46b|#X64:/data/compiled/documents/w_quest.hdr
quest:QUEST_PANKRATZI7_2015-10-01_13-35-26_00|aac0c310|#X64:/data/compiled/documents/w_quest.hdr
quest:QUEST_PANKRATZI7_2015-10-01_13-38-41_00|91d0ec70|#X64:/data/compiled/documents/w_quest.hdr
quest:QUEST_PANKRATZI7_2015-10-01_13-40-55_00|1655254e|#X64:/data/compiled/documents/w_quest.hdr
quest:QUEST_PANKRATZI7_2015-10-01_13-43-28_00|fd0f3731|#X64:/data/compiled/documents/w_quest.hdr
quest:QUEST_PANKRATZI7_2015-10-01_13-45-16_00|96f07f70|#X64:/data/compiled/documents/w_quest.hdr
quest:QUEST_PANKRATZI7_2015-10-01_13-46-34_00|e40dd471|#X64:/data/compiled/documents/w_quest.hdr
quest:QUEST_PANKRATZI7_2015-10-01_13-51-35_00|4f6d05ee|#X64:/data/compiled/documents/w_quest.hdr
quest:QUEST_PANKRATZI7_2015-10-01_13-55-49_00|836a42f7|#X64:/data/compiled/documents/w_quest.hdr
quest:QUEST_PANKRATZI7_2015-10-01_13-57-10_00|1d23838d|#X64:/data/compiled/documents/w_quest.hdr
quest:QUEST_PANKRATZI7_2015-10-08_08-53-27_00|a3c1e29c|#X64:/data/compiled/documents/w_quest.hdr
quest:QUEST_PANKRATZI7_2015-10-20_11-54-09_00|5533ebb1|#X64:/data/compiled/documents/w_quest.hdr
quest:QUEST_PANKRATZI7_2015-11-03_14-08-22_00|7be59330|#X64:/data/compiled/documents/w_quest.hdr
quest:QUEST_PANKRATZI7_2015-11-06_13-31-52_00|101c3d71|#X64:/data/compiled/documents/w_quest.hdr
quest:QUEST_PANKRATZI7_2015-11-06_13-43-35_00|962ffff5|#X64:/data/compiled/documents/w_quest.hdr
quest:QUEST_PANKRATZI7_2015-11-23_16-02-23_00|2c9e488f|#X64:/data/compiled/documents/w_quest.hdr
quest:QUEST_PANKRATZI7_2015-11-24_09-58-50_00|6e1b897d|#X64:/data/compiled/documents/w_quest.hdr
quest:QUEST_PANKRATZI7_2015-11-24_13-27-47_00|c96adaba|#X64:/data/compiled/documents/w_quest.hdr
quest:QUEST_PANKRATZI7_2015-11-24_13-47-14_00|a1b695d6|#X64:/data/compiled/documents/w_quest.hdr
quest:QUEST_PANKRATZI7_2015-11-24_13-54-53_00|a7518a17|#X64:/data/compiled/documents/w_quest.hdr
quest:QUEST_PANKRATZI7_2015-11-24_13-57-54_00|8e40ccbb|#X64:/data/compiled/documents/w_quest.hdr
quest:QUEST_PANKRATZI7_2015-11-24_13-58-36_00|db17f13c|#X64:/data/compiled/documents/w_quest.hdr
quest:QUEST_PANKRATZI7_2015-11-24_13-59-05_00|27db5819|#X64:/data/compiled/documents/w_quest.hdr
quest:QUEST_PANKRATZI7_2015-11-24_14-00-56_00|da2ba4f2|#X64:/data/compiled/documents/w_quest.hdr
quest:QUEST_PANKRATZI7_2015-11-25_10-44-25_00|fe19da93|#X64:/data/compiled/documents/w_quest.hdr
quest:QUEST_PANKRATZI7_2015-12-09_09-34-49_00|8431a5c3|#X64:/data/compiled/documents/w_quest.hdr
quest:QUEST_PANKRATZI7_2015-12-09_10-22-12_00|5ebed24e|#X64:/data/compiled/documents/w_quest.hdr
quest:QUEST_PANKRATZI7_2015-12-10_13-05-49_00|ea6c9674|#X64:/data/compiled/documents/w_quest.hdr
quest:QUEST_PANKRATZI7_2015-12-14_16-14-56_00|d3607b59|#X64:/data/compiled/documents/w_quest.hdr
quest:QUEST_PANKRATZI7_2015-12-16_15-33-38_00|f97a51fb|#X64:/data/compiled/documents/w_quest.hdr
quest:QUEST_PANKRATZI7_2015-12-16_15-41-28_00|4bb594d9|#X64:/data/compiled/documents/w_quest.hdr
quest:QUEST_PANKRATZI7_2015-12-16_15-42-01_00|9887c9f1|#X64:/data/compiled/documents/w_quest.hdr
quest:QUEST_PANKRATZI7_2015-12-16_15-42-20_00|98ab6e92|#X64:/data/compiled/documents/w_quest.hdr
quest:QUEST_PANKRATZI7_2015-12-16_15-42-50_00|98e1b815|#X64:/data/compiled/documents/w_quest.hdr
quest:QUEST_PANKRATZI7_2015-12-16_15-43-00_00|e5817a51|#X64:/data/compiled/documents/w_quest.hdr
quest:QUEST_PANKRATZI7_2015-12-16_15-43-32_00|e5b8dc96|#X64:/data/compiled/documents/w_quest.hdr
quest:QUEST_PANKRATZI7_2015-12-16_15-44-35_00|32b4be7a|#X64:/data/compiled/documents/w_quest.hdr
quest:QUEST_PANKRATZI7_2016-01-06_13-34-19_00|14c6ec97|#X64:/data/compiled/documents/w_quest.hdr
quest:QUEST_PANKRATZI7_2016-01-08_15-38-15_00|ef80e35b|#X64:/data/compiled/documents/w_quest.hdr
quest:QUEST_PANKRATZI7_2016-01-08_15-38-50_00|efc6877a|#X64:/data/compiled/documents/w_quest.hdr
quest:QUEST_PANKRATZI7_2016-01-08_15-39-17_00|3c7c38de|#X64:/data/compiled/documents/w_quest.hdr
quest:QUEST_PANKRATZI7_2016-01-08_15-39-49_00|3cb39b23|#X64:/data/compiled/documents/w_quest.hdr
quest:QUEST_PANKRATZI7_2016-01-15_15-45-20_00|420679b3|#X64:/data/compiled/documents/w_quest.hdr
quest:QUEST_PANKRATZI7_2016-01-15_15-47-00_00|dbd6c233|#X64:/data/compiled/documents/w_quest.hdr
quest:QUEST_PANKRATZI7_2016-01-25_12-47-44_00|0b41dbf9|#X64:/data/compiled/documents/w_quest.hdr
quest:QUEST_PANKRATZI7_2016-01-25_12-49-41_00|a534b058|#X64:/data/compiled/documents/w_quest.hdr
quest:QUEST_PANKRATZI7_2016-01-25_12-51-51_00|29b6b7b2|#X64:/data/compiled/documents/w_quest.hdr
quest:QUEST_PANKRATZI7_2016-01-25_12-57-03_00|f73ac275|#X64:/data/compiled/documents/w_quest.hdr
quest:QUEST_PANKRATZI7_2016-01-25_12-57-24_00|f75f7fd8|#X64:/data/compiled/documents/w_quest.hdr
quest:QUEST_PANKRATZI7_2016-01-25_13-01-31_00|9053ef6c|#X64:/data/compiled/documents/w_quest.hdr
quest:QUEST_PANKRATZI7_2016-01-25_13-01-59_00|907c8376|#X64:/data/compiled/documents/w_quest.hdr
quest:QUEST_PANKRATZI7_2016-01-25_13-02-23_00|dd3d2c6e|#X64:/data/compiled/documents/w_quest.hdr
quest:QUEST_PANKRATZI7_2016-01-29_16-43-39_00|24eff8e1|#X64:/data/compiled/documents/w_quest.hdr
quest:QUEST_PANKRATZI7_2016-02-05_15-40-20_00|9218362e|#X64:/data/compiled/documents/w_quest.hdr
quest:QUEST_PANKRATZI7_2016-02-08_13-20-13_00|9f8c134f|#X64:/data/compiled/documents/w_quest.hdr
quest:QUEST_PANKRATZI7_2016-02-11_07-45-26_00|937b30d7|#X64:/data/compiled/documents/w_quest.hdr
quest:QUEST_PANKRATZI7_2016-03-03_09-46-26_00|583d8f1c|#X64:/data/compiled/documents/w_quest.hdr
quest:QUEST_PANKRATZI7_2016-03-03_09-46-57_00|58746500|#X64:/data/compiled/documents/w_quest.hdr
quest:QUEST_PANKRATZI7_2016-03-03_09-47-21_00|a5350df8|#X64:/data/compiled/documents/w_quest.hdr
quest:QUEST_PANKRATZI7_2016-03-03_09-47-37_00|a54a70bf|#X64:/data/compiled/documents/w_quest.hdr
quest:QUEST_PANKRATZI7_2016-03-03_09-47-58_00|a56f2e22|#X64:/data/compiled/documents/w_quest.hdr
quest:QUEST_PANKRATZI7_2016-03-03_09-48-13_00|f21e4afa|#X64:/data/compiled/documents/w_quest.hdr
quest:QUEST_PANKRATZI7_2016-03-03_09-48-28_00|f2332160|#X64:/data/compiled/documents/w_quest.hdr
quest:QUEST_PANKRATZI7_2016-03-03_09-48-45_00|f255ad3f|#X64:/data/compiled/documents/w_quest.hdr
quest:QUEST_PANKRATZI7_2016-03-03_09-49-10_00|3f16e298|#X64:/data/compiled/documents/w_quest.hdr
quest:QUEST_PANKRATZI7_2016-03-03_09-49-26_00|3f2c455f|#X64:/data/compiled/documents/w_quest.hdr
quest:QUEST_PANKRATZI7_2016-03-03_09-49-59_00|3f643405|#X64:/data/compiled/documents/w_quest.hdr
quest:QUEST_PANKRATZI7_2016-03-03_09-50-08_00|767edf37|#X64:/data/compiled/documents/w_quest.hdr
quest:QUEST_PANKRATZI7_2016-03-03_09-50-22_00|769fc5f3|#X64:/data/compiled/documents/w_quest.hdr
quest:QUEST_PANKRATZI7_2016-03-03_09-50-38_00|76b528ba|#X64:/data/compiled/documents/w_quest.hdr
quest:QUEST_PANKRATZI7_2016-03-03_09-50-51_00|76d58315|#X64:/data/compiled/documents/w_quest.hdr
quest:QUEST_PANKRATZI7_2016-03-03_09-51-05_00|c37776d5|#X64:/data/compiled/documents/w_quest.hdr
quest:QUEST_PANKRATZI7_2016-03-03_09-51-19_00|c38bc0da|#X64:/data/compiled/documents/w_quest.hdr
quest:QUEST_PANKRATZI7_2016-03-03_09-51-36_00|c3ae4cb9|#X64:/data/compiled/documents/w_quest.hdr
quest:QUEST_PANKRATZI7_2016-03-03_09-51-50_00|c3cf3375|#X64:/data/compiled/documents/w_quest.hdr
quest:QUEST_PANKRATZI7_2016-03-03_09-52-04_00|10712735|#X64:/data/compiled/documents/w_quest.hdr
quest:QUEST_PANKRATZI7_2016-03-15_15-02-55_00|c2b3c316|#X64:/data/compiled/documents/w_quest.hdr
quest:QUEST_PANKRATZI7_2016-03-15_15-03-05_00|0f538552|#X64:/data/compiled/documents/w_quest.hdr
quest:QUEST_PANKRATZI7_2016-03-15_15-03-12_00|0f63f8b0|#X64:/data/compiled/documents/w_quest.hdr
quest:QUEST_PANKRATZI7_2016-03-15_15-03-19_00|0f67cf57|#X64:/data/compiled/documents/w_quest.hdr
quest:QUEST_PANKRATZI7_2016-03-15_15-03-28_00|0f795b77|#X64:/data/compiled/documents/w_quest.hdr
quest:QUEST_PANKRATZI7_2016-03-15_15-03-54_00|0fad7376|#X64:/data/compiled/documents/w_quest.hdr
quest:QUEST_PANKRATZI7_2016-03-17_07-37-16_00|298b1bde|#X64:/data/compiled/documents/w_quest.hdr
quest:QUEST_PANKRATZI7_2016-04-06_12-07-11_00|5780a1b1|#X64:/data/compiled/documents/w_quest.hdr
quest:QUEST_PANKRATZI7_2016-04-06_12-07-20_00|57922dd1|#X64:/data/compiled/documents/w_quest.hdr
quest:QUEST_PANKRATZI7_2016-04-06_12-07-24_00|57945f55|#X64:/data/compiled/documents/w_quest.hdr
quest:QUEST_PANKRATZI7_2016-04-06_12-07-29_00|57971d3a|#X64:/data/compiled/documents/w_quest.hdr
quest:QUEST_PANKRATZI7_2016-05-23_07-36-07_00|f2adb25c|#X64:/data/compiled/documents/w_quest.hdr
quest:QUEST_PANKRATZI7_2016-05-23_09-46-08_00|e70535e0|#X64:/data/compiled/documents/w_quest.hdr
quest:QUEST_PANKRATZI7_2017-01-12_06-40-24_00|0290a110|#X64:/data/compiled/documents/w_quest.hdr
quest:QUEST_PANKRATZI7_2017-04-26_14-44-12_00|5109c718|#X64:/data/compiled/documents/w_quest.hdr
quest:QUEST_PANKRATZI7_2017-04-27_06-22-10_00|b0a80194|#X64:/data/compiled/documents/w_quest.hdr
quest:QUEST_PANKRATZI7_2017-05-11_10-19-49_00|4151109b|#X64:/data/compiled/documents/w_quest.hdr
quest:QUEST_WEIDMANNFX8_2016-05-25_06-37-37_00|67017b7f|#X64:/data/compiled/documents/w_quest.hdr
quest:QUEST_WEIDMANNFX8_2016-06-15_13-37-51_00|b1545059|#X64:/data/compiled/documents/w_quest.hdr
quest:QUEST_WEIDMANNI5_2016-09-27_11-50-54_00|3d3d4403|#X64:/data/compiled/documents/w_quest.hdr
quest:QUEST_WEIDMANNI5_2017-01-06_09-28-31_00|046d6380|#X64:/data/compiled/documents/w_quest.hdr
quest:QUEST_WEIDMANNI5_2017-02-15_14-38-27_00|59de9fc3|#X64:/data/compiled/documents/w_quest.hdr
quest:QUEST_WEIDMANNX6_2015-01-15_12-00-32_00|9badd4ff|#X64:/data/compiled/documents/w_quest.hdr
quest:QUEST_WEIDMANNX6_2015-01-16_07-18-54_00|ce1e0391|#X64:/data/compiled/documents/w_quest.hdr
quest:QUEST_WEIDMANNX6_2015-01-16_09-46-05_00|00aa3cd0|#X64:/data/compiled/documents/w_quest.hdr
quest:QUEST_WEIDMANNX6_2015-01-19_09-55-58_00|8e6b111b|#X64:/data/compiled/documents/w_quest.hdr
quest:QUEST_WEIDMANNX6_2015-01-20_09-30-30_00|a5c487a2|#X64:/data/compiled/documents/w_quest.hdr
quest:QUEST_WEIDMANNX6_2015-01-20_14-20-20_00|2a9879dc|#X64:/data/compiled/documents/w_quest.hdr
quest:QUEST_WEIDMANNX6_2015-01-22_11-22-03_00|5708c71e|#X64:/data/compiled/documents/w_quest.hdr
quest:QUEST_WEIDMANNX6_2015-01-22_11-22-15_00|571bf861|#X64:/data/compiled/documents/w_quest.hdr
quest:QUEST_WEIDMANNX6_2015-01-22_11-22-28_00|572fb605|#X64:/data/compiled/documents/w_quest.hdr
quest:QUEST_WEIDMANNX6_2015-01-22_13-37-59_00|cca0b2d1|#X64:/data/compiled/documents/w_quest.hdr
quest:QUEST_WEIDMANNX6_2015-01-29_13-34-05_00|10ee930c|#X64:/data/compiled/documents/w_quest.hdr
quest:QUEST_WEIDMANNX6_2015-01-29_13-37-40_00|f822ed6e|#X64:/data/compiled/documents/w_quest.hdr
quest:QUEST_WEIDMANNX6_2015-02-04_13-10-17_00|0d6eaaa3|#X64:/data/compiled/documents/w_quest.hdr
quest:QUEST_WEIDMANNX6_2015-02-05_09-21-00_00|28d68823|#X64:/data/compiled/documents/w_quest.hdr
quest:QUEST_WEIDMANNX6_2015-02-05_09-22-00_00|75d0c4e4|#X64:/data/compiled/documents/w_quest.hdr
quest:QUEST_WEIDMANNX6_2015-02-05_09-41-34_00|0192acec|#X64:/data/compiled/documents/w_quest.hdr
quest:QUEST_WEIDMANNX6_2015-02-05_09-48-17_00|1c47ca54|#X64:/data/compiled/documents/w_quest.hdr
quest:QUEST_WEIDMANNX6_2015-02-05_09-51-23_00|edc1dceb|#X64:/data/compiled/documents/w_quest.hdr
quest:QUEST_WEIDMANNX6_2015-02-06_12-52-17_00|f31df98a|#X64:/data/compiled/documents/w_quest.hdr
quest:QUEST_WEIDMANNX6_2015-02-09_11-51-00_00|90205903|#X64:/data/compiled/documents/w_quest.hdr
quest:QUEST_WEIDMANNX6_2015-02-13_12-39-10_00|82913f86|#X64:/data/compiled/documents/w_quest.hdr
quest:QUEST_WEIDMANNX6_2015-02-13_12-39-43_00|82c92e2c|#X64:/data/compiled/documents/w_quest.hdr
quest:QUEST_WEIDMANNX6_2015-02-13_12-40-12_00|ba080a60|#X64:/data/compiled/documents/w_quest.hdr
quest:QUEST_WEIDMANNX6_2015-02-13_12-40-32_00|ba2c3b62|#X64:/data/compiled/documents/w_quest.hdr
quest:QUEST_WEIDMANNX6_2015-02-16_13-59-26_00|4d51f9b3|#X64:/data/compiled/documents/w_quest.hdr
quest:QUEST_WEIDMANNX6_2015-02-16_14-03-58_00|e66d582e|#X64:/data/compiled/documents/w_quest.hdr
quest:QUEST_WEIDMANNX6_2015-02-16_14-05-52_00|805e876a|#X64:/data/compiled/documents/w_quest.hdr
quest:QUEST_WEIDMANNX6_2015-02-23_13-03-26_00|2f4e81e6|#X64:/data/compiled/documents/w_quest.hdr
quest:QUEST_WEIDMANNX6_2015-02-24_13-12-59_00|1e2d122d|#X64:/data/compiled/documents/w_quest.hdr
quest:QUEST_WEIDMANNX6_2015-02-24_13-28-09_00|d7f1d90f|#X64:/data/compiled/documents/w_quest.hdr
quest:QUEST_WEIDMANNX6_2015-02-25_13-36-27_00|79c1562f|#X64:/data/compiled/documents/w_quest.hdr
quest:QUEST_WEIDMANNX6_2015-03-20_11-28-17_00|9ea6b669|#X64:/data/compiled/documents/w_quest.hdr
quest:QUEST_WEIDMANNX6_2015-03-20_11-30-12_00|2313e75d|#X64:/data/compiled/documents/w_quest.hdr
quest:QUEST_WEIDMANNX6_2015-03-25_14-19-39_00|987f4af5|#X64:/data/compiled/documents/w_quest.hdr
quest:QUEST_WEIDMANNX6_2015-03-26_09-23-05_00|94e2622e|#X64:/data/compiled/documents/w_quest.hdr
quest:QUEST_WEIDMANNX6_2015-04-02_11-29-26_00|202544eb|#X64:/data/compiled/documents/w_quest.hdr
quest:QUEST_WEIDMANNX6_2015-04-08_08-00-11_00|05e81da6|#X64:/data/compiled/documents/w_quest.hdr
quest:QUEST_WEIDMANNX6_2015-04-08_10-52-40_00|a263a8e8|#X64:/data/compiled/documents/w_quest.hdr
quest:QUEST_WEIDMANNX6_2015-04-08_11-19-43_00|104034ef|#X64:/data/compiled/documents/w_quest.hdr
quest:QUEST_WEIDMANNX6_2015-04-09_07-55-51_00|6fb15034|#X64:/data/compiled/documents/w_quest.hdr
quest:QUEST_WEIDMANNX6_2015-04-09_08-36-40_00|e81fcf72|#X64:/data/compiled/documents/w_quest.hdr
quest:QUEST_WEIDMANNX6_2015-04-09_11-43-39_00|56788252|#X64:/data/compiled/documents/w_quest.hdr
quest:QUEST_WEIDMANNX6_2015-04-14_10-05-08_00|e9894b67|#X64:/data/compiled/documents/w_quest.hdr
quest:QUEST_WEIDMANNX6_2015-04-16_12-05-12_00|906b4ee6|#X64:/data/compiled/documents/w_quest.hdr
quest:QUEST_WEIDMANNX6_2015-04-16_12-14-48_00|2fec7acf|#X64:/data/compiled/documents/w_quest.hdr
quest:QUEST_WEIDMANNX6_2015-04-16_12-44-52_00|f4c0c7ad|#X64:/data/compiled/documents/w_quest.hdr
quest:QUEST_WEIDMANNX6_2015-04-16_13-05-58_00|94c18c51|#X64:/data/compiled/documents/w_quest.hdr
quest:QUEST_WEIDMANNX6_2015-04-16_13-33-57_00|bf920511|#X64:/data/compiled/documents/w_quest.hdr
quest:QUEST_WEIDMANNX6_2015-04-21_08-29-19_00|de237df4|#X64:/data/compiled/documents/w_quest.hdr
quest:QUEST_WEIDMANNX6_2015-04-21_08-32-48_00|afc366b0|#X64:/data/compiled/documents/w_quest.hdr
quest:QUEST_WEIDMANNX6_2015-04-22_13-56-08_00|7c6e8a8f|#X64:/data/compiled/documents/w_quest.hdr
quest:QUEST_WEIDMANNX6_2015-05-07_11-27-19_00|1f30ad71|#X64:/data/compiled/documents/w_quest.hdr
quest:QUEST_WEIDMANNX6_2015-05-07_12-37-42_00|0faf864f|#X64:/data/compiled/documents/w_quest.hdr
quest:QUEST_WEIDMANNX6_2015-05-07_12-39-58_00|a9b96298|#X64:/data/compiled/documents/w_quest.hdr
quest:QUEST_WEIDMANNX6_2015-05-07_12-54-14_00|010f490d|#X64:/data/compiled/documents/w_quest.hdr
quest:QUEST_WEIDMANNX6_2015-05-07_15-07-46_00|570bec93|#X64:/data/compiled/documents/w_quest.hdr
quest:QUEST_WEIDMANNX6_2015-05-08_08-49-50_00|78388f77|#X64:/data/compiled/documents/w_quest.hdr
quest:QUEST_WEIDMANNX6_2015-05-18_13-39-16_00|3819bc15|#X64:/data/compiled/documents/w_quest.hdr
quest:QUEST_WEIDMANNX6_2015-05-18_13-41-01_00|bc74d488|#X64:/data/compiled/documents/w_quest.hdr
quest:QUEST_WEIDMANNX6_2015-05-18_13-41-43_00|bcbe4f4e|#X64:/data/compiled/documents/w_quest.hdr
quest:QUEST_WEIDMANNX6_2015-05-18_13-43-53_00|56c4e151|#X64:/data/compiled/documents/w_quest.hdr
quest:QUEST_WEIDMANNX6_2015-05-19_13-13-01_00|e102d8e8|#X64:/data/compiled/documents/w_quest.hdr
quest:QUEST_WEIDMANNX6_2015-05-22_11-16-22_00|cfa82166|#X64:/data/compiled/documents/w_quest.hdr
quest:QUEST_WEIDMANNX6_2015-06-02_13-06-29_00|8133f80d|#X64:/data/compiled/documents/w_quest.hdr
quest:QUEST_WEIDMANNX6_2015-06-02_13-06-56_00|81689c6d|#X64:/data/compiled/documents/w_quest.hdr
quest:QUEST_WEIDMANNX6_2015-06-04_08-36-20_00|738abaad|#X64:/data/compiled/documents/w_quest.hdr
quest:QUEST_WEIDMANNX6_2015-06-04_12-06-43_00|1c0860aa|#X64:/data/compiled/documents/w_quest.hdr
quest:QUEST_WEIDMANNX6_2015-06-04_12-13-53_00|216d97c9|#X64:/data/compiled/documents/w_quest.hdr
quest:QUEST_WEIDMANNX6_2015-06-04_12-14-10_00|6e1dcd63|#X64:/data/compiled/documents/w_quest.hdr
quest:QUEST_WEIDMANNX6_2015-06-05_13-51-24_00|8bb44f4b|#X64:/data/compiled/documents/w_quest.hdr
quest:QUEST_WEIDMANNX6_2015-06-05_13-51-56_00|8bebb190|#X64:/data/compiled/documents/w_quest.hdr
quest:QUEST_WEIDMANNX6_2015-06-12_07-55-23_00|978d624f|#X64:/data/compiled/documents/w_quest.hdr
quest:QUEST_WEIDMANNX6_2015-06-24_12-12-11_00|4aaa5384|#X64:/data/compiled/documents/w_quest.hdr
quest:QUEST_WEIDMANNX6_2015-06-24_12-25-12_00|1ddb6b09|#X64:/data/compiled/documents/w_quest.hdr
quest:QUEST_WEIDMANNX6_2015-06-24_12-36-25_00|572b3a4f|#X64:/data/compiled/documents/w_quest.hdr
quest:QUEST_WEIDMANNX6_2015-06-24_12-38-14_00|f10d0eef|#X64:/data/compiled/documents/w_quest.hdr
quest:QUEST_WEIDMANNX6_2015-06-25_12-51-24_00|fe2a316c|#X64:/data/compiled/documents/w_quest.hdr
quest:QUEST_WEIDMANNX6_2015-06-29_13-51-11_00|3f9d2aed|#X64:/data/compiled/documents/w_quest.hdr
quest:QUEST_WEIDMANNX6_2015-07-07_09-15-58_00|4ca4543a|#X64:/data/compiled/documents/w_quest.hdr
quest:QUEST_WEIDMANNX6_2015-07-07_10-15-39_00|ad7e4ab1|#X64:/data/compiled/documents/w_quest.hdr
quest:QUEST_WEIDMANNX6_2015-07-07_10-17-16_00|474cee0e|#X64:/data/compiled/documents/w_quest.hdr
quest:QUEST_WEIDMANNX6_2015-07-07_10-17-53_00|4793aaef|#X64:/data/compiled/documents/w_quest.hdr
quest:QUEST_WEIDMANNX6_2015-07-07_10-18-27_00|9459cfb1|#X64:/data/compiled/documents/w_quest.hdr
quest:QUEST_WEIDMANNX6_2015-07-22_11-20-11_00|066430a1|#X64:/data/compiled/documents/w_quest.hdr
quest:QUEST_WEIDMANNX6_2015-07-22_11-24-06_00|3a3dc909|#X64:/data/compiled/documents/w_quest.hdr
quest:QUEST_WEIDMANNX6_2015-07-22_11-36-25_00|c097bc0d|#X64:/data/compiled/documents/w_quest.hdr
quest:QUEST_WEIDMANNX6_2015-07-22_11-37-40_00|0db36beb|#X64:/data/compiled/documents/w_quest.hdr
quest:QUEST_WEIDMANNX6_2015-07-27_07-38-45_00|7a6e479b|#X64:/data/compiled/documents/w_quest.hdr
quest:QUEST_WEIDMANNX6_2015-07-27_08-11-58_00|8b314357|#X64:/data/compiled/documents/w_quest.hdr
quest:QUEST_WEIDMANNX6_2015-07-27_08-15-31_00|bef22eb2|#X64:/data/compiled/documents/w_quest.hdr
quest:QUEST_WEIDMANNX6_2015-08-26_13-37-08_00|5f35db16|#X64:/data/compiled/documents/w_quest.hdr
quest:QUEST_WEIDMANNX6_2015-08-26_13-37-56_00|5f8f3cd9|#X64:/data/compiled/documents/w_quest.hdr
quest:QUEST_WEIDMANNX6_2015-08-26_13-43-50_00|17e4d470|#X64:/data/compiled/documents/w_quest.hdr
quest:QUEST_WEIDMANNX6_2015-08-31_12-40-20_00|db1a4da5|#X64:/data/compiled/documents/w_quest.hdr
quest:QUEST_WEIDMANNX6_2015-09-01_13-21-49_00|ae390b2e|#X64:/data/compiled/documents/w_quest.hdr
quest:QUEST_WEIDMANNX6_2015-09-01_13-28-57_00|c921b434|#X64:/data/compiled/documents/w_quest.hdr
quest:QUEST_WEIDMANNX6_2015-09-01_13-29-36_00|15f73392|#X64:/data/compiled/documents/w_quest.hdr
quest:QUEST_WEIDMANNX6_2015-09-07_14-18-19_00|bcdd6038|#X64:/data/compiled/documents/w_quest.hdr
quest:QUEST_WEIDMANNX6_2015-09-08_10-49-52_00|0e166bf6|#X64:/data/compiled/documents/w_quest.hdr
quest:QUEST_WEIDMANNX6_2015-09-09_14-02-40_00|a1ad8bed|#X64:/data/compiled/documents/w_quest.hdr
quest:QUEST_WEIDMANNX6_2015-09-10_09-41-54_00|058ff131|#X64:/data/compiled/documents/w_quest.hdr
quest:QUEST_WEIDMANNX6_2015-09-11_11-43-02_00|53900d26|#X64:/data/compiled/documents/w_quest.hdr
quest:QUEST_WEIDMANNX6_2015-09-11_12-02-02_00|59990e02|#X64:/data/compiled/documents/w_quest.hdr
quest:QUEST_WEIDMANNX6_2015-09-11_12-10-56_00|ac43156a|#X64:/data/compiled/documents/w_quest.hdr
quest:QUEST_WEIDMANNX6_2015-09-15_09-54-13_00|6552bd75|#X64:/data/compiled/documents/w_quest.hdr
quest:QUEST_WEIDMANNX6_2015-09-15_11-37-45_00|d8fd5874|#X64:/data/compiled/documents/w_quest.hdr
quest:QUEST_WEIDMANNX6_2015-09-17_14-29-10_00|3154bc12|#X64:/data/compiled/documents/w_quest.hdr
quest:QUEST_WEIDMANNX6_2015-09-17_14-31-01_00|b5b31ecb|#X64:/data/compiled/documents/w_quest.hdr
quest:QUEST_WEIDMANNX6_2015-09-17_14-33-00_00|4fa70bec|#X64:/data/compiled/documents/w_quest.hdr
quest:QUEST_WEIDMANNX6_2015-09-17_14-33-23_00|4fcce211|#X64:/data/compiled/documents/w_quest.hdr
quest:QUEST_WEIDMANNX6_2015-09-22_08-58-40_00|e288e0d6|#X64:/data/compiled/documents/w_quest.hdr
quest:QUEST_WEIDMANNX6_2015-09-22_09-01-23_00|2e50146c|#X64:/data/compiled/documents/w_quest.hdr
quest:QUEST_WEIDMANNX6_2015-10-01_09-34-55_00|3957bbec|#X64:/data/compiled/documents/w_quest.hdr
quest:QUEST_WEIDMANNX6_2015-10-07_11-50-27_00|1effa728|#X64:/data/compiled/documents/w_quest.hdr
quest:QUEST_WEIDMANNX6_2015-10-09_08-48-39_00|d04e3f3a|#X64:/data/compiled/documents/w_quest.hdr
quest:QUEST_WEIDMANNX6_2015-10-12_07-25-31_00|1c73e226|#X64:/data/compiled/documents/w_quest.hdr
quest:QUEST_WEIDMANNX6_2015-10-12_07-28-39_00|0366fb71|#X64:/data/compiled/documents/w_quest.hdr
quest:QUEST_WEIDMANNX6_2015-10-12_07-29-23_00|504bd56b|#X64:/data/compiled/documents/w_quest.hdr
quest:QUEST_WEIDMANNX6_2015-10-12_07-29-55_00|508337b0|#X64:/data/compiled/documents/w_quest.hdr
quest:QUEST_WEIDMANNX6_2015-10-12_14-27-01_00|2f6f1403|#X64:/data/compiled/documents/w_quest.hdr
quest:QUEST_WEIDMANNX6_2015-10-21_14-10-41_00|147f27ff|#X64:/data/compiled/documents/w_quest.hdr
quest:QUEST_WEIDMANNX6_2015-10-23_11-54-37_00|8bfeffeb|#X64:/data/compiled/documents/w_quest.hdr
quest:QUEST_WEIDMANNX6_2015-10-23_12-00-24_00|bec3b7ff|#X64:/data/compiled/documents/w_quest.hdr
quest:QUEST_WEIDMANNX6_2015-10-23_12-04-01_00|f286d4de|#X64:/data/compiled/documents/w_quest.hdr
quest:QUEST_WEIDMANNX6_2015-10-26_08-55-49_00|5e16cd18|#X64:/data/compiled/documents/w_quest.hdr
quest:QUEST_WEIDMANNX6_2015-10-27_10-07-25_00|0f02f169|#X64:/data/compiled/documents/w_quest.hdr
quest:QUEST_WEIDMANNX6_2015-10-27_10-08-56_00|5c34040e|#X64:/data/compiled/documents/w_quest.hdr
quest:QUEST_WEIDMANNX6_2015-10-27_10-10-25_00|e06d1d03|#X64:/data/compiled/documents/w_quest.hdr
quest:QUEST_WEIDMANNX6_2015-10-29_11-03-15_00|7dd08a07|#X64:/data/compiled/documents/w_quest.hdr
quest:QUEST_WEIDMANNX6_2015-11-02_14-50-03_00|aa52ee61|#X64:/data/compiled/documents/w_quest.hdr
quest:QUEST_WEIDMANNX6_2015-11-02_14-52-41_00|448eb125|#X64:/data/compiled/documents/w_quest.hdr
quest:QUEST_WEIDMANNX6_2015-11-12_09-05-36_00|583d3e6c|#X64:/data/compiled/documents/w_quest.hdr
quest:QUEST_WEIDMANNX6_2015-12-10_08-28-36_00|811c202f|#X64:/data/compiled/documents/w_quest.hdr
quest:QUEST_WEIDMANNX6_2016-01-06_10-05-08_00|d9421966|#X64:/data/compiled/documents/w_quest.hdr
quest:QUEST_WEIDMANNX6_2016-01-06_11-45-17_00|8e658a2b|#X64:/data/compiled/documents/w_quest.hdr
quest:QUEST_WEIDMANNX6_2016-01-06_11-49-03_00|c23a332a|#X64:/data/compiled/documents/w_quest.hdr
quest:QUEST_WEIDMANNX6_2016-01-07_12-58-23_00|b50f96ee|#X64:/data/compiled/documents/w_quest.hdr
quest:QUEST_WEIDMANNX6_2016-01-07_13-00-26_00|b400bec5|#X64:/data/compiled/documents/w_quest.hdr
quest:QUEST_WEIDMANNX6_2016-01-07_13-01-17_00|00e96f66|#X64:/data/compiled/documents/w_quest.hdr
quest:QUEST_WEIDMANNX6_2016-01-07_13-01-23_00|00f95663|#X64:/data/compiled/documents/w_quest.hdr
quest:QUEST_WEIDMANNX6_2016-01-07_13-02-26_00|4df53847|#X64:/data/compiled/documents/w_quest.hdr
quest:QUEST_WEIDMANNX6_2016-01-08_11-33-26_00|a6fedaea|#X64:/data/compiled/documents/w_quest.hdr
quest:QUEST_WEIDMANNX6_2016-01-11_11-07-43_00|25ebd244|#X64:/data/compiled/documents/w_quest.hdr
quest:QUEST_WEIDMANNX6_2016-01-11_11-08-17_00|72b1f706|#X64:/data/compiled/documents/w_quest.hdr
quest:QUEST_WEIDMANNX6_2016-01-11_11-11-21_00|442af0db|#X64:/data/compiled/documents/w_quest.hdr
quest:QUEST_WEIDMANNX6_2016-01-13_09-46-18_00|c37b4432|#X64:/data/compiled/documents/w_quest.hdr
quest:QUEST_WEIDMANNX6_2016-01-13_13-05-21_00|32a54442|#X64:/data/compiled/documents/w_quest.hdr
quest:QUEST_WEIDMANNX6_2016-01-18_08-35-13_00|130d130f|#X64:/data/compiled/documents/w_quest.hdr
quest:QUEST_WEIDMANNX6_2016-01-18_08-44-55_00|b29e25f5|#X64:/data/compiled/documents/w_quest.hdr
quest:QUEST_WEIDMANNX6_2016-01-18_08-44-55_01|b29e25f6|#X64:/data/compiled/documents/w_quest.hdr
quest:QUEST_WEIDMANNX6_2016-01-18_08-44-55_02|b29e25f7|#X64:/data/compiled/documents/w_quest.hdr
quest:QUEST_WEIDMANNX6_2016-01-25_14-50-20_00|2d138e45|#X64:/data/compiled/documents/w_quest.hdr
quest:QUEST_WEIDMANNX6_2016-01-25_14-51-28_00|7a122e0e|#X64:/data/compiled/documents/w_quest.hdr
quest:QUEST_WEIDMANNX6_2016-01-25_14-55-01_00|add31969|#X64:/data/compiled/documents/w_quest.hdr
quest:QUEST_WEIDMANNX6_2016-01-27_14-22-17_00|a0f25a4c|#X64:/data/compiled/documents/w_quest.hdr
quest:QUEST_WEIDMANNX6_2016-01-27_14-26-28_00|d4edf232|#X64:/data/compiled/documents/w_quest.hdr
quest:QUEST_WEIDMANNX6_2016-01-29_09-18-13_00|b021f3d3|#X64:/data/compiled/documents/w_quest.hdr
quest:QUEST_WEIDMANNX6_2016-01-29_09-41-54_00|5a58b794|#X64:/data/compiled/documents/w_quest.hdr
quest:QUEST_WEIDMANNX6_2016-01-29_09-42-08_00|a6faab54|#X64:/data/compiled/documents/w_quest.hdr
quest:QUEST_WEIDMANNX6_2016-01-29_09-42-08_01|a6faab55|#X64:/data/compiled/documents/w_quest.hdr
quest:QUEST_WEIDMANNX6_2016-01-29_09-42-08_02|a6faab56|#X64:/data/compiled/documents/w_quest.hdr
quest:QUEST_WEIDMANNX6_2016-01-29_11-47-48_00|8d2e6956|#X64:/data/compiled/documents/w_quest.hdr
quest:QUEST_WEIDMANNX6_2016-01-30_10-52-45_00|6569bc46|#X64:/data/compiled/documents/w_quest.hdr
quest:QUEST_WEIDMANNX6_2016-02-01_10-31-43_00|e9be3f80|#X64:/data/compiled/documents/w_quest.hdr
quest:QUEST_WEIDMANNX6_2016-02-01_14-47-31_00|b3f49428|#X64:/data/compiled/documents/w_quest.hdr
quest:QUEST_WEIDMANNX6_2016-02-01_14-50-38_00|85629669|#X64:/data/compiled/documents/w_quest.hdr
quest:QUEST_WEIDMANNX6_2016-02-01_15-00-27_00|ec115a43|#X64:/data/compiled/documents/w_quest.hdr
quest:QUEST_WEIDMANNX6_2016-02-25_09-51-28_00|151f7453|#X64:/data/compiled/documents/w_quest.hdr
quest:QUEST_WEIDMANNX6_2016-02-25_09-55-53_00|493bf2f5|#X64:/data/compiled/documents/w_quest.hdr
quest:QUEST_WEIDMANNX6_2016-02-25_09-56-01_00|95da9c6f|#X64:/data/compiled/documents/w_quest.hdr
quest:QUEST_WEIDMANNX6_2016-02-25_09-56-09_00|95deff77|#X64:/data/compiled/documents/w_quest.hdr
quest:QUEST_WEIDMANNX6_2016-02-25_09-56-18_00|95f08b97|#X64:/data/compiled/documents/w_quest.hdr
quest:QUEST_WEIDMANNX6_2016-02-26_09-13-50_00|4d9d8a4d|#X64:/data/compiled/documents/w_quest.hdr
quest:QUEST_WEIDMANNX6_2016-03-04_08-50-35_00|0a80c2ed|#X64:/data/compiled/documents/w_quest.hdr
quest:QUEST_WEIDMANNX6_2016-03-04_08-51-54_00|579ea44f|#X64:/data/compiled/documents/w_quest.hdr
quest:QUEST_WEIDMANNX6_2016-03-04_10-14-47_00|f27dbfe9|#X64:/data/compiled/documents/w_quest.hdr
quest:QUEST_WEIDMANNX6_2016-03-08_10-38-15_00|3c2f206e|#X64:/data/compiled/documents/w_quest.hdr
quest:QUEST_WEIDMANNX6_2016-03-08_10-38-23_00|3c40202d|#X64:/data/compiled/documents/w_quest.hdr
quest:QUEST_WEIDMANNX6_2016-03-09_09-28-49_00|3e8734fd|#X64:/data/compiled/documents/w_quest.hdr
quest:QUEST_WEIDMANNX6_2016-03-09_09-34-27_00|f6bacd16|#X64:/data/compiled/documents/w_quest.hdr
quest:QUEST_WEIDMANNX6_2016-03-09_09-34-51_00|f6edcc53|#X64:/data/compiled/documents/w_quest.hdr
quest:QUEST_WEIDMANNX6_2016-03-09_09-35-01_00|438d8e8f|#X64:/data/compiled/documents/w_quest.hdr
quest:QUEST_WEIDMANNX6_2016-03-09_09-35-10_00|439f1aaf|#X64:/data/compiled/documents/w_quest.hdr
quest:QUEST_WEIDMANNX6_2016-03-09_09-35-21_00|43b1bf91|#X64:/data/compiled/documents/w_quest.hdr
quest:QUEST_WEIDMANNX6_2016-03-09_09-35-34_00|43c57d35|#X64:/data/compiled/documents/w_quest.hdr
